"../../../Engine/Content/EditorResources/S_Actor.ubulk" 0
"../../../Engine/Content/EditorResources/S_Actor.uasset" 1
"../../../Engine/Content/EditorResources/S_Actor.uexp" 2
"../../../Engine/Content/EditorResources/S_BoxReflectionCapture.uasset" 3
"../../../Engine/Content/EditorResources/S_BoxReflectionCapture.uexp" 4
"../../../Engine/Content/EngineResources/DefaultTextureCube.uasset" 5
"../../../Engine/Content/EngineResources/DefaultTextureCube.uexp" 6
"../../../Engine/Content/EngineResources/DefaultVolumeTexture2D.uasset" 7
"../../../Engine/Content/EngineResources/DefaultVolumeTexture2D.uexp" 8
"../../../Engine/Content/EngineResources/DefaultVolumeTexture.uasset" 9
"../../../Engine/Content/EngineResources/DefaultVolumeTexture.uexp" 10
"../../../Engine/Content/EditorResources/S_Trigger.ubulk" 11
"../../../Engine/Content/EditorResources/S_Trigger.uasset" 12
"../../../Engine/Content/EditorResources/S_Trigger.uexp" 13
"../../../Engine/Content/EditorResources/S_TriggerBox.uasset" 14
"../../../Engine/Content/EditorResources/S_TriggerBox.uexp" 15
"../../../Engine/Content/EditorResources/S_TriggerCapsule.uasset" 16
"../../../Engine/Content/EditorResources/S_TriggerCapsule.uexp" 17
"../../../Engine/Content/EditorResources/S_TriggerSphere.uasset" 18
"../../../Engine/Content/EditorResources/S_TriggerSphere.uexp" 19
"../../../Engine/Content/EngineMeshes/Sphere.ubulk" 20
"../../../Engine/Content/EngineMeshes/Sphere.uasset" 21
"../../../Engine/Content/EngineMeshes/Sphere.uexp" 22
"../../../Engine/Content/EngineResources/GradientTexture0.uasset" 23
"../../../Engine/Content/EngineResources/GradientTexture0.uexp" 24
"../../../Engine/Content/EngineResources/Black.uasset" 25
"../../../Engine/Content/EngineResources/Black.uexp" 26
"../../../Engine/Content/VREditor/LaserPointer/VR_LaserPower_01.ubulk" 27
"../../../Engine/Content/VREditor/LaserPointer/VR_LaserPower_01.uasset" 28
"../../../Engine/Content/VREditor/LaserPointer/VR_LaserPower_01.uexp" 29
"../../../Engine/Content/VREditor/TransformGizmo/TransformGizmoMaterial.uasset" 30
"../../../Engine/Content/VREditor/TransformGizmo/TransformGizmoMaterial.uexp" 31
"../../../Engine/Content/VREditor/TransformGizmo/TranslucentTransformGizmoMaterial.uasset" 32
"../../../Engine/Content/VREditor/TransformGizmo/TranslucentTransformGizmoMaterial.uexp" 33
"../../../Engine/Content/VREditor/TransformGizmo/BoundingBoxCorner.ubulk" 34
"../../../Engine/Content/VREditor/TransformGizmo/BoundingBoxCorner.uasset" 35
"../../../Engine/Content/VREditor/TransformGizmo/BoundingBoxCorner.uexp" 36
"../../../Engine/Content/VREditor/TransformGizmo/BoundingBoxEdge.ubulk" 37
"../../../Engine/Content/VREditor/TransformGizmo/BoundingBoxEdge.uasset" 38
"../../../Engine/Content/VREditor/TransformGizmo/BoundingBoxEdge.uexp" 39
"../../../Engine/Content/VREditor/TransformGizmo/Main.uasset" 40
"../../../Engine/Content/VREditor/TransformGizmo/Main.uexp" 41
"../../../Engine/Content/VREditor/TransformGizmo/Xray.uasset" 42
"../../../Engine/Content/VREditor/TransformGizmo/Xray.uexp" 43
"../../../Engine/Content/VREditor/TransformGizmo/SM_Sequencer_Node.ubulk" 44
"../../../Engine/Content/VREditor/TransformGizmo/SM_Sequencer_Node.uasset" 45
"../../../Engine/Content/VREditor/TransformGizmo/SM_Sequencer_Node.uexp" 46
"../../../Engine/Content/EditorResources/S_Solver.ubulk" 47
"../../../Engine/Content/EditorResources/S_Solver.uasset" 48
"../../../Engine/Content/EditorResources/S_Solver.uexp" 49
"../../../Engine/Content/EditorMaterials/Camera/CineMat.uasset" 50
"../../../Engine/Content/EditorMaterials/Camera/CineMat.uexp" 51
"../../../Engine/Content/EditorMaterials/Camera/MI_CineMat_Rig.uasset" 52
"../../../Engine/Content/EditorMaterials/Camera/MI_CineMat_Rig.uexp" 53
"../../../Engine/Content/EditorMeshes/Camera/SM_CraneRig_Base.ubulk" 54
"../../../Engine/Content/EditorMeshes/Camera/SM_CraneRig_Base.uasset" 55
"../../../Engine/Content/EditorMeshes/Camera/SM_CraneRig_Base.uexp" 56
"../../../Engine/Content/EditorMeshes/Camera/SM_CraneRig_Arm.ubulk" 57
"../../../Engine/Content/EditorMeshes/Camera/SM_CraneRig_Arm.uasset" 58
"../../../Engine/Content/EditorMeshes/Camera/SM_CraneRig_Arm.uexp" 59
"../../../Engine/Content/EditorMeshes/Camera/SM_CraneRig_Mount.ubulk" 60
"../../../Engine/Content/EditorMeshes/Camera/SM_CraneRig_Mount.uasset" 61
"../../../Engine/Content/EditorMeshes/Camera/SM_CraneRig_Mount.uexp" 62
"../../../Engine/Content/EditorMeshes/Camera/SM_CraneRig_Body.ubulk" 63
"../../../Engine/Content/EditorMeshes/Camera/SM_CraneRig_Body.uasset" 64
"../../../Engine/Content/EditorMeshes/Camera/SM_CraneRig_Body.uexp" 65
"../../../Engine/Content/EditorMeshes/Camera/SM_RailRig_Track.ubulk" 66
"../../../Engine/Content/EditorMeshes/Camera/SM_RailRig_Track.uasset" 67
"../../../Engine/Content/EditorMeshes/Camera/SM_RailRig_Track.uexp" 68
"../../../Engine/Content/EditorMeshes/Camera/SM_RailRig_Mount.ubulk" 69
"../../../Engine/Content/EditorMeshes/Camera/SM_RailRig_Mount.uasset" 70
"../../../Engine/Content/EditorMeshes/Camera/SM_RailRig_Mount.uexp" 71
"../../../Engine/Content/EngineMaterials/T_Default_Material_Grid_M.ubulk" 72
"../../../Engine/Content/EngineMaterials/T_Default_Material_Grid_M.uasset" 73
"../../../Engine/Content/EngineMaterials/T_Default_Material_Grid_M.uexp" 74
"../../../Engine/Content/EngineMaterials/T_Default_Material_Grid_N.ubulk" 75
"../../../Engine/Content/EngineMaterials/T_Default_Material_Grid_N.uasset" 76
"../../../Engine/Content/EngineMaterials/T_Default_Material_Grid_N.uexp" 77
"../../../Engine/Content/Functions/Engine_MaterialFunctions01/Opacity/CameraDepthFade.uasset" 78
"../../../Engine/Content/Functions/Engine_MaterialFunctions01/Opacity/CameraDepthFade.uexp" 79
"../../../Engine/Content/EngineMaterials/WorldGridMaterial.uasset" 80
"../../../Engine/Content/EngineMaterials/WorldGridMaterial.uexp" 81
"../../../Engine/Content/ArtTools/RenderToTexture/Meshes/S_1_Unit_Plane.ubulk" 82
"../../../Engine/Content/ArtTools/RenderToTexture/Meshes/S_1_Unit_Plane.uasset" 83
"../../../Engine/Content/ArtTools/RenderToTexture/Meshes/S_1_Unit_Plane.uexp" 84
"../../../Engine/Content/EditorMaterials/ParticleSystems/PSysThumbnail_NoImage.ubulk" 85
"../../../Engine/Content/EditorMaterials/ParticleSystems/PSysThumbnail_NoImage.uasset" 86
"../../../Engine/Content/EditorMaterials/ParticleSystems/PSysThumbnail_NoImage.uexp" 87
"../../../Engine/Content/EditorMaterials/ParticleSystems/PSysThumbnail_OOD.ubulk" 88
"../../../Engine/Content/EditorMaterials/ParticleSystems/PSysThumbnail_OOD.uasset" 89
"../../../Engine/Content/EditorMaterials/ParticleSystems/PSysThumbnail_OOD.uexp" 90
"../../../Engine/Content/EditorLandscapeResources/SplineEditorMeshMat.uasset" 91
"../../../Engine/Content/EditorLandscapeResources/SplineEditorMeshMat.uexp" 92
"../../../Engine/Content/EditorLandscapeResources/SplineEditorMesh.ubulk" 93
"../../../Engine/Content/EditorLandscapeResources/SplineEditorMesh.uasset" 94
"../../../Engine/Content/EditorLandscapeResources/SplineEditorMesh.uexp" 95
"../../../Engine/Plugins/Media/MediaPlate/Content/SM_MediaPlateScreen.ubulk" 96
"../../../Engine/Plugins/Media/MediaPlate/Content/SM_MediaPlateScreen.uasset" 97
"../../../Engine/Plugins/Media/MediaPlate/Content/SM_MediaPlateScreen.uexp" 98
"../../../Engine/Content/EngineMaterials/DefaultBokeh.uasset" 99
"../../../Engine/Content/EngineMaterials/DefaultBokeh.uexp" 100
"../../../Engine/Content/EngineMaterials/MiniFont.uasset" 101
"../../../Engine/Content/EngineMaterials/MiniFont.uexp" 102
"../../../Engine/Content/EngineMaterials/WeightMapPlaceholderTexture.uasset" 103
"../../../Engine/Content/EngineMaterials/WeightMapPlaceholderTexture.uexp" 104
"../../../Engine/Content/EngineMaterials/WeightMapArrayPlaceholderTexture.uasset" 105
"../../../Engine/Content/EngineMaterials/WeightMapArrayPlaceholderTexture.uexp" 106
"../../../Engine/Content/EngineMaterials/DefaultWhiteGrid.ubulk" 107
"../../../Engine/Content/EngineMaterials/DefaultWhiteGrid.uasset" 108
"../../../Engine/Content/EngineMaterials/DefaultWhiteGrid.uexp" 109
"../../../Engine/Content/EngineMaterials/PreintegratedSkinBRDF.uasset" 110
"../../../Engine/Content/EngineMaterials/PreintegratedSkinBRDF.uexp" 111
"../../../Engine/Plugins/Runtime/MeshModelingToolset/Content/Materials/M_DynamicMeshComponentVtxColor.uasset" 112
"../../../Engine/Plugins/Runtime/MeshModelingToolset/Content/Materials/M_DynamicMeshComponentVtxColor.uexp" 113
"../../../Engine/Plugins/Interchange/Runtime/Content/Pipelines/DefaultTexturePipeline.uasset" 114
"../../../Engine/Plugins/Interchange/Runtime/Content/Pipelines/DefaultTexturePipeline.uexp" 115
"../../../Engine/Plugins/Interchange/Runtime/Content/Pipelines/DefaultSceneLevelPipeline.uasset" 116
"../../../Engine/Plugins/Interchange/Runtime/Content/Pipelines/DefaultSceneLevelPipeline.uexp" 117
"../../../Engine/Plugins/Interchange/Runtime/Content/Pipelines/DefaultSceneAssetsPipeline.uasset" 118
"../../../Engine/Plugins/Interchange/Runtime/Content/Pipelines/DefaultSceneAssetsPipeline.uexp" 119
"../../../Engine/Plugins/Interchange/Runtime/Content/Pipelines/DefaultMaterialXPipeline.uasset" 120
"../../../Engine/Plugins/Interchange/Runtime/Content/Pipelines/DefaultMaterialXPipeline.uexp" 121
"../../../Engine/Plugins/Interchange/Runtime/Content/Pipelines/DefaultMaterialPipeline.uasset" 122
"../../../Engine/Plugins/Interchange/Runtime/Content/Pipelines/DefaultMaterialPipeline.uexp" 123
"../../../Engine/Plugins/Interchange/Runtime/Content/Pipelines/DefaultGLTFSceneAssetsPipeline.uasset" 124
"../../../Engine/Plugins/Interchange/Runtime/Content/Pipelines/DefaultGLTFSceneAssetsPipeline.uexp" 125
"../../../Engine/Plugins/Interchange/Runtime/Content/Pipelines/DefaultGLTFPipeline.uasset" 126
"../../../Engine/Plugins/Interchange/Runtime/Content/Pipelines/DefaultGLTFPipeline.uexp" 127
"../../../Engine/Plugins/Interchange/Runtime/Content/Pipelines/DefaultGLTFAssetsPipeline.uasset" 128
"../../../Engine/Plugins/Interchange/Runtime/Content/Pipelines/DefaultGLTFAssetsPipeline.uexp" 129
"../../../Engine/Plugins/Interchange/Runtime/Content/Pipelines/DefaultAssetsPipeline.uasset" 130
"../../../Engine/Plugins/Interchange/Runtime/Content/Pipelines/DefaultAssetsPipeline.uexp" 131
"../../../Engine/Plugins/Interchange/Runtime/Content/Functions/MX_UsdPreviewSurface.uasset" 132
"../../../Engine/Plugins/Interchange/Runtime/Content/Functions/MX_UsdPreviewSurface.uexp" 133
"../../../Engine/Plugins/Interchange/Runtime/Content/Functions/MX_UniformEDF.uasset" 134
"../../../Engine/Plugins/Interchange/Runtime/Content/Functions/MX_UniformEDF.uexp" 135
"../../../Engine/Plugins/Interchange/Runtime/Content/Functions/MX_TranslucentBSDF.uasset" 136
"../../../Engine/Plugins/Interchange/Runtime/Content/Functions/MX_TranslucentBSDF.uexp" 137
"../../../Engine/Plugins/Interchange/Runtime/Content/Functions/MX_ThinFilmBSDF.uasset" 138
"../../../Engine/Plugins/Interchange/Runtime/Content/Functions/MX_ThinFilmBSDF.uexp" 139
"../../../Engine/Plugins/Interchange/Runtime/Content/Functions/MX_SurfaceUnlit.uasset" 140
"../../../Engine/Plugins/Interchange/Runtime/Content/Functions/MX_SurfaceUnlit.uexp" 141
"../../../Engine/Plugins/Interchange/Runtime/Content/Functions/MX_Surface.uasset" 142
"../../../Engine/Plugins/Interchange/Runtime/Content/Functions/MX_Surface.uexp" 143
"../../../Engine/Plugins/Interchange/Runtime/Content/Functions/MX_SubsurfaceBSDF.uasset" 144
"../../../Engine/Plugins/Interchange/Runtime/Content/Functions/MX_SubsurfaceBSDF.uexp" 145
"../../../Engine/Plugins/Interchange/Runtime/Content/Functions/MX_SheenBSDF.uasset" 146
"../../../Engine/Plugins/Interchange/Runtime/Content/Functions/MX_SheenBSDF.uexp" 147
"../../../Engine/Plugins/Interchange/Runtime/Content/Functions/MX_OrenNayarBSDF.uasset" 148
"../../../Engine/Plugins/Interchange/Runtime/Content/Functions/MX_OrenNayarBSDF.uexp" 149
"../../../Engine/Content/Functions/Engine_MaterialFunctions02/Utility/CameraDirectionVector.uasset" 150
"../../../Engine/Content/Functions/Engine_MaterialFunctions02/Utility/CameraDirectionVector.uexp" 151
"../../../Engine/Content/Functions/Engine_MaterialFunctions01/Volumetrics/BeersLaw.uasset" 152
"../../../Engine/Content/Functions/Engine_MaterialFunctions01/Volumetrics/BeersLaw.uexp" 153
"../../../Engine/Content/EngineMaterials/Good64x64TilingNoiseHighFreq.uasset" 154
"../../../Engine/Content/EngineMaterials/Good64x64TilingNoiseHighFreq.uexp" 155
"../../../Engine/Content/Functions/Engine_MaterialFunctions02/Texturing/ScreenAlignedPixelToPixelUVs.uasset" 156
"../../../Engine/Content/Functions/Engine_MaterialFunctions02/Texturing/ScreenAlignedPixelToPixelUVs.uexp" 157
"../../../Engine/Plugins/Interchange/Runtime/Content/gltf/MaterialFunctions/MF_Temporal_Blur.uasset" 158
"../../../Engine/Plugins/Interchange/Runtime/Content/gltf/MaterialFunctions/MF_Temporal_Blur.uexp" 159
"../../../Engine/Plugins/Interchange/Runtime/Content/gltf/MaterialFunctions/MF_Fresnel_DS.uasset" 160
"../../../Engine/Plugins/Interchange/Runtime/Content/gltf/MaterialFunctions/MF_Fresnel_DS.uexp" 161
"../../../Engine/Content/Functions/Engine_MaterialFunctions02/Utility/BreakOutFloat3Components.uasset" 162
"../../../Engine/Content/Functions/Engine_MaterialFunctions02/Utility/BreakOutFloat3Components.uexp" 163
"../../../Engine/Plugins/Interchange/Runtime/Content/Functions/MX_Transmission.uasset" 164
"../../../Engine/Plugins/Interchange/Runtime/Content/Functions/MX_Transmission.uexp" 165
"../../../Engine/Plugins/Interchange/Runtime/Content/Functions/MF_OrenNayerView.uasset" 166
"../../../Engine/Plugins/Interchange/Runtime/Content/Functions/MF_OrenNayerView.uexp" 167
"../../../Engine/Plugins/Interchange/Runtime/Content/Functions/MF_SchlickApprox.uasset" 168
"../../../Engine/Plugins/Interchange/Runtime/Content/Functions/MF_SchlickApprox.uexp" 169
"../../../Engine/Plugins/Interchange/Runtime/Content/Utilities/New_LUT.uasset" 170
"../../../Engine/Plugins/Interchange/Runtime/Content/Utilities/New_LUT.uexp" 171
"../../../Engine/Content/Functions/Engine_MaterialFunctions03/Math/RemapValueRange.uasset" 172
"../../../Engine/Content/Functions/Engine_MaterialFunctions03/Math/RemapValueRange.uexp" 173
"../../../Engine/Plugins/Interchange/Runtime/Content/Functions/MF_Iridescence.uasset" 174
"../../../Engine/Plugins/Interchange/Runtime/Content/Functions/MF_Iridescence.uexp" 175
"../../../Engine/Plugins/Interchange/Runtime/Content/Functions/MX_StandardSurface.uasset" 176
"../../../Engine/Plugins/Interchange/Runtime/Content/Functions/MX_StandardSurface.uexp" 177
"../../../Engine/Plugins/Interchange/Runtime/Content/Functions/MX_TransmissionSurface.uasset" 178
"../../../Engine/Plugins/Interchange/Runtime/Content/Functions/MX_TransmissionSurface.uexp" 179
"../../../Engine/Plugins/Interchange/Runtime/Content/Functions/MX_OpenPBR_Translucent.uasset" 180
"../../../Engine/Plugins/Interchange/Runtime/Content/Functions/MX_OpenPBR_Translucent.uexp" 181
"../../../Engine/Plugins/Interchange/Runtime/Content/Functions/MX_OpenPBR_Opaque.uasset" 182
"../../../Engine/Plugins/Interchange/Runtime/Content/Functions/MX_OpenPBR_Opaque.uexp" 183
"../../../Engine/Plugins/Interchange/Runtime/Content/Functions/MX_MeasuredEDF.uasset" 184
"../../../Engine/Plugins/Interchange/Runtime/Content/Functions/MX_MeasuredEDF.uexp" 185
"../../../Engine/Plugins/Interchange/Runtime/Content/Functions/MX_GeneralizedSchlickBSDF.uasset" 186
"../../../Engine/Plugins/Interchange/Runtime/Content/Functions/MX_GeneralizedSchlickBSDF.uexp" 187
"../../../Engine/Plugins/Interchange/Runtime/Content/Functions/MX_DielectricBSDF.uasset" 188
"../../../Engine/Plugins/Interchange/Runtime/Content/Functions/MX_DielectricBSDF.uexp" 189
"../../../Engine/Plugins/Interchange/Runtime/Content/Functions/MX_ConicalEDF.uasset" 190
"../../../Engine/Plugins/Interchange/Runtime/Content/Functions/MX_ConicalEDF.uexp" 191
"../../../Engine/Plugins/Interchange/Runtime/Content/Functions/MX_ConductorBSDF.uasset" 192
"../../../Engine/Plugins/Interchange/Runtime/Content/Functions/MX_ConductorBSDF.uexp" 193
"../../../Engine/Plugins/Interchange/Runtime/Content/Functions/MX_BurleyDiffuseBSDF.uasset" 194
"../../../Engine/Plugins/Interchange/Runtime/Content/Functions/MX_BurleyDiffuseBSDF.uexp" 195
"../../../Engine/Plugins/Interchange/Runtime/Content/Functions/MX_AnisotropicVDF.uasset" 196
"../../../Engine/Plugins/Interchange/Runtime/Content/Functions/MX_AnisotropicVDF.uexp" 197
"../../../Engine/Plugins/Interchange/Runtime/Content/Functions/MX_AbsorptionVDF.uasset" 198
"../../../Engine/Plugins/Interchange/Runtime/Content/Functions/MX_AbsorptionVDF.uexp" 199
"../../../Engine/Plugins/FX/NiagaraFluids/Content/NDC_Grid3D_Gas.uasset" 200
"../../../Engine/Plugins/FX/NiagaraFluids/Content/NDC_Grid3D_Gas.uexp" 201
"../../../Engine/Plugins/Editor/SpeedTreeImporter/Content/SpeedTree9/game_wind_noise.ubulk" 202
"../../../Engine/Plugins/Editor/SpeedTreeImporter/Content/SpeedTree9/game_wind_noise.uasset" 203
"../../../Engine/Plugins/Editor/SpeedTreeImporter/Content/SpeedTree9/game_wind_noise.uexp" 204
"../../../Engine/Plugins/Editor/SpeedTreeImporter/Content/SpeedTree9/UnpackDirection.uasset" 205
"../../../Engine/Plugins/Editor/SpeedTreeImporter/Content/SpeedTree9/UnpackDirection.uexp" 206
"../../../Engine/Content/Functions/Engine_MaterialFunctions02/ObjectLocalBounds.uasset" 207
"../../../Engine/Content/Functions/Engine_MaterialFunctions02/ObjectLocalBounds.uexp" 208
"../../../Engine/Content/Functions/Engine_MaterialFunctions02/UVs/BoundingBoxBased_0-1_UVW.uasset" 209
"../../../Engine/Content/Functions/Engine_MaterialFunctions02/UVs/BoundingBoxBased_0-1_UVW.uexp" 210
"../../../Engine/Content/Functions/Engine_MaterialFunctions02/Utility/VectorLength.uasset" 211
"../../../Engine/Content/Functions/Engine_MaterialFunctions02/Utility/VectorLength.uexp" 212
"../../../Engine/Plugins/Editor/SpeedTreeImporter/Content/SpeedTree9/UnpackInteger3.uasset" 213
"../../../Engine/Plugins/Editor/SpeedTreeImporter/Content/SpeedTree9/UnpackInteger3.uexp" 214
"../../../Engine/Plugins/Editor/SpeedTreeImporter/Content/SpeedTree9/SpeedTreeCameraFacing.uasset" 215
"../../../Engine/Plugins/Editor/SpeedTreeImporter/Content/SpeedTree9/SpeedTreeCameraFacing.uexp" 216
"../../../Engine/Content/Functions/Engine_MaterialFunctions02/WorldPositionOffset/ObjectScale.uasset" 217
"../../../Engine/Content/Functions/Engine_MaterialFunctions02/WorldPositionOffset/ObjectScale.uexp" 218
"../../../Engine/Content/Functions/Engine_MaterialFunctions02/SafeNormalize.uasset" 219
"../../../Engine/Content/Functions/Engine_MaterialFunctions02/SafeNormalize.uexp" 220
"../../../Engine/Plugins/Editor/SpeedTreeImporter/Content/SpeedTree9/SpeedTreeWindMotion.uasset" 221
"../../../Engine/Plugins/Editor/SpeedTreeImporter/Content/SpeedTree9/SpeedTreeWindMotion.uexp" 222
"../../../Engine/Plugins/Editor/SpeedTreeImporter/Content/SpeedTree9/SpeedTreeBranchMotion.uasset" 223
"../../../Engine/Plugins/Editor/SpeedTreeImporter/Content/SpeedTree9/SpeedTreeBranchMotion.uexp" 224
"../../../Engine/Plugins/Editor/SpeedTreeImporter/Content/SpeedTree9/SpeedTreeWind.uasset" 225
"../../../Engine/Plugins/Editor/SpeedTreeImporter/Content/SpeedTree9/SpeedTreeWind.uexp" 226
"../../../Engine/Plugins/Editor/SpeedTreeImporter/Content/SpeedTree9/EmptyNormal.uasset" 227
"../../../Engine/Plugins/Editor/SpeedTreeImporter/Content/SpeedTree9/EmptyNormal.uexp" 228
"../../../Engine/Plugins/Editor/SpeedTreeImporter/Content/SpeedTree9/Empty.uasset" 229
"../../../Engine/Plugins/Editor/SpeedTreeImporter/Content/SpeedTree9/Empty.uexp" 230
"../../../Engine/Plugins/Editor/SpeedTreeImporter/Content/SpeedTree9/SpeedTreeMaster.uasset" 231
"../../../Engine/Plugins/Editor/SpeedTreeImporter/Content/SpeedTree9/SpeedTreeMaster.uexp" 232
"../../../Engine/Plugins/Editor/SpeedTreeImporter/Content/SpeedTree9/SpeedTreeBillboard.uasset" 233
"../../../Engine/Plugins/Editor/SpeedTreeImporter/Content/SpeedTree9/SpeedTreeBillboard.uexp" 234
"../../../Engine/Plugins/Editor/SpeedTreeImporter/Content/SpeedTree9/SpeedTreeBillboardMaster.uasset" 235
"../../../Engine/Plugins/Editor/SpeedTreeImporter/Content/SpeedTree9/SpeedTreeBillboardMaster.uexp" 236
"../../../Engine/Content/Functions/Engine_MaterialFunctions02/WorldPositionOffset/CameraOffset.uasset" 237
"../../../Engine/Content/Functions/Engine_MaterialFunctions02/WorldPositionOffset/CameraOffset.uexp" 238
"../../../Engine/Plugins/Animation/ControlRig/Content/M_Manip.uasset" 239
"../../../Engine/Plugins/Animation/ControlRig/Content/M_Manip.uexp" 240
"../../../Engine/Plugins/Animation/ControlRig/Content/Controls/ControlRig_Wedge_solid.ubulk" 241
"../../../Engine/Plugins/Animation/ControlRig/Content/Controls/ControlRig_Wedge_solid.uasset" 242
"../../../Engine/Plugins/Animation/ControlRig/Content/Controls/ControlRig_Wedge_solid.uexp" 243
"../../../Engine/Plugins/Animation/ControlRig/Content/Controls/ControlRig_Wedge_3mm.ubulk" 244
"../../../Engine/Plugins/Animation/ControlRig/Content/Controls/ControlRig_Wedge_3mm.uasset" 245
"../../../Engine/Plugins/Animation/ControlRig/Content/Controls/ControlRig_Wedge_3mm.uexp" 246
"../../../Engine/Plugins/Animation/ControlRig/Content/Controls/ControlRig_Wedge_1mm.ubulk" 247
"../../../Engine/Plugins/Animation/ControlRig/Content/Controls/ControlRig_Wedge_1mm.uasset" 248
"../../../Engine/Plugins/Animation/ControlRig/Content/Controls/ControlRig_Wedge_1mm.uexp" 249
"../../../Engine/Plugins/Animation/ControlRig/Content/Controls/ControlRig_Triangle_solid.ubulk" 250
"../../../Engine/Plugins/Animation/ControlRig/Content/Controls/ControlRig_Triangle_solid.uasset" 251
"../../../Engine/Plugins/Animation/ControlRig/Content/Controls/ControlRig_Triangle_solid.uexp" 252
"../../../Engine/Plugins/Animation/ControlRig/Content/Controls/ControlRig_Triangle_3mm.ubulk" 253
"../../../Engine/Plugins/Animation/ControlRig/Content/Controls/ControlRig_Triangle_3mm.uasset" 254
"../../../Engine/Plugins/Animation/ControlRig/Content/Controls/ControlRig_Triangle_3mm.uexp" 255
"../../../Engine/Plugins/Animation/ControlRig/Content/Controls/ControlRig_Triangle_1mm.ubulk" 256
"../../../Engine/Plugins/Animation/ControlRig/Content/Controls/ControlRig_Triangle_1mm.uasset" 257
"../../../Engine/Plugins/Animation/ControlRig/Content/Controls/ControlRig_Triangle_1mm.uexp" 258
"../../../Engine/Plugins/Animation/ControlRig/Content/Controls/ControlRig_Star4_solid.ubulk" 259
"../../../Engine/Plugins/Animation/ControlRig/Content/Controls/ControlRig_Star4_solid.uasset" 260
"../../../Engine/Plugins/Animation/ControlRig/Content/Controls/ControlRig_Star4_solid.uexp" 261
"../../../Engine/Plugins/Animation/ControlRig/Content/Controls/ControlRig_Star4_3mm.ubulk" 262
"../../../Engine/Plugins/Animation/ControlRig/Content/Controls/ControlRig_Star4_3mm.uasset" 263
"../../../Engine/Plugins/Animation/ControlRig/Content/Controls/ControlRig_Star4_3mm.uexp" 264
"../../../Engine/Plugins/Animation/ControlRig/Content/Controls/ControlRig_Star4_1mm.ubulk" 265
"../../../Engine/Plugins/Animation/ControlRig/Content/Controls/ControlRig_Star4_1mm.uasset" 266
"../../../Engine/Plugins/Animation/ControlRig/Content/Controls/ControlRig_Star4_1mm.uexp" 267
"../../../Engine/Plugins/Animation/ControlRig/Content/Controls/ControlRig_Square_solid.ubulk" 268
"../../../Engine/Plugins/Animation/ControlRig/Content/Controls/ControlRig_Square_solid.uasset" 269
"../../../Engine/Plugins/Animation/ControlRig/Content/Controls/ControlRig_Square_solid.uexp" 270
"../../../Engine/Plugins/Animation/ControlRig/Content/Controls/ControlRig_Square_3mm.ubulk" 271
"../../../Engine/Plugins/Animation/ControlRig/Content/Controls/ControlRig_Square_3mm.uasset" 272
"../../../Engine/Plugins/Animation/ControlRig/Content/Controls/ControlRig_Square_3mm.uexp" 273
"../../../Engine/Plugins/Animation/ControlRig/Content/Controls/ControlRig_Square_1mm.ubulk" 274
"../../../Engine/Plugins/Animation/ControlRig/Content/Controls/ControlRig_Square_1mm.uasset" 275
"../../../Engine/Plugins/Animation/ControlRig/Content/Controls/ControlRig_Square_1mm.uexp" 276
"../../../Engine/Plugins/Animation/ControlRig/Content/Controls/ControlRig_Sphere_solid.ubulk" 277
"../../../Engine/Plugins/Animation/ControlRig/Content/Controls/ControlRig_Sphere_solid.uasset" 278
"../../../Engine/Plugins/Animation/ControlRig/Content/Controls/ControlRig_Sphere_solid.uexp" 279
"../../../Engine/Plugins/Animation/ControlRig/Content/Controls/ControlRig_Sphere_3mm.ubulk" 280
"../../../Engine/Plugins/Animation/ControlRig/Content/Controls/ControlRig_Sphere_3mm.uasset" 281
"../../../Engine/Plugins/Animation/ControlRig/Content/Controls/ControlRig_Sphere_3mm.uexp" 282
"../../../Engine/Plugins/Animation/ControlRig/Content/Controls/ControlRig_Sphere_1mm.ubulk" 283
"../../../Engine/Plugins/Animation/ControlRig/Content/Controls/ControlRig_Sphere_1mm.uasset" 284
"../../../Engine/Plugins/Animation/ControlRig/Content/Controls/ControlRig_Sphere_1mm.uexp" 285
"../../../Engine/Plugins/Animation/ControlRig/Content/Controls/ControlRig_RoundedTriangle_solid.ubulk" 286
"../../../Engine/Plugins/Animation/ControlRig/Content/Controls/ControlRig_RoundedTriangle_solid.uasset" 287
"../../../Engine/Plugins/Animation/ControlRig/Content/Controls/ControlRig_RoundedTriangle_solid.uexp" 288
"../../../Engine/Plugins/Animation/ControlRig/Content/Controls/ControlRig_RoundedTriangle_3mm.ubulk" 289
"../../../Engine/Plugins/Animation/ControlRig/Content/Controls/ControlRig_RoundedTriangle_3mm.uasset" 290
"../../../Engine/Plugins/Animation/ControlRig/Content/Controls/ControlRig_RoundedTriangle_3mm.uexp" 291
"../../../Engine/Plugins/Animation/ControlRig/Content/Controls/ControlRig_RoundedTriangle_1mm.ubulk" 292
"../../../Engine/Plugins/Animation/ControlRig/Content/Controls/ControlRig_RoundedTriangle_1mm.uasset" 293
"../../../Engine/Plugins/Animation/ControlRig/Content/Controls/ControlRig_RoundedTriangle_1mm.uexp" 294
"../../../Engine/Plugins/Animation/ControlRig/Content/Controls/ControlRig_RoundedSquare_solid.ubulk" 295
"../../../Engine/Plugins/Animation/ControlRig/Content/Controls/ControlRig_RoundedSquare_solid.uasset" 296
"../../../Engine/Plugins/Animation/ControlRig/Content/Controls/ControlRig_RoundedSquare_solid.uexp" 297
"../../../Engine/Plugins/Animation/ControlRig/Content/Controls/ControlRig_RoundedSquare_3mm.ubulk" 298
"../../../Engine/Plugins/Animation/ControlRig/Content/Controls/ControlRig_RoundedSquare_3mm.uasset" 299
"../../../Engine/Plugins/Animation/ControlRig/Content/Controls/ControlRig_RoundedSquare_3mm.uexp" 300
"../../../Engine/Plugins/Animation/ControlRig/Content/Controls/ControlRig_RoundedSquare_1mm.ubulk" 301
"../../../Engine/Plugins/Animation/ControlRig/Content/Controls/ControlRig_RoundedSquare_1mm.uasset" 302
"../../../Engine/Plugins/Animation/ControlRig/Content/Controls/ControlRig_RoundedSquare_1mm.uexp" 303
"../../../Engine/Plugins/Animation/ControlRig/Content/Controls/ControlRig_QuarterCircle_solid.ubulk" 304
"../../../Engine/Plugins/Animation/ControlRig/Content/Controls/ControlRig_QuarterCircle_solid.uasset" 305
"../../../Engine/Plugins/Animation/ControlRig/Content/Controls/ControlRig_QuarterCircle_solid.uexp" 306
"../../../Engine/Plugins/Animation/ControlRig/Content/Controls/ControlRig_QuarterCircle_3mm.ubulk" 307
"../../../Engine/Plugins/Animation/ControlRig/Content/Controls/ControlRig_QuarterCircle_3mm.uasset" 308
"../../../Engine/Plugins/Animation/ControlRig/Content/Controls/ControlRig_QuarterCircle_3mm.uexp" 309
"../../../Engine/Plugins/Animation/ControlRig/Content/Controls/ControlRig_QuarterCircle_1mm.ubulk" 310
"../../../Engine/Plugins/Animation/ControlRig/Content/Controls/ControlRig_QuarterCircle_1mm.uasset" 311
"../../../Engine/Plugins/Animation/ControlRig/Content/Controls/ControlRig_QuarterCircle_1mm.uexp" 312
"../../../Engine/Plugins/Animation/ControlRig/Content/Controls/ControlRig_Pyramid_solid.ubulk" 313
"../../../Engine/Plugins/Animation/ControlRig/Content/Controls/ControlRig_Pyramid_solid.uasset" 314
"../../../Engine/Plugins/Animation/ControlRig/Content/Controls/ControlRig_Pyramid_solid.uexp" 315
"../../../Engine/Plugins/Animation/ControlRig/Content/Controls/ControlRig_Pyramid_3mm.ubulk" 316
"../../../Engine/Plugins/Animation/ControlRig/Content/Controls/ControlRig_Pyramid_3mm.uasset" 317
"../../../Engine/Plugins/Animation/ControlRig/Content/Controls/ControlRig_Pyramid_3mm.uexp" 318
"../../../Engine/Plugins/Animation/ControlRig/Content/Controls/ControlRig_Pyramid_1mm.ubulk" 319
"../../../Engine/Plugins/Animation/ControlRig/Content/Controls/ControlRig_Pyramid_1mm.uasset" 320
"../../../Engine/Plugins/Animation/ControlRig/Content/Controls/ControlRig_Pyramid_1mm.uexp" 321
"../../../Engine/Plugins/Animation/ControlRig/Content/Controls/ControlRig_Octagon_solid.ubulk" 322
"../../../Engine/Plugins/Animation/ControlRig/Content/Controls/ControlRig_Octagon_solid.uasset" 323
"../../../Engine/Plugins/Animation/ControlRig/Content/Controls/ControlRig_Octagon_solid.uexp" 324
"../../../Engine/Plugins/Animation/ControlRig/Content/Controls/ControlRig_Octagon_3mm.ubulk" 325
"../../../Engine/Plugins/Animation/ControlRig/Content/Controls/ControlRig_Octagon_3mm.uasset" 326
"../../../Engine/Plugins/Animation/ControlRig/Content/Controls/ControlRig_Octagon_3mm.uexp" 327
"../../../Engine/Plugins/Animation/ControlRig/Content/Controls/ControlRig_Octagon_1mm.ubulk" 328
"../../../Engine/Plugins/Animation/ControlRig/Content/Controls/ControlRig_Octagon_1mm.uasset" 329
"../../../Engine/Plugins/Animation/ControlRig/Content/Controls/ControlRig_Octagon_1mm.uexp" 330
"../../../Engine/Plugins/Animation/ControlRig/Content/Controls/ControlRig_Hexagon_solid.ubulk" 331
"../../../Engine/Plugins/Animation/ControlRig/Content/Controls/ControlRig_Hexagon_solid.uasset" 332
"../../../Engine/Plugins/Animation/ControlRig/Content/Controls/ControlRig_Hexagon_solid.uexp" 333
"../../../Engine/Plugins/Animation/ControlRig/Content/Controls/ControlRig_Hexagon_3mm.ubulk" 334
"../../../Engine/Plugins/Animation/ControlRig/Content/Controls/ControlRig_Hexagon_3mm.uasset" 335
"../../../Engine/Plugins/Animation/ControlRig/Content/Controls/ControlRig_Hexagon_3mm.uexp" 336
"../../../Engine/Plugins/Animation/ControlRig/Content/Controls/ControlRig_Hexagon_1mm.ubulk" 337
"../../../Engine/Plugins/Animation/ControlRig/Content/Controls/ControlRig_Hexagon_1mm.uasset" 338
"../../../Engine/Plugins/Animation/ControlRig/Content/Controls/ControlRig_Hexagon_1mm.uexp" 339
"../../../Engine/Plugins/Animation/ControlRig/Content/Controls/ControlRig_HalfCircle_solid.ubulk" 340
"../../../Engine/Plugins/Animation/ControlRig/Content/Controls/ControlRig_HalfCircle_solid.uasset" 341
"../../../Engine/Plugins/Animation/ControlRig/Content/Controls/ControlRig_HalfCircle_solid.uexp" 342
"../../../Engine/Plugins/Animation/ControlRig/Content/Controls/ControlRig_HalfCircle_3mm.ubulk" 343
"../../../Engine/Plugins/Animation/ControlRig/Content/Controls/ControlRig_HalfCircle_3mm.uasset" 344
"../../../Engine/Plugins/Animation/ControlRig/Content/Controls/ControlRig_HalfCircle_3mm.uexp" 345
"../../../Engine/Plugins/Animation/ControlRig/Content/Controls/ControlRig_HalfCircle_1mm.ubulk" 346
"../../../Engine/Plugins/Animation/ControlRig/Content/Controls/ControlRig_HalfCircle_1mm.uasset" 347
"../../../Engine/Plugins/Animation/ControlRig/Content/Controls/ControlRig_HalfCircle_1mm.uexp" 348
"../../../Engine/Plugins/Animation/ControlRig/Content/Controls/ControlRig_Diamond_solid.ubulk" 349
"../../../Engine/Plugins/Animation/ControlRig/Content/Controls/ControlRig_Diamond_solid.uasset" 350
"../../../Engine/Plugins/Animation/ControlRig/Content/Controls/ControlRig_Diamond_solid.uexp" 351
"../../../Engine/Plugins/Animation/ControlRig/Content/Controls/ControlRig_Diamond_3mm.ubulk" 352
"../../../Engine/Plugins/Animation/ControlRig/Content/Controls/ControlRig_Diamond_3mm.uasset" 353
"../../../Engine/Plugins/Animation/ControlRig/Content/Controls/ControlRig_Diamond_3mm.uexp" 354
"../../../Engine/Plugins/Animation/ControlRig/Content/Controls/ControlRig_Diamond_1mm.ubulk" 355
"../../../Engine/Plugins/Animation/ControlRig/Content/Controls/ControlRig_Diamond_1mm.uasset" 356
"../../../Engine/Plugins/Animation/ControlRig/Content/Controls/ControlRig_Diamond_1mm.uexp" 357
"../../../Engine/Plugins/Animation/ControlRig/Content/Controls/ControlRig_Circle_solid.ubulk" 358
"../../../Engine/Plugins/Animation/ControlRig/Content/Controls/ControlRig_Circle_solid.uasset" 359
"../../../Engine/Plugins/Animation/ControlRig/Content/Controls/ControlRig_Circle_solid.uexp" 360
"../../../Engine/Plugins/Animation/ControlRig/Content/Controls/ControlRig_Circle_3mm.ubulk" 361
"../../../Engine/Plugins/Animation/ControlRig/Content/Controls/ControlRig_Circle_3mm.uasset" 362
"../../../Engine/Plugins/Animation/ControlRig/Content/Controls/ControlRig_Circle_3mm.uexp" 363
"../../../Engine/Plugins/Animation/ControlRig/Content/Controls/ControlRig_Circle_1mm.ubulk" 364
"../../../Engine/Plugins/Animation/ControlRig/Content/Controls/ControlRig_Circle_1mm.uasset" 365
"../../../Engine/Plugins/Animation/ControlRig/Content/Controls/ControlRig_Circle_1mm.uexp" 366
"../../../Engine/Plugins/Animation/ControlRig/Content/Controls/ControlRig_Box_solid.ubulk" 367
"../../../Engine/Plugins/Animation/ControlRig/Content/Controls/ControlRig_Box_solid.uasset" 368
"../../../Engine/Plugins/Animation/ControlRig/Content/Controls/ControlRig_Box_solid.uexp" 369
"../../../Engine/Plugins/Animation/ControlRig/Content/Controls/ControlRig_Box_3mm.ubulk" 370
"../../../Engine/Plugins/Animation/ControlRig/Content/Controls/ControlRig_Box_3mm.uasset" 371
"../../../Engine/Plugins/Animation/ControlRig/Content/Controls/ControlRig_Box_3mm.uexp" 372
"../../../Engine/Plugins/Animation/ControlRig/Content/Controls/ControlRig_Box_1mm.ubulk" 373
"../../../Engine/Plugins/Animation/ControlRig/Content/Controls/ControlRig_Box_1mm.uasset" 374
"../../../Engine/Plugins/Animation/ControlRig/Content/Controls/ControlRig_Box_1mm.uexp" 375
"../../../Engine/Plugins/Animation/ControlRig/Content/Controls/ControlRig_Arrow_solid.ubulk" 376
"../../../Engine/Plugins/Animation/ControlRig/Content/Controls/ControlRig_Arrow_solid.uasset" 377
"../../../Engine/Plugins/Animation/ControlRig/Content/Controls/ControlRig_Arrow_solid.uexp" 378
"../../../Engine/Plugins/Animation/ControlRig/Content/Controls/ControlRig_Arrow_3mm.ubulk" 379
"../../../Engine/Plugins/Animation/ControlRig/Content/Controls/ControlRig_Arrow_3mm.uasset" 380
"../../../Engine/Plugins/Animation/ControlRig/Content/Controls/ControlRig_Arrow_3mm.uexp" 381
"../../../Engine/Plugins/Animation/ControlRig/Content/Controls/ControlRig_Arrow_1mm.ubulk" 382
"../../../Engine/Plugins/Animation/ControlRig/Content/Controls/ControlRig_Arrow_1mm.uasset" 383
"../../../Engine/Plugins/Animation/ControlRig/Content/Controls/ControlRig_Arrow_1mm.uexp" 384
"../../../Engine/Plugins/Animation/ControlRig/Content/Controls/ControlRig_Arrow4_solid.ubulk" 385
"../../../Engine/Plugins/Animation/ControlRig/Content/Controls/ControlRig_Arrow4_solid.uasset" 386
"../../../Engine/Plugins/Animation/ControlRig/Content/Controls/ControlRig_Arrow4_solid.uexp" 387
"../../../Engine/Plugins/Animation/ControlRig/Content/Controls/ControlRig_Arrow4_3mm.ubulk" 388
"../../../Engine/Plugins/Animation/ControlRig/Content/Controls/ControlRig_Arrow4_3mm.uasset" 389
"../../../Engine/Plugins/Animation/ControlRig/Content/Controls/ControlRig_Arrow4_3mm.uexp" 390
"../../../Engine/Plugins/Animation/ControlRig/Content/Controls/ControlRig_Arrow4_1mm.ubulk" 391
"../../../Engine/Plugins/Animation/ControlRig/Content/Controls/ControlRig_Arrow4_1mm.uasset" 392
"../../../Engine/Plugins/Animation/ControlRig/Content/Controls/ControlRig_Arrow4_1mm.uexp" 393
"../../../Engine/Plugins/Animation/ControlRig/Content/Controls/ControlRig_Arrow2_solid.ubulk" 394
"../../../Engine/Plugins/Animation/ControlRig/Content/Controls/ControlRig_Arrow2_solid.uasset" 395
"../../../Engine/Plugins/Animation/ControlRig/Content/Controls/ControlRig_Arrow2_solid.uexp" 396
"../../../Engine/Plugins/Animation/ControlRig/Content/Controls/ControlRig_Arrow2_3mm.ubulk" 397
"../../../Engine/Plugins/Animation/ControlRig/Content/Controls/ControlRig_Arrow2_3mm.uasset" 398
"../../../Engine/Plugins/Animation/ControlRig/Content/Controls/ControlRig_Arrow2_3mm.uexp" 399
"../../../Engine/Plugins/Animation/ControlRig/Content/Controls/ControlRig_Arrow2_1mm.ubulk" 400
"../../../Engine/Plugins/Animation/ControlRig/Content/Controls/ControlRig_Arrow2_1mm.uasset" 401
"../../../Engine/Plugins/Animation/ControlRig/Content/Controls/ControlRig_Arrow2_1mm.uexp" 402
"../../../Engine/Plugins/Animation/ControlRig/Content/Controls/ControlRigXRayMaterial.uasset" 403
"../../../Engine/Plugins/Animation/ControlRig/Content/Controls/ControlRigXRayMaterial.uexp" 404
"../../../Engine/Plugins/Animation/ControlRig/Content/Controls/ControlRigGizmoMaterial.uasset" 405
"../../../Engine/Plugins/Animation/ControlRig/Content/Controls/ControlRigGizmoMaterial.uexp" 406
"../../../Engine/Plugins/2D/Paper2D/Content/PlaceholderTextures/DummySpriteTexture.ubulk" 407
"../../../Engine/Plugins/2D/Paper2D/Content/PlaceholderTextures/DummySpriteTexture.uasset" 408
"../../../Engine/Plugins/2D/Paper2D/Content/PlaceholderTextures/DummySpriteTexture.uexp" 409
"../../../Engine/Plugins/2D/Paper2D/Content/DefaultSpriteMaterial.uasset" 410
"../../../Engine/Plugins/2D/Paper2D/Content/DefaultSpriteMaterial.uexp" 411
"../../../Engine/Plugins/2D/Paper2D/Content/OpaqueUnlitSpriteMaterial.uasset" 412
"../../../Engine/Plugins/2D/Paper2D/Content/OpaqueUnlitSpriteMaterial.uexp" 413
"../../../Engine/Plugins/2D/Paper2D/Content/MaskedUnlitSpriteMaterial.uasset" 414
"../../../Engine/Plugins/2D/Paper2D/Content/MaskedUnlitSpriteMaterial.uexp" 415
"../../../Engine/Plugins/2D/Paper2D/Content/DummySprite.uasset" 416
"../../../Engine/Plugins/2D/Paper2D/Content/DummySprite.uexp" 417
"../../../Engine/Plugins/2D/Paper2D/Content/DefaultPaperTerrainMaterial.uasset" 418
"../../../Engine/Plugins/2D/Paper2D/Content/DefaultPaperTerrainMaterial.uexp" 419
"../../../Engine/Content/VREditor/TransformGizmo/StartRotationHandleIndicator.ubulk" 420
"../../../Engine/Content/VREditor/TransformGizmo/StartRotationHandleIndicator.uasset" 421
"../../../Engine/Content/VREditor/TransformGizmo/StartRotationHandleIndicator.uexp" 422
"../../../Engine/Content/VREditor/Sounds/UI/Drop_Item_From_ContentBrowser.ubulk" 423
"../../../Engine/Content/VREditor/Sounds/UI/Drop_Item_From_ContentBrowser.uasset" 424
"../../../Engine/Content/VREditor/Sounds/UI/Drop_Item_From_ContentBrowser.uexp" 425
"../../../Engine/Content/VREditor/TransformGizmo/PlaneTranslationHandle.ubulk" 426
"../../../Engine/Content/VREditor/TransformGizmo/PlaneTranslationHandle.uasset" 427
"../../../Engine/Content/VREditor/TransformGizmo/PlaneTranslationHandle.uexp" 428
"../../../Engine/Content/VREditor/Sounds/UI/Object_Snaps_To_Grid.ubulk" 429
"../../../Engine/Content/VREditor/Sounds/UI/Object_Snaps_To_Grid.uasset" 430
"../../../Engine/Content/VREditor/Sounds/UI/Object_Snaps_To_Grid.uexp" 431
"../../../Engine/Content/VREditor/Sounds/UI/Selection_Changes.ubulk" 432
"../../../Engine/Content/VREditor/Sounds/UI/Selection_Changes.uasset" 433
"../../../Engine/Content/VREditor/Sounds/UI/Selection_Changes.uexp" 434
"../../../Engine/Content/VREditor/Sounds/UI/Object_Snaps_To_Another_Actor.ubulk" 435
"../../../Engine/Content/VREditor/Sounds/UI/Object_Snaps_To_Another_Actor.uasset" 436
"../../../Engine/Content/VREditor/Sounds/UI/Object_Snaps_To_Another_Actor.uexp" 437
"../../../Engine/Content/VREditor/TransformGizmo/TranslucentTransformGizmoMaterial_Inst.uasset" 438
"../../../Engine/Content/VREditor/TransformGizmo/TranslucentTransformGizmoMaterial_Inst.uexp" 439
"../../../Engine/Content/VREditor/TransformGizmo/TransformGizmoFreeRotation.ubulk" 440
"../../../Engine/Content/VREditor/TransformGizmo/TransformGizmoFreeRotation.uasset" 441
"../../../Engine/Content/VREditor/TransformGizmo/TransformGizmoFreeRotation.uexp" 442
"../../../Engine/Content/VREditor/Sounds/UI/Scaling_Down.ubulk" 443
"../../../Engine/Content/VREditor/Sounds/UI/Scaling_Down.uasset" 444
"../../../Engine/Content/VREditor/Sounds/UI/Scaling_Down.uexp" 445
"../../../Engine/Content/Functions/Engine_MaterialFunctions02/Math/Transform3x3Matrix.uasset" 446
"../../../Engine/Content/Functions/Engine_MaterialFunctions02/Math/Transform3x3Matrix.uexp" 447
"../../../Engine/Content/Functions/Engine_MaterialFunctions02/SplitComponents.uasset" 448
"../../../Engine/Content/Functions/Engine_MaterialFunctions02/SplitComponents.uexp" 449
"../../../Engine/Content/Functions/Engine_MaterialFunctions02/Utility/MakeFloat3.uasset" 450
"../../../Engine/Content/Functions/Engine_MaterialFunctions02/Utility/MakeFloat3.uexp" 451
"../../../Engine/Content/VREditor/SnapGrid/SnapGridMaterial.uasset" 452
"../../../Engine/Content/VREditor/SnapGrid/SnapGridMaterial.uexp" 453
"../../../Engine/Content/VREditor/SnapGrid/SnapGridPlaneMesh.ubulk" 454
"../../../Engine/Content/VREditor/SnapGrid/SnapGridPlaneMesh.uasset" 455
"../../../Engine/Content/VREditor/SnapGrid/SnapGridPlaneMesh.uexp" 456
"../../../Engine/Content/VREditor/Sounds/UI/Scaling_Up.ubulk" 457
"../../../Engine/Content/VREditor/Sounds/UI/Scaling_Up.uasset" 458
"../../../Engine/Content/VREditor/Sounds/UI/Scaling_Up.uexp" 459
"../../../Engine/Content/VREditor/TransformGizmo/TransformGizmoMaterial_Inst.uasset" 460
"../../../Engine/Content/VREditor/TransformGizmo/TransformGizmoMaterial_Inst.uexp" 461
"../../../Engine/Content/VREditor/Sounds/UI/Gizmo_Handle_Clicked.ubulk" 462
"../../../Engine/Content/VREditor/Sounds/UI/Gizmo_Handle_Clicked.uasset" 463
"../../../Engine/Content/VREditor/Sounds/UI/Gizmo_Handle_Clicked.uexp" 464
"../../../Engine/Content/VREditor/TransformGizmo/RotationHandleQuarter.ubulk" 465
"../../../Engine/Content/VREditor/TransformGizmo/RotationHandleQuarter.uasset" 466
"../../../Engine/Content/VREditor/TransformGizmo/RotationHandleQuarter.uexp" 467
"../../../Engine/Content/VREditor/TransformGizmo/TranslateArrowHandle.ubulk" 468
"../../../Engine/Content/VREditor/TransformGizmo/TranslateArrowHandle.uasset" 469
"../../../Engine/Content/VREditor/TransformGizmo/TranslateArrowHandle.uexp" 470
"../../../Engine/Content/VREditor/TransformGizmo/RotationHandleIndicator.ubulk" 471
"../../../Engine/Content/VREditor/TransformGizmo/RotationHandleIndicator.uasset" 472
"../../../Engine/Content/VREditor/TransformGizmo/RotationHandleIndicator.uexp" 473
"../../../Engine/Content/VREditor/TransformGizmo/UniformScaleHandle.ubulk" 474
"../../../Engine/Content/VREditor/TransformGizmo/UniformScaleHandle.uasset" 475
"../../../Engine/Content/VREditor/TransformGizmo/UniformScaleHandle.uexp" 476
"../../../Engine/Content/VREditor/TransformGizmo/RotationHandleFull.ubulk" 477
"../../../Engine/Content/VREditor/TransformGizmo/RotationHandleFull.uasset" 478
"../../../Engine/Content/VREditor/TransformGizmo/RotationHandleFull.uexp" 479
"../../../Engine/Content/VREditor/Sounds/UI/Object_PickUp.ubulk" 480
"../../../Engine/Content/VREditor/Sounds/UI/Object_PickUp.uasset" 481
"../../../Engine/Content/VREditor/Sounds/UI/Object_PickUp.uexp" 482
"../../../Engine/Content/EngineSounds/Master.uasset" 483
"../../../Engine/Content/EngineSounds/Master.uexp" 484
"../../../Engine/Content/EngineResources/WhiteSquareTexture.uasset" 485
"../../../Engine/Content/EngineResources/WhiteSquareTexture.uexp" 486
"../../../Engine/Content/EngineMaterials/Widget3DPassThrough.uasset" 487
"../../../Engine/Content/EngineMaterials/Widget3DPassThrough.uexp" 488
"../../../Engine/Content/EngineMaterials/Widget3DPassThrough_Translucent.uasset" 489
"../../../Engine/Content/EngineMaterials/Widget3DPassThrough_Translucent.uexp" 490
"../../../Engine/Content/EngineMaterials/Widget3DPassThrough_Translucent_OneSided.uasset" 491
"../../../Engine/Content/EngineMaterials/Widget3DPassThrough_Translucent_OneSided.uexp" 492
"../../../Engine/Content/EngineMaterials/Widget3DPassThrough_Opaque.uasset" 493
"../../../Engine/Content/EngineMaterials/Widget3DPassThrough_Opaque.uexp" 494
"../../../Engine/Content/EngineMaterials/Widget3DPassThrough_Opaque_OneSided.uasset" 495
"../../../Engine/Content/EngineMaterials/Widget3DPassThrough_Opaque_OneSided.uexp" 496
"../../../Engine/Content/EngineMaterials/Widget3DPassThrough_Masked_OneSided.uasset" 497
"../../../Engine/Content/EngineMaterials/Widget3DPassThrough_Masked_OneSided.uexp" 498
"../../../Engine/Content/EngineMaterials/Widget3DPassThrough_Masked.uasset" 499
"../../../Engine/Content/EngineMaterials/Widget3DPassThrough_Masked.uexp" 500
"../../../Engine/Content/EngineMaterials/STBlueNoise_vec2_128x128x64.uasset" 501
"../../../Engine/Content/EngineMaterials/STBlueNoise_vec2_128x128x64.uexp" 502
"../../../Engine/Content/EngineMaterials/STBlueNoise_scalar_128x128x64.uasset" 503
"../../../Engine/Content/EngineMaterials/STBlueNoise_scalar_128x128x64.uexp" 504
"../../../Engine/Content/EngineMaterials/RemoveSurfaceMaterial.uasset" 505
"../../../Engine/Content/EngineMaterials/RemoveSurfaceMaterial.uexp" 506
"../../../Engine/Content/EngineMaterials/DefaultCalibrationGrayscale.uasset" 507
"../../../Engine/Content/EngineMaterials/DefaultCalibrationGrayscale.uexp" 508
"../../../Engine/Content/EngineMaterials/PPM_DefaultCalibrationGrayscale.uasset" 509
"../../../Engine/Content/EngineMaterials/PPM_DefaultCalibrationGrayscale.uexp" 510
"../../../Engine/Content/EngineMaterials/DefaultCalibrationColor.uasset" 511
"../../../Engine/Content/EngineMaterials/DefaultCalibrationColor.uexp" 512
"../../../Engine/Content/EngineMaterials/PPM_DefaultCalibrationColor.uasset" 513
"../../../Engine/Content/EngineMaterials/PPM_DefaultCalibrationColor.uexp" 514
"../../../Engine/Content/EngineMaterials/PhAT_JointLimitMaterial.uasset" 515
"../../../Engine/Content/EngineMaterials/PhAT_JointLimitMaterial.uexp" 516
"../../../Engine/Content/EngineMaterials/NaniteHiddenSectionMaterial.uasset" 517
"../../../Engine/Content/EngineMaterials/NaniteHiddenSectionMaterial.uexp" 518
"../../../Engine/Content/EngineMaterials/InvalidLightmapSettings.ubulk" 519
"../../../Engine/Content/EngineMaterials/InvalidLightmapSettings.uasset" 520
"../../../Engine/Content/EngineMaterials/InvalidLightmapSettings.uexp" 521
"../../../Engine/Content/EngineMaterials/M_InvalidLightmapSettings.uasset" 522
"../../../Engine/Content/EngineMaterials/M_InvalidLightmapSettings.uexp" 523
"../../../Engine/Content/EngineMaterials/GizmoMaterial.uasset" 524
"../../../Engine/Content/EngineMaterials/GizmoMaterial.uexp" 525
"../../../Engine/Content/EngineMaterials/BaseFlattenEmissiveMap_VT.uasset" 526
"../../../Engine/Content/EngineMaterials/BaseFlattenEmissiveMap_VT.uexp" 527
"../../../Engine/Content/EngineMaterials/BaseFlattenGrayscaleMap_VT.uasset" 528
"../../../Engine/Content/EngineMaterials/BaseFlattenGrayscaleMap_VT.uexp" 529
"../../../Engine/Content/EngineMaterials/BaseFlattenLinearColor_VT.uasset" 530
"../../../Engine/Content/EngineMaterials/BaseFlattenLinearColor_VT.uexp" 531
"../../../Engine/Content/EngineMaterials/Black_1x1_EXR_Texture_VT.uasset" 532
"../../../Engine/Content/EngineMaterials/Black_1x1_EXR_Texture_VT.uexp" 533
"../../../Engine/Content/EngineMaterials/BaseFlattenDiffuseMap_VT.uasset" 534
"../../../Engine/Content/EngineMaterials/BaseFlattenDiffuseMap_VT.uexp" 535
"../../../Engine/Content/EngineMaterials/BaseFlattenNormalMap_VT.uasset" 536
"../../../Engine/Content/EngineMaterials/BaseFlattenNormalMap_VT.uexp" 537
"../../../Engine/Content/EngineMaterials/FlattenMaterial_WS_Normal_VT.uasset" 538
"../../../Engine/Content/EngineMaterials/FlattenMaterial_WS_Normal_VT.uexp" 539
"../../../Engine/Content/EngineMaterials/FlattenMaterial_VT.uasset" 540
"../../../Engine/Content/EngineMaterials/FlattenMaterial_VT.uexp" 541
"../../../Engine/Content/EngineMaterials/BaseFlattenNormalMap.uasset" 542
"../../../Engine/Content/EngineMaterials/BaseFlattenNormalMap.uexp" 543
"../../../Engine/Content/EngineMaterials/BaseFlattenGrayscaleMap.uasset" 544
"../../../Engine/Content/EngineMaterials/BaseFlattenGrayscaleMap.uexp" 545
"../../../Engine/Content/EngineMaterials/BaseFlattenDiffuseMap.uasset" 546
"../../../Engine/Content/EngineMaterials/BaseFlattenDiffuseMap.uexp" 547
"../../../Engine/Content/Functions/Engine_MaterialFunctions02/PivotPainter2/Black_1x1_EXR_Texture.uasset" 548
"../../../Engine/Content/Functions/Engine_MaterialFunctions02/PivotPainter2/Black_1x1_EXR_Texture.uexp" 549
"../../../Engine/Content/EngineMaterials/BaseFlattenEmissiveMap.uasset" 550
"../../../Engine/Content/EngineMaterials/BaseFlattenEmissiveMap.uexp" 551
"../../../Engine/Content/EngineMaterials/BaseFlattenLinearColor.uasset" 552
"../../../Engine/Content/EngineMaterials/BaseFlattenLinearColor.uexp" 553
"../../../Engine/Content/EngineMaterials/FlattenMaterial.uasset" 554
"../../../Engine/Content/EngineMaterials/FlattenMaterial.uexp" 555
"../../../Engine/Content/EngineMaterials/DefaultWhiteGrid_Low.uasset" 556
"../../../Engine/Content/EngineMaterials/DefaultWhiteGrid_Low.uexp" 557
"../../../Engine/Content/EngineMaterials/EmissiveMeshMaterial.uasset" 558
"../../../Engine/Content/EngineMaterials/EmissiveMeshMaterial.uexp" 559
"../../../Engine/Content/EngineFonts/RobotoDistanceField.uasset" 560
"../../../Engine/Content/EngineFonts/RobotoDistanceField.uexp" 561
"../../../Engine/Content/EngineMaterials/DefaultTextMaterialOpaque.uasset" 562
"../../../Engine/Content/EngineMaterials/DefaultTextMaterialOpaque.uexp" 563
"../../../Engine/Content/EngineMaterials/DefaultDiffuse.ubulk" 564
"../../../Engine/Content/EngineMaterials/DefaultDiffuse.uasset" 565
"../../../Engine/Content/EngineMaterials/DefaultDiffuse.uexp" 566
"../../../Engine/Content/Functions/Engine_MaterialFunctions02/Utility/BreakOutFloat2Components.uasset" 567
"../../../Engine/Content/Functions/Engine_MaterialFunctions02/Utility/BreakOutFloat2Components.uexp" 568
"../../../Engine/Content/EngineMaterials/DefaultPostProcessMaterial.uasset" 569
"../../../Engine/Content/EngineMaterials/DefaultPostProcessMaterial.uexp" 570
"../../../Engine/Content/EngineMaterials/DefaultLightFunctionMaterial.uasset" 571
"../../../Engine/Content/EngineMaterials/DefaultLightFunctionMaterial.uexp" 572
"../../../Engine/Content/EngineMaterials/DefaultDestructiblePhysicalMaterial.uasset" 573
"../../../Engine/Content/EngineMaterials/DefaultDestructiblePhysicalMaterial.uexp" 574
"../../../Engine/Content/EngineMaterials/DefaultDeferredDecalMaterial.uasset" 575
"../../../Engine/Content/EngineMaterials/DefaultDeferredDecalMaterial.uexp" 576
"../../../Engine/Content/EngineMaterials/DefaultBloomKernel.uasset" 577
"../../../Engine/Content/EngineMaterials/DefaultBloomKernel.uexp" 578
"../../../Engine/Content/EngineFonts/Faces/RobotoLight.uexp" 579
"../../../Engine/Content/EngineFonts/Faces/RobotoLight.uasset" 580
"../../../Engine/Content/EngineFonts/Faces/RobotoLight.ufont" 581
"../../../Engine/Content/EngineFonts/Faces/RobotoBold.uexp" 582
"../../../Engine/Content/EngineFonts/Faces/RobotoBold.uasset" 583
"../../../Engine/Content/EngineFonts/Faces/RobotoBold.ufont" 584
"../../../Engine/Content/EngineFonts/Faces/RobotoRegular.uexp" 585
"../../../Engine/Content/EngineFonts/Faces/RobotoRegular.uasset" 586
"../../../Engine/Content/EngineFonts/Faces/RobotoRegular.ufont" 587
"../../../Engine/Content/EngineFonts/Faces/DroidSansFallback.uexp" 588
"../../../Engine/Content/EngineFonts/Faces/DroidSansFallback.uasset" 589
"../../../Engine/Content/EngineFonts/Faces/DroidSansFallback.ufont" 590
"../../../Engine/Content/EngineFonts/Faces/RobotoItalic.uexp" 591
"../../../Engine/Content/EngineFonts/Faces/RobotoItalic.uasset" 592
"../../../Engine/Content/EngineFonts/Faces/RobotoItalic.ufont" 593
"../../../Engine/Content/EngineFonts/Faces/RobotoBoldItalic.uexp" 594
"../../../Engine/Content/EngineFonts/Faces/RobotoBoldItalic.uasset" 595
"../../../Engine/Content/EngineFonts/Faces/RobotoBoldItalic.ufont" 596
"../../../Engine/Content/EngineFonts/Roboto.uasset" 597
"../../../Engine/Content/EngineFonts/Roboto.uexp" 598
"../../../Engine/Content/EngineDebugMaterials/VolumeToRender.uasset" 599
"../../../Engine/Content/EngineDebugMaterials/VolumeToRender.uexp" 600
"../../../Engine/Content/EngineDebugMaterials/M_VolumeRenderSphereTracePP.uasset" 601
"../../../Engine/Content/EngineDebugMaterials/M_VolumeRenderSphereTracePP.uexp" 602
"../../../Engine/Content/EngineDebugMaterials/M_SimpleUnlitTranslucent.uasset" 603
"../../../Engine/Content/EngineDebugMaterials/M_SimpleUnlitTranslucent.uexp" 604
"../../../Engine/Content/EngineDebugMaterials/DebugMeshMaterial.uasset" 605
"../../../Engine/Content/EngineDebugMaterials/DebugMeshMaterial.uexp" 606
"../../../Engine/Content/EngineDebugMaterials/DebugEditorMaterial.uasset" 607
"../../../Engine/Content/EngineDebugMaterials/DebugEditorMaterial.uexp" 608
"../../../Engine/Content/EngineDamageTypes/DmgTypeBP_Environmental.uasset" 609
"../../../Engine/Content/EngineDamageTypes/DmgTypeBP_Environmental.uexp" 610
"../../../Engine/Content/EditorResources/S_Terrain.ubulk" 611
"../../../Engine/Content/EditorResources/S_Terrain.uasset" 612
"../../../Engine/Content/EditorResources/S_Terrain.uexp" 613
"../../../Engine/Content/EditorResources/EmptyActor.uasset" 614
"../../../Engine/Content/EditorResources/EmptyActor.uexp" 615
"../../../Engine/Content/EditorResources/BSPVertex.uasset" 616
"../../../Engine/Content/EditorResources/BSPVertex.uexp" 617
"../../../Engine/Content/EditorMaterials/PreviewShadowIndicator.ubulk" 618
"../../../Engine/Content/EditorMaterials/PreviewShadowIndicator.uasset" 619
"../../../Engine/Content/EditorMaterials/PreviewShadowIndicator.uexp" 620
"../../../Engine/Content/EditorMaterials/PreviewShadowIndicatorMaterial.uasset" 621
"../../../Engine/Content/EditorMaterials/PreviewShadowIndicatorMaterial.uexp" 622
"../../../Engine/Content/EditorMaterials/PhAT_UnselectedMaterial.uasset" 623
"../../../Engine/Content/EditorMaterials/PhAT_UnselectedMaterial.uexp" 624
"../../../Engine/Content/EditorMaterials/PhAT_NoCollisionMaterial.uasset" 625
"../../../Engine/Content/EditorMaterials/PhAT_NoCollisionMaterial.uexp" 626
"../../../Engine/Content/EditorLandscapeResources/DefaultAlphaTexture.uasset" 627
"../../../Engine/Content/EditorLandscapeResources/DefaultAlphaTexture.uexp" 628
"../../../Engine/Content/EditorLandscapeResources/DataLayer.uasset" 629
"../../../Engine/Content/EditorLandscapeResources/DataLayer.uexp" 630
"../../../Engine/Content/EngineMaterials/DefaultMaterial.uasset" 631
"../../../Engine/Content/EngineMaterials/DefaultMaterial.uexp" 632
"../../../Engine/Content/BasicShapes/Sphere.ubulk" 633
"../../../Engine/Content/BasicShapes/Sphere.uasset" 634
"../../../Engine/Content/BasicShapes/Sphere.uexp" 635
"../../../Engine/Content/BasicShapes/Plane.ubulk" 636
"../../../Engine/Content/BasicShapes/Plane.uasset" 637
"../../../Engine/Content/BasicShapes/Plane.uexp" 638
"../../../Engine/Content/BasicShapes/Cylinder.ubulk" 639
"../../../Engine/Content/BasicShapes/Cylinder.uasset" 640
"../../../Engine/Content/BasicShapes/Cylinder.uexp" 641
"../../../Engine/Content/BasicShapes/Cone.ubulk" 642
"../../../Engine/Content/BasicShapes/Cone.uasset" 643
"../../../Engine/Content/BasicShapes/Cone.uexp" 644
"C:/Projects/ProjectPal/Content/_Pal/Input/IA_TogglePalSpawn.uasset" 645
"C:/Projects/ProjectPal/Content/_Pal/Input/IA_TogglePalSpawn.uexp" 646
"C:/Projects/ProjectPal/Content/_Pal/Input/IA_Aim.uasset" 647
"C:/Projects/ProjectPal/Content/_Pal/Input/IA_Aim.uexp" 648
"C:/Projects/ProjectPal/Content/_Pal/Input/IA_PrevPalSlot.uasset" 649
"C:/Projects/ProjectPal/Content/_Pal/Input/IA_PrevPalSlot.uexp" 650
"C:/Projects/ProjectPal/Content/_Pal/Input/IA_Sprint.uasset" 651
"C:/Projects/ProjectPal/Content/_Pal/Input/IA_Sprint.uexp" 652
"C:/Projects/ProjectPal/Content/_Pal/Input/IA_Attack.uasset" 653
"C:/Projects/ProjectPal/Content/_Pal/Input/IA_Attack.uexp" 654
"C:/Projects/ProjectPal/Content/_Pal/Input/IA_NextPalSlot.uasset" 655
"C:/Projects/ProjectPal/Content/_Pal/Input/IA_NextPalSlot.uexp" 656
"C:/Projects/ProjectPal/Content/_Pal/Input/IA_Look.uasset" 657
"C:/Projects/ProjectPal/Content/_Pal/Input/IA_Look.uexp" 658
"C:/Projects/ProjectPal/Content/_Pal/Input/IA_Move.uasset" 659
"C:/Projects/ProjectPal/Content/_Pal/Input/IA_Move.uexp" 660
"C:/Projects/ProjectPal/Content/_Pal/Input/IA_Roll.uasset" 661
"C:/Projects/ProjectPal/Content/_Pal/Input/IA_Roll.uexp" 662
"C:/Projects/ProjectPal/Content/_Pal/Input/IA_ChangeEquip.uasset" 663
"C:/Projects/ProjectPal/Content/_Pal/Input/IA_ChangeEquip.uexp" 664
"C:/Projects/ProjectPal/Content/_Pal/Input/IA_Jump.uasset" 665
"C:/Projects/ProjectPal/Content/_Pal/Input/IA_Jump.uexp" 666
"C:/Projects/ProjectPal/Content/_Pal/Input/IA_Catch.uasset" 667
"C:/Projects/ProjectPal/Content/_Pal/Input/IA_Catch.uexp" 668
"C:/Projects/ProjectPal/Content/_Pal/Input/IMC_Idle.uasset" 669
"C:/Projects/ProjectPal/Content/_Pal/Input/IMC_Idle.uexp" 670
"../../../Engine/Plugins/Animation/ACLPlugin/Content/ACLAnimBoneCompressionSettings.uasset" 671
"../../../Engine/Plugins/Animation/ACLPlugin/Content/ACLAnimBoneCompressionSettings.uexp" 672
"../../../Engine/Content/Animation/DefaultVariableFrameStrippingSettings.uasset" 673
"../../../Engine/Content/Animation/DefaultVariableFrameStrippingSettings.uexp" 674
"C:/Projects/ProjectPal/Content/_Pal/Import/NewPlayer/NewPlayer_None_Skeleton.uasset" 675
"C:/Projects/ProjectPal/Content/_Pal/Import/NewPlayer/NewPlayer_None_Skeleton.uexp" 676
"../../../Engine/Plugins/Animation/ACLPlugin/Content/ACLAnimCurveCompressionSettings.uasset" 677
"../../../Engine/Plugins/Animation/ACLPlugin/Content/ACLAnimCurveCompressionSettings.uexp" 678
"C:/Projects/ProjectPal/Content/_Pal/Import/NewPlayer/Animation/Melee/Sword/AS_Player_Female_Combo1_Sword_.uasset" 679
"C:/Projects/ProjectPal/Content/_Pal/Import/NewPlayer/Animation/Melee/Sword/AS_Player_Female_Combo1_Sword_.uexp" 680
"C:/Projects/ProjectPal/Content/_Pal/Import/NewPlayer/Animation/Melee/Sword/AS_Player_Female_Combo3_Sword.uasset" 681
"C:/Projects/ProjectPal/Content/_Pal/Import/NewPlayer/Animation/Melee/Sword/AS_Player_Female_Combo3_Sword.uexp" 682
"C:/Projects/ProjectPal/Content/_Pal/BluePrint/Character/NewPlayer/Montage/ANS_ComboWindow.uasset" 683
"C:/Projects/ProjectPal/Content/_Pal/BluePrint/Character/NewPlayer/Montage/ANS_ComboWindow.uexp" 684
"C:/Projects/ProjectPal/Content/_Pal/Import/NewPlayer/Animation/Melee/Sword/AS_Player_Female_Combo2_Sword.uasset" 685
"C:/Projects/ProjectPal/Content/_Pal/Import/NewPlayer/Animation/Melee/Sword/AS_Player_Female_Combo2_Sword.uexp" 686
"C:/Projects/ProjectPal/Content/_Pal/BluePrint/Character/NewPlayer/Montage/AM_Player_Female_Sword.uasset" 687
"C:/Projects/ProjectPal/Content/_Pal/BluePrint/Character/NewPlayer/Montage/AM_Player_Female_Sword.uexp" 688
"C:/Projects/ProjectPal/Content/_Pal/Import/NewPlayer/Animation/Melee/AS_Player_Female_JumpDownLoop_Melee.uasset" 689
"C:/Projects/ProjectPal/Content/_Pal/Import/NewPlayer/Animation/Melee/AS_Player_Female_JumpDownLoop_Melee.uexp" 690
"C:/Projects/ProjectPal/Content/_Pal/Import/NewPlayer/Animation/Melee/AS_Player_Female_JogRight_Aim_Melee.uasset" 691
"C:/Projects/ProjectPal/Content/_Pal/Import/NewPlayer/Animation/Melee/AS_Player_Female_JogRight_Aim_Melee.uexp" 692
"C:/Projects/ProjectPal/Content/_Pal/Import/NewPlayer/Animation/Melee/AS_Player_Female_JogFwd_Aim_Melee.uasset" 693
"C:/Projects/ProjectPal/Content/_Pal/Import/NewPlayer/Animation/Melee/AS_Player_Female_JogFwd_Aim_Melee.uexp" 694
"C:/Projects/ProjectPal/Content/_Pal/Import/NewPlayer/Animation/Melee/AS_Player_Female_Idle_Melee.uasset" 695
"C:/Projects/ProjectPal/Content/_Pal/Import/NewPlayer/Animation/Melee/AS_Player_Female_Idle_Melee.uexp" 696
"C:/Projects/ProjectPal/Content/_Pal/Import/NewPlayer/Animation/Melee/AS_Player_Female_JogLeft_Aim_Melee.uasset" 697
"C:/Projects/ProjectPal/Content/_Pal/Import/NewPlayer/Animation/Melee/AS_Player_Female_JogLeft_Aim_Melee.uexp" 698
"C:/Projects/ProjectPal/Content/_Pal/Import/NewPlayer/Animation/Melee/AS_Player_Female_JogBwd_Aim_Melee.uasset" 699
"C:/Projects/ProjectPal/Content/_Pal/Import/NewPlayer/Animation/Melee/AS_Player_Female_JogBwd_Aim_Melee.uexp" 700
"C:/Projects/ProjectPal/Content/_Pal/BluePrint/Character/NewPlayer/Animation/Sword/BS_AimWalk_Sword.uasset" 701
"C:/Projects/ProjectPal/Content/_Pal/BluePrint/Character/NewPlayer/Animation/Sword/BS_AimWalk_Sword.uexp" 702
"C:/Projects/ProjectPal/Content/_Pal/Import/NewPlayer/Animation/AS_Player_Female_JumpStart_None.uasset" 703
"C:/Projects/ProjectPal/Content/_Pal/Import/NewPlayer/Animation/AS_Player_Female_JumpStart_None.uexp" 704
"C:/Projects/ProjectPal/Content/_Pal/BluePrint/Character/NewPlayer/Animation/ALI_WeaponMotion.uasset" 705
"C:/Projects/ProjectPal/Content/_Pal/BluePrint/Character/NewPlayer/Animation/ALI_WeaponMotion.uexp" 706
"C:/Projects/ProjectPal/Content/_Pal/Import/NewPlayer/Animation/Melee/AS_Player_Female_JumpUpLoop_Melee.uasset" 707
"C:/Projects/ProjectPal/Content/_Pal/Import/NewPlayer/Animation/Melee/AS_Player_Female_JumpUpLoop_Melee.uexp" 708
"C:/Projects/ProjectPal/Content/_Pal/Import/NewPlayer/Animation/Melee/AS_Player_Female_JumpEnd_Melee.uasset" 709
"C:/Projects/ProjectPal/Content/_Pal/Import/NewPlayer/Animation/Melee/AS_Player_Female_JumpEnd_Melee.uexp" 710
"C:/Projects/ProjectPal/Content/_Pal/Import/NewPlayer/Animation/Melee/AS_Player_Female_Sprint_Melee.uasset" 711
"C:/Projects/ProjectPal/Content/_Pal/Import/NewPlayer/Animation/Melee/AS_Player_Female_Sprint_Melee.uexp" 712
"C:/Projects/ProjectPal/Content/_Pal/Import/NewPlayer/Animation/Melee/AS_Player_Female_Walk_Melee.uasset" 713
"C:/Projects/ProjectPal/Content/_Pal/Import/NewPlayer/Animation/Melee/AS_Player_Female_Walk_Melee.uexp" 714
"C:/Projects/ProjectPal/Content/_Pal/Import/NewPlayer/Animation/Melee/AS_Player_Female_Idle_Sword.uasset" 715
"C:/Projects/ProjectPal/Content/_Pal/Import/NewPlayer/Animation/Melee/AS_Player_Female_Idle_Sword.uexp" 716
"C:/Projects/ProjectPal/Content/_Pal/Import/NewPlayer/Animation/Melee/AS_Player_Female_Jog_Melee.uasset" 717
"C:/Projects/ProjectPal/Content/_Pal/Import/NewPlayer/Animation/Melee/AS_Player_Female_Jog_Melee.uexp" 718
"C:/Projects/ProjectPal/Content/_Pal/BluePrint/Character/NewPlayer/Animation/Sword/BS_Locomotion_Sword.uasset" 719
"C:/Projects/ProjectPal/Content/_Pal/BluePrint/Character/NewPlayer/Animation/Sword/BS_Locomotion_Sword.uexp" 720
"C:/Projects/ProjectPal/Content/_Pal/BluePrint/Character/NewPlayer/Animation/Sword/ABP_Layer_Sword.uasset" 721
"C:/Projects/ProjectPal/Content/_Pal/BluePrint/Character/NewPlayer/Animation/Sword/ABP_Layer_Sword.uexp" 722
"C:/Projects/ProjectPal/Content/_Pal/Import/Weapon/Sword/T_brasero_E.ubulk" 723
"C:/Projects/ProjectPal/Content/_Pal/Import/Weapon/Sword/T_brasero_E.uasset" 724
"C:/Projects/ProjectPal/Content/_Pal/Import/Weapon/Sword/T_brasero_E.uexp" 725
"C:/Projects/ProjectPal/Content/_Pal/Import/Weapon/Sword/T_swords_D.ubulk" 726
"C:/Projects/ProjectPal/Content/_Pal/Import/Weapon/Sword/T_swords_D.uasset" 727
"C:/Projects/ProjectPal/Content/_Pal/Import/Weapon/Sword/T_swords_D.uexp" 728
"C:/Projects/ProjectPal/Content/_Pal/Import/Weapon/Sword/T_swords_AORM.ubulk" 729
"C:/Projects/ProjectPal/Content/_Pal/Import/Weapon/Sword/T_swords_AORM.uasset" 730
"C:/Projects/ProjectPal/Content/_Pal/Import/Weapon/Sword/T_swords_AORM.uexp" 731
"C:/Projects/ProjectPal/Content/_Pal/Import/Weapon/Sword/T_swords_N.ubulk" 732
"C:/Projects/ProjectPal/Content/_Pal/Import/Weapon/Sword/T_swords_N.uasset" 733
"C:/Projects/ProjectPal/Content/_Pal/Import/Weapon/Sword/T_swords_N.uexp" 734
"C:/Projects/ProjectPal/Content/_Pal/Import/Weapon/Sword/MI_Weapon_Melee_003.uasset" 735
"C:/Projects/ProjectPal/Content/_Pal/Import/Weapon/Sword/MI_Weapon_Melee_003.uexp" 736
"C:/Projects/ProjectPal/Content/_Pal/Import/Weapon/Sword/Weapon_Melee_003_Skeleton.uasset" 737
"C:/Projects/ProjectPal/Content/_Pal/Import/Weapon/Sword/Weapon_Melee_003_Skeleton.uexp" 738
"C:/Projects/ProjectPal/Content/_Pal/Import/Weapon/Sword/Weapon_Melee_003.uasset" 739
"C:/Projects/ProjectPal/Content/_Pal/Import/Weapon/Sword/Weapon_Melee_003.uexp" 740
"C:/Projects/ProjectPal/Content/_Pal/BluePrint/DataAsset/Weapon/DA_Weapon_Sword.uasset" 741
"C:/Projects/ProjectPal/Content/_Pal/BluePrint/DataAsset/Weapon/DA_Weapon_Sword.uexp" 742
"C:/Projects/ProjectPal/Content/_Pal/Import/NewPlayer/Animation/AS_Player_Female_Attack_None.uasset" 743
"C:/Projects/ProjectPal/Content/_Pal/Import/NewPlayer/Animation/AS_Player_Female_Attack_None.uexp" 744
"C:/Projects/ProjectPal/Content/_Pal/BluePrint/Character/NewPlayer/Montage/AM_Player_Female_Attack_None.uasset" 745
"C:/Projects/ProjectPal/Content/_Pal/BluePrint/Character/NewPlayer/Montage/AM_Player_Female_Attack_None.uexp" 746
"C:/Projects/ProjectPal/Content/_Pal/Import/NewPlayer/Animation/AS_Player_Female_JumpUpLoop_None.uasset" 747
"C:/Projects/ProjectPal/Content/_Pal/Import/NewPlayer/Animation/AS_Player_Female_JumpUpLoop_None.uexp" 748
"C:/Projects/ProjectPal/Content/_Pal/Import/NewPlayer/Animation/AS_Player_Female_JumpDownLoop_None.uasset" 749
"C:/Projects/ProjectPal/Content/_Pal/Import/NewPlayer/Animation/AS_Player_Female_JumpDownLoop_None.uexp" 750
"C:/Projects/ProjectPal/Content/_Pal/Import/NewPlayer/Animation/AS_Player_Female_JumpEnd_None.uasset" 751
"C:/Projects/ProjectPal/Content/_Pal/Import/NewPlayer/Animation/AS_Player_Female_JumpEnd_None.uexp" 752
"C:/Projects/ProjectPal/Content/_Pal/Import/NewPlayer/Animation/AS_Player_Female_Aim_None.uasset" 753
"C:/Projects/ProjectPal/Content/_Pal/Import/NewPlayer/Animation/AS_Player_Female_Aim_None.uexp" 754
"C:/Projects/ProjectPal/Content/_Pal/BluePrint/Character/NewPlayer/Animation/BS_AimWalk_Melee.uasset" 755
"C:/Projects/ProjectPal/Content/_Pal/BluePrint/Character/NewPlayer/Animation/BS_AimWalk_Melee.uexp" 756
"C:/Projects/ProjectPal/Content/_Pal/Import/NewPlayer/Animation/AS_Player_Female_Jog_None.uasset" 757
"C:/Projects/ProjectPal/Content/_Pal/Import/NewPlayer/Animation/AS_Player_Female_Jog_None.uexp" 758
"C:/Projects/ProjectPal/Content/_Pal/Import/NewPlayer/Animation/AS_Player_Female_Walk_None.uasset" 759
"C:/Projects/ProjectPal/Content/_Pal/Import/NewPlayer/Animation/AS_Player_Female_Walk_None.uexp" 760
"C:/Projects/ProjectPal/Content/_Pal/Import/NewPlayer/Animation/AS_Player_Female_Sprint_None.uasset" 761
"C:/Projects/ProjectPal/Content/_Pal/Import/NewPlayer/Animation/AS_Player_Female_Sprint_None.uexp" 762
"C:/Projects/ProjectPal/Content/_Pal/Import/NewPlayer/Animation/AS_Player_Female_Idle_None.uasset" 763
"C:/Projects/ProjectPal/Content/_Pal/Import/NewPlayer/Animation/AS_Player_Female_Idle_None.uexp" 764
"C:/Projects/ProjectPal/Content/_Pal/BluePrint/Character/NewPlayer/Animation/BS_PLocomotion.uasset" 765
"C:/Projects/ProjectPal/Content/_Pal/BluePrint/Character/NewPlayer/Animation/BS_PLocomotion.uexp" 766
"C:/Projects/ProjectPal/Content/_Pal/BluePrint/Character/NewPlayer/Animation/ABP_Layer_Unarmed.uasset" 767
"C:/Projects/ProjectPal/Content/_Pal/BluePrint/Character/NewPlayer/Animation/ABP_Layer_Unarmed.uexp" 768
"C:/Projects/ProjectPal/Content/_Pal/BluePrint/DataAsset/Weapon/DA_Weapon_None.uasset" 769
"C:/Projects/ProjectPal/Content/_Pal/BluePrint/DataAsset/Weapon/DA_Weapon_None.uexp" 770
"C:/Projects/ProjectPal/Content/_Pal/Import/NewPlayer/Hair/T_Player_Hair001_M.ubulk" 771
"C:/Projects/ProjectPal/Content/_Pal/Import/NewPlayer/Hair/T_Player_Hair001_M.uasset" 772
"C:/Projects/ProjectPal/Content/_Pal/Import/NewPlayer/Hair/T_Player_Hair001_M.uexp" 773
"C:/Projects/ProjectPal/Content/_Pal/Import/NewPlayer/Hair/T_Player_Hair001_N.ubulk" 774
"C:/Projects/ProjectPal/Content/_Pal/Import/NewPlayer/Hair/T_Player_Hair001_N.uasset" 775
"C:/Projects/ProjectPal/Content/_Pal/Import/NewPlayer/Hair/T_Player_Hair001_N.uexp" 776
"C:/Projects/ProjectPal/Content/_Pal/Import/NewPlayer/Hair/T_Player_Hair001_B.ubulk" 777
"C:/Projects/ProjectPal/Content/_Pal/Import/NewPlayer/Hair/T_Player_Hair001_B.uasset" 778
"C:/Projects/ProjectPal/Content/_Pal/Import/NewPlayer/Hair/T_Player_Hair001_B.uexp" 779
"C:/Projects/ProjectPal/Content/_Pal/Import/NewPlayer/Hair/MI_Player_Hair001.uasset" 780
"C:/Projects/ProjectPal/Content/_Pal/Import/NewPlayer/Hair/MI_Player_Hair001.uexp" 781
"C:/Projects/ProjectPal/Content/_Pal/Import/NewPlayer/Hair/NewPlayer_Hair001.uasset" 782
"C:/Projects/ProjectPal/Content/_Pal/Import/NewPlayer/Hair/NewPlayer_Hair001.uexp" 783
"C:/Projects/ProjectPal/Content/_Pal/Import/NewPlayer/Eye/T_Player_Eye001_CM.ubulk" 784
"C:/Projects/ProjectPal/Content/_Pal/Import/NewPlayer/Eye/T_Player_Eye001_CM.uasset" 785
"C:/Projects/ProjectPal/Content/_Pal/Import/NewPlayer/Eye/T_Player_Eye001_CM.uexp" 786
"C:/Projects/ProjectPal/Content/_Pal/Import/NewPlayer/Eye/T_Player_Eye001_Highlight.ubulk" 787
"C:/Projects/ProjectPal/Content/_Pal/Import/NewPlayer/Eye/T_Player_Eye001_Highlight.uasset" 788
"C:/Projects/ProjectPal/Content/_Pal/Import/NewPlayer/Eye/T_Player_Eye001_Highlight.uexp" 789
"C:/Projects/ProjectPal/Content/_Pal/Import/NewPlayer/Eye/T_Player_Eye001_Pupil.ubulk" 790
"C:/Projects/ProjectPal/Content/_Pal/Import/NewPlayer/Eye/T_Player_Eye001_Pupil.uasset" 791
"C:/Projects/ProjectPal/Content/_Pal/Import/NewPlayer/Eye/T_Player_Eye001_Pupil.uexp" 792
"C:/Projects/ProjectPal/Content/_Pal/Import/NewPlayer/Outfit/SP_CharacterBodyBase.uasset" 793
"C:/Projects/ProjectPal/Content/_Pal/Import/NewPlayer/Outfit/SP_CharacterBodyBase.uexp" 794
"C:/Projects/ProjectPal/Content/_Pal/Import/NewPlayer/Eye/T_Eye_White.uasset" 795
"C:/Projects/ProjectPal/Content/_Pal/Import/NewPlayer/Eye/T_Eye_White.uexp" 796
"C:/Projects/ProjectPal/Content/_Pal/Import/NewPlayer/Eye/T_Player_Eye001_Cornea.ubulk" 797
"C:/Projects/ProjectPal/Content/_Pal/Import/NewPlayer/Eye/T_Player_Eye001_Cornea.uasset" 798
"C:/Projects/ProjectPal/Content/_Pal/Import/NewPlayer/Eye/T_Player_Eye001_Cornea.uexp" 799
"C:/Projects/ProjectPal/Content/_Pal/Import/NewPlayer/Head/MI_Player_Eye001.uasset" 800
"C:/Projects/ProjectPal/Content/_Pal/Import/NewPlayer/Head/MI_Player_Eye001.uexp" 801
"C:/Projects/ProjectPal/Content/_Pal/Import/NewPlayer/Head/T_Player_Brow001_N.ubulk" 802
"C:/Projects/ProjectPal/Content/_Pal/Import/NewPlayer/Head/T_Player_Brow001_N.uasset" 803
"C:/Projects/ProjectPal/Content/_Pal/Import/NewPlayer/Head/T_Player_Brow001_N.uexp" 804
"C:/Projects/ProjectPal/Content/_Pal/Import/NewPlayer/Head/T_Player_Brow001_M.ubulk" 805
"C:/Projects/ProjectPal/Content/_Pal/Import/NewPlayer/Head/T_Player_Brow001_M.uasset" 806
"C:/Projects/ProjectPal/Content/_Pal/Import/NewPlayer/Head/T_Player_Brow001_M.uexp" 807
"C:/Projects/ProjectPal/Content/_Pal/Import/NewPlayer/Head/T_Player_Brow001_B.ubulk" 808
"C:/Projects/ProjectPal/Content/_Pal/Import/NewPlayer/Head/T_Player_Brow001_B.uasset" 809
"C:/Projects/ProjectPal/Content/_Pal/Import/NewPlayer/Head/T_Player_Brow001_B.uexp" 810
"C:/Projects/ProjectPal/Content/_Pal/Import/NewPlayer/Head/MI_Player_Brow001.uasset" 811
"C:/Projects/ProjectPal/Content/_Pal/Import/NewPlayer/Head/MI_Player_Brow001.uexp" 812
"C:/Projects/ProjectPal/Content/_Pal/Import/NewPlayer/Head/T_Player_Head001_SSS.ubulk" 813
"C:/Projects/ProjectPal/Content/_Pal/Import/NewPlayer/Head/T_Player_Head001_SSS.uasset" 814
"C:/Projects/ProjectPal/Content/_Pal/Import/NewPlayer/Head/T_Player_Head001_SSS.uexp" 815
"C:/Projects/ProjectPal/Content/_Pal/Import/NewPlayer/Head/T_Player_Head001_M.ubulk" 816
"C:/Projects/ProjectPal/Content/_Pal/Import/NewPlayer/Head/T_Player_Head001_M.uasset" 817
"C:/Projects/ProjectPal/Content/_Pal/Import/NewPlayer/Head/T_Player_Head001_M.uexp" 818
"C:/Projects/ProjectPal/Content/_Pal/Import/NewPlayer/Head/T_Player_Head001_N.ubulk" 819
"C:/Projects/ProjectPal/Content/_Pal/Import/NewPlayer/Head/T_Player_Head001_N.uasset" 820
"C:/Projects/ProjectPal/Content/_Pal/Import/NewPlayer/Head/T_Player_Head001_N.uexp" 821
"C:/Projects/ProjectPal/Content/_Pal/Import/NewPlayer/Head/T_Player_Head001_B.ubulk" 822
"C:/Projects/ProjectPal/Content/_Pal/Import/NewPlayer/Head/T_Player_Head001_B.uasset" 823
"C:/Projects/ProjectPal/Content/_Pal/Import/NewPlayer/Head/T_Player_Head001_B.uexp" 824
"C:/Projects/ProjectPal/Content/_Pal/Import/NewPlayer/Head/MI_Player_Head001.uasset" 825
"C:/Projects/ProjectPal/Content/_Pal/Import/NewPlayer/Head/MI_Player_Head001.uexp" 826
"C:/Projects/ProjectPal/Content/_Pal/Import/NewPlayer/Head/NewPlayer_Head001.uasset" 827
"C:/Projects/ProjectPal/Content/_Pal/Import/NewPlayer/Head/NewPlayer_Head001.uexp" 828
"C:/Projects/ProjectPal/Content/_Pal/Import/NewPlayer/Outfit/T_Player_Female_Outfit_Cloth001_v01_M01_N.ubulk" 829
"C:/Projects/ProjectPal/Content/_Pal/Import/NewPlayer/Outfit/T_Player_Female_Outfit_Cloth001_v01_M01_N.uasset" 830
"C:/Projects/ProjectPal/Content/_Pal/Import/NewPlayer/Outfit/T_Player_Female_Outfit_Cloth001_v01_M01_N.uexp" 831
"C:/Projects/ProjectPal/Content/_Pal/Import/NewPlayer/Outfit/T_Player_Female_Outfit_Cloth001_v01_M01_M.ubulk" 832
"C:/Projects/ProjectPal/Content/_Pal/Import/NewPlayer/Outfit/T_Player_Female_Outfit_Cloth001_v01_M01_M.uasset" 833
"C:/Projects/ProjectPal/Content/_Pal/Import/NewPlayer/Outfit/T_Player_Female_Outfit_Cloth001_v01_M01_M.uexp" 834
"C:/Projects/ProjectPal/Content/_Pal/Import/NewPlayer/Outfit/T_Player_Female_Outfit_Cloth001_v01_M01_B.ubulk" 835
"C:/Projects/ProjectPal/Content/_Pal/Import/NewPlayer/Outfit/T_Player_Female_Outfit_Cloth001_v01_M01_B.uasset" 836
"C:/Projects/ProjectPal/Content/_Pal/Import/NewPlayer/Outfit/T_Player_Female_Outfit_Cloth001_v01_M01_B.uexp" 837
"C:/Projects/ProjectPal/Content/_Pal/Import/NewPlayer/Outfit/MI_Player_Female_Outfit_Cloth001_v01_M01.uasset" 838
"C:/Projects/ProjectPal/Content/_Pal/Import/NewPlayer/Outfit/MI_Player_Female_Outfit_Cloth001_v01_M01.uexp" 839
"C:/Projects/ProjectPal/Content/_Pal/Import/NewPlayer/Body/T_Player_Female_Body_M.ubulk" 840
"C:/Projects/ProjectPal/Content/_Pal/Import/NewPlayer/Body/T_Player_Female_Body_M.uasset" 841
"C:/Projects/ProjectPal/Content/_Pal/Import/NewPlayer/Body/T_Player_Female_Body_M.uexp" 842
"C:/Projects/ProjectPal/Content/_Pal/Import/NewPlayer/Body/T_Player_Female_Body_N.ubulk" 843
"C:/Projects/ProjectPal/Content/_Pal/Import/NewPlayer/Body/T_Player_Female_Body_N.uasset" 844
"C:/Projects/ProjectPal/Content/_Pal/Import/NewPlayer/Body/T_Player_Female_Body_N.uexp" 845
"C:/Projects/ProjectPal/Content/_Pal/Import/NewPlayer/Body/T_Player_Female_Body_B.ubulk" 846
"C:/Projects/ProjectPal/Content/_Pal/Import/NewPlayer/Body/T_Player_Female_Body_B.uasset" 847
"C:/Projects/ProjectPal/Content/_Pal/Import/NewPlayer/Body/T_Player_Female_Body_B.uexp" 848
"C:/Projects/ProjectPal/Content/_Pal/Import/NewPlayer/Body/T_Player_Female_Body_SSS.ubulk" 849
"C:/Projects/ProjectPal/Content/_Pal/Import/NewPlayer/Body/T_Player_Female_Body_SSS.uasset" 850
"C:/Projects/ProjectPal/Content/_Pal/Import/NewPlayer/Body/T_Player_Female_Body_SSS.uexp" 851
"C:/Projects/ProjectPal/Content/_Pal/Import/NewPlayer/Outfit/MI_Player_Female_Body.uasset" 852
"C:/Projects/ProjectPal/Content/_Pal/Import/NewPlayer/Outfit/MI_Player_Female_Body.uexp" 853
"C:/Projects/ProjectPal/Content/_Pal/Import/NewPlayer/Outfit/T_Player_Female_Outfit_Cloth001_v01_M03_N.ubulk" 854
"C:/Projects/ProjectPal/Content/_Pal/Import/NewPlayer/Outfit/T_Player_Female_Outfit_Cloth001_v01_M03_N.uasset" 855
"C:/Projects/ProjectPal/Content/_Pal/Import/NewPlayer/Outfit/T_Player_Female_Outfit_Cloth001_v01_M03_N.uexp" 856
"C:/Projects/ProjectPal/Content/_Pal/Import/NewPlayer/Outfit/T_Player_Female_Outfit_Cloth001_v01_M03_B.ubulk" 857
"C:/Projects/ProjectPal/Content/_Pal/Import/NewPlayer/Outfit/T_Player_Female_Outfit_Cloth001_v01_M03_B.uasset" 858
"C:/Projects/ProjectPal/Content/_Pal/Import/NewPlayer/Outfit/T_Player_Female_Outfit_Cloth001_v01_M03_B.uexp" 859
"C:/Projects/ProjectPal/Content/_Pal/Import/NewPlayer/Outfit/T_Player_Female_Outfit_Cloth001_v01_M03_M.ubulk" 860
"C:/Projects/ProjectPal/Content/_Pal/Import/NewPlayer/Outfit/T_Player_Female_Outfit_Cloth001_v01_M03_M.uasset" 861
"C:/Projects/ProjectPal/Content/_Pal/Import/NewPlayer/Outfit/T_Player_Female_Outfit_Cloth001_v01_M03_M.uexp" 862
"C:/Projects/ProjectPal/Content/_Pal/Import/NewPlayer/Outfit/MI_Player_Male_Outfit_Cloth001_v01_M03.uasset" 863
"C:/Projects/ProjectPal/Content/_Pal/Import/NewPlayer/Outfit/MI_Player_Male_Outfit_Cloth001_v01_M03.uexp" 864
"C:/Projects/ProjectPal/Content/_Pal/Import/NewPlayer/Outfit/T_Player_Female_Outfit_Cloth001_v01_M02_EM.ubulk" 865
"C:/Projects/ProjectPal/Content/_Pal/Import/NewPlayer/Outfit/T_Player_Female_Outfit_Cloth001_v01_M02_EM.uasset" 866
"C:/Projects/ProjectPal/Content/_Pal/Import/NewPlayer/Outfit/T_Player_Female_Outfit_Cloth001_v01_M02_EM.uexp" 867
"C:/Projects/ProjectPal/Content/_Pal/Import/NewPlayer/Outfit/T_Player_Female_Outfit_Cloth001_v01_M02_M.ubulk" 868
"C:/Projects/ProjectPal/Content/_Pal/Import/NewPlayer/Outfit/T_Player_Female_Outfit_Cloth001_v01_M02_M.uasset" 869
"C:/Projects/ProjectPal/Content/_Pal/Import/NewPlayer/Outfit/T_Player_Female_Outfit_Cloth001_v01_M02_M.uexp" 870
"C:/Projects/ProjectPal/Content/_Pal/Import/NewPlayer/Outfit/T_Player_Female_Outfit_Cloth001_v01_M02_N.ubulk" 871
"C:/Projects/ProjectPal/Content/_Pal/Import/NewPlayer/Outfit/T_Player_Female_Outfit_Cloth001_v01_M02_N.uasset" 872
"C:/Projects/ProjectPal/Content/_Pal/Import/NewPlayer/Outfit/T_Player_Female_Outfit_Cloth001_v01_M02_N.uexp" 873
"C:/Projects/ProjectPal/Content/_Pal/Import/NewPlayer/Outfit/T_Player_Female_Outfit_Cloth001_v01_M02_B.ubulk" 874
"C:/Projects/ProjectPal/Content/_Pal/Import/NewPlayer/Outfit/T_Player_Female_Outfit_Cloth001_v01_M02_B.uasset" 875
"C:/Projects/ProjectPal/Content/_Pal/Import/NewPlayer/Outfit/T_Player_Female_Outfit_Cloth001_v01_M02_B.uexp" 876
"C:/Projects/ProjectPal/Content/_Pal/Import/NewPlayer/Outfit/MI_Player_Female_Outfit_Cloth001_v01_M02.uasset" 877
"C:/Projects/ProjectPal/Content/_Pal/Import/NewPlayer/Outfit/MI_Player_Female_Outfit_Cloth001_v01_M02.uexp" 878
"C:/Projects/ProjectPal/Content/_Pal/Import/NewPlayer/Outfit/NewPlayer_Outfit_Cloth001.uasset" 879
"C:/Projects/ProjectPal/Content/_Pal/Import/NewPlayer/Outfit/NewPlayer_Outfit_Cloth001.uexp" 880
"C:/Projects/ProjectPal/Content/_Pal/Import/NewPlayer/Animation/Throw/NewPlayer_Throw_SK_Player_Female_AS_Player_Female_Throw.uasset" 881
"C:/Projects/ProjectPal/Content/_Pal/Import/NewPlayer/Animation/Throw/NewPlayer_Throw_SK_Player_Female_AS_Player_Female_Throw.uexp" 882
"C:/Projects/ProjectPal/Content/_Pal/Import/NewPlayer/Animation/Throw/NewPlayer_Throw_SK_Player_Female_AS_Player_Female_Aim_Throw.uasset" 883
"C:/Projects/ProjectPal/Content/_Pal/Import/NewPlayer/Animation/Throw/NewPlayer_Throw_SK_Player_Female_AS_Player_Female_Aim_Throw.uexp" 884
"C:/Projects/ProjectPal/Content/_Pal/BluePrint/Character/NewPlayer/Montage/AS_Player_Female_Capture.uasset" 885
"C:/Projects/ProjectPal/Content/_Pal/BluePrint/Character/NewPlayer/Montage/AS_Player_Female_Capture.uexp" 886
"C:/Projects/ProjectPal/Content/_Pal/Import/Weapon/PalSphere/PalSphere_PhysicsAsset.uasset" 887
"C:/Projects/ProjectPal/Content/_Pal/Import/Weapon/PalSphere/PalSphere_PhysicsAsset.uexp" 888
"C:/Projects/ProjectPal/Content/_Pal/Import/Weapon/PalSphere/PalSphere_Skeleton.uasset" 889
"C:/Projects/ProjectPal/Content/_Pal/Import/Weapon/PalSphere/PalSphere_Skeleton.uexp" 890
"C:/Projects/ProjectPal/Content/_Pal/Import/Weapon/PalSphere/T_PalSphere_Crystal_M.ubulk" 891
"C:/Projects/ProjectPal/Content/_Pal/Import/Weapon/PalSphere/T_PalSphere_Crystal_M.uasset" 892
"C:/Projects/ProjectPal/Content/_Pal/Import/Weapon/PalSphere/T_PalSphere_Crystal_M.uexp" 893
"C:/Projects/ProjectPal/Content/_Pal/Import/Weapon/PalSphere/T_PalSphere_Crystal_B.ubulk" 894
"C:/Projects/ProjectPal/Content/_Pal/Import/Weapon/PalSphere/T_PalSphere_Crystal_B.uasset" 895
"C:/Projects/ProjectPal/Content/_Pal/Import/Weapon/PalSphere/T_PalSphere_Crystal_B.uexp" 896
"C:/Projects/ProjectPal/Content/_Pal/Import/Weapon/PalSphere/T_PalSphere_Crystal_N.ubulk" 897
"C:/Projects/ProjectPal/Content/_Pal/Import/Weapon/PalSphere/T_PalSphere_Crystal_N.uasset" 898
"C:/Projects/ProjectPal/Content/_Pal/Import/Weapon/PalSphere/T_PalSphere_Crystal_N.uexp" 899
"C:/Projects/ProjectPal/Content/_Pal/Import/Weapon/PalSphere/MI_PalSphere_Crystal.uasset" 900
"C:/Projects/ProjectPal/Content/_Pal/Import/Weapon/PalSphere/MI_PalSphere_Crystal.uexp" 901
"C:/Projects/ProjectPal/Content/_Pal/Import/Weapon/PalSphere/T_PalSphere_Gold_B.ubulk" 902
"C:/Projects/ProjectPal/Content/_Pal/Import/Weapon/PalSphere/T_PalSphere_Gold_B.uasset" 903
"C:/Projects/ProjectPal/Content/_Pal/Import/Weapon/PalSphere/T_PalSphere_Gold_B.uexp" 904
"C:/Projects/ProjectPal/Content/_Pal/Import/Weapon/PalSphere/MI_PalSphere_Gold.uasset" 905
"C:/Projects/ProjectPal/Content/_Pal/Import/Weapon/PalSphere/MI_PalSphere_Gold.uexp" 906
"C:/Projects/ProjectPal/Content/_Pal/Import/Weapon/PalSphere/PalSphere.uasset" 907
"C:/Projects/ProjectPal/Content/_Pal/Import/Weapon/PalSphere/PalSphere.uexp" 908
"C:/Projects/ProjectPal/Content/_Pal/Import/NewPlayer/MI_Player_Female_Body.uasset" 909
"C:/Projects/ProjectPal/Content/_Pal/Import/NewPlayer/MI_Player_Female_Body.uexp" 910
"C:/Projects/ProjectPal/Content/_Pal/Import/NewPlayer/MI_Player_Hair001.uasset" 911
"C:/Projects/ProjectPal/Content/_Pal/Import/NewPlayer/MI_Player_Hair001.uexp" 912
"C:/Projects/ProjectPal/Content/_Pal/Import/NewPlayer/MI_Player_Brow001.uasset" 913
"C:/Projects/ProjectPal/Content/_Pal/Import/NewPlayer/MI_Player_Brow001.uexp" 914
"C:/Projects/ProjectPal/Content/_Pal/Import/NewPlayer/NewPlayer_None_PhysicsAsset.uasset" 915
"C:/Projects/ProjectPal/Content/_Pal/Import/NewPlayer/NewPlayer_None_PhysicsAsset.uexp" 916
"C:/Projects/ProjectPal/Content/_Pal/Import/NewPlayer/MI_Player_Eye001.uasset" 917
"C:/Projects/ProjectPal/Content/_Pal/Import/NewPlayer/MI_Player_Eye001.uexp" 918
"C:/Projects/ProjectPal/Content/_Pal/Import/NewPlayer/MI_Player_Head001.uasset" 919
"C:/Projects/ProjectPal/Content/_Pal/Import/NewPlayer/MI_Player_Head001.uexp" 920
"C:/Projects/ProjectPal/Content/_Pal/Import/NewPlayer/NewPlayer_None.uasset" 921
"C:/Projects/ProjectPal/Content/_Pal/Import/NewPlayer/NewPlayer_None.uexp" 922
"C:/Projects/ProjectPal/Content/_Pal/BluePrint/Character/NewPlayer/Animation/ABP_PC.uasset" 923
"C:/Projects/ProjectPal/Content/_Pal/BluePrint/Character/NewPlayer/Animation/ABP_PC.uexp" 924
"C:/Projects/ProjectPal/Content/_Pal/BluePrint/Projectile/BP_PJPalSphere.uasset" 925
"C:/Projects/ProjectPal/Content/_Pal/BluePrint/Projectile/BP_PJPalSphere.uexp" 926
"C:/Projects/ProjectPal/Content/_Pal/BluePrint/Character/NewPlayer/BP_PC.uasset" 927
"C:/Projects/ProjectPal/Content/_Pal/BluePrint/Character/NewPlayer/BP_PC.uexp" 928
"C:/Projects/ProjectPal/Content/_Pal/Input/IMC_Rolling.uasset" 929
"C:/Projects/ProjectPal/Content/_Pal/Input/IMC_Rolling.uexp" 930
"C:/Projects/ProjectPal/Content/_Pal/BluePrint/Widget/WBP_PlayerHUD.uasset" 931
"C:/Projects/ProjectPal/Content/_Pal/BluePrint/Widget/WBP_PlayerHUD.uexp" 932
"C:/Projects/ProjectPal/Content/_Pal/BluePrint/GameFramework/BP_MyPlayerController.uasset" 933
"C:/Projects/ProjectPal/Content/_Pal/BluePrint/GameFramework/BP_MyPlayerController.uexp" 934
"C:/Projects/ProjectPal/Content/_Pal/BluePrint/GameFramework/GM_Temp.uasset" 935
"C:/Projects/ProjectPal/Content/_Pal/BluePrint/GameFramework/GM_Temp.uexp" 936
"C:/Projects/ProjectPal/Content/ThirdPerson/Maps/ThirdPersonMap_BuiltData.ubulk" 937
"C:/Projects/ProjectPal/Content/ThirdPerson/Maps/ThirdPersonMap_BuiltData.uasset" 938
"C:/Projects/ProjectPal/Content/ThirdPerson/Maps/ThirdPersonMap_BuiltData.uexp" 939
"C:/Projects/ProjectPal/Content/ThirdPerson/Input/Actions/IA_Jump.uasset" 940
"C:/Projects/ProjectPal/Content/ThirdPerson/Input/Actions/IA_Jump.uexp" 941
"C:/Projects/ProjectPal/Content/ThirdPerson/Input/Actions/IA_Look.uasset" 942
"C:/Projects/ProjectPal/Content/ThirdPerson/Input/Actions/IA_Look.uexp" 943
"C:/Projects/ProjectPal/Content/ThirdPerson/Input/Actions/IA_Move.uasset" 944
"C:/Projects/ProjectPal/Content/ThirdPerson/Input/Actions/IA_Move.uexp" 945
"C:/Projects/ProjectPal/Content/ThirdPerson/Input/IMC_Default.uasset" 946
"C:/Projects/ProjectPal/Content/ThirdPerson/Input/IMC_Default.uexp" 947
"../../../Engine/Plugins/FX/Niagara/Content/DefaultAssets/DefaultSpriteMaterial.uasset" 948
"../../../Engine/Plugins/FX/Niagara/Content/DefaultAssets/DefaultSpriteMaterial.uexp" 949
"C:/Projects/ProjectPal/Content/Stylized_Nature_Set/FX/NS_Dust.uasset" 950
"C:/Projects/ProjectPal/Content/Stylized_Nature_Set/FX/NS_Dust.uexp" 951
"C:/Projects/ProjectPal/Content/Stylized_Nature_Set/Textures/Butterfly/T_Butterfly_Color.ubulk" 952
"C:/Projects/ProjectPal/Content/Stylized_Nature_Set/Textures/Butterfly/T_Butterfly_Color.uasset" 953
"C:/Projects/ProjectPal/Content/Stylized_Nature_Set/Textures/Butterfly/T_Butterfly_Color.uexp" 954
"C:/Projects/ProjectPal/Content/Stylized_Nature_Set/Textures/Butterfly/T_Butterfly_Maps.ubulk" 955
"C:/Projects/ProjectPal/Content/Stylized_Nature_Set/Textures/Butterfly/T_Butterfly_Maps.uasset" 956
"C:/Projects/ProjectPal/Content/Stylized_Nature_Set/Textures/Butterfly/T_Butterfly_Maps.uexp" 957
"C:/Projects/ProjectPal/Content/Stylized_Nature_Set/Materials/M_Butterfly.uasset" 958
"C:/Projects/ProjectPal/Content/Stylized_Nature_Set/Materials/M_Butterfly.uexp" 959
"C:/Projects/ProjectPal/Content/Stylized_Nature_Set/Materials/Material_Instance/MI_Butterfly.uasset" 960
"C:/Projects/ProjectPal/Content/Stylized_Nature_Set/Materials/Material_Instance/MI_Butterfly.uexp" 961
"C:/Projects/ProjectPal/Content/Stylized_Nature_Set/Mesh/Butterfly/SM_Butterfly.ubulk" 962
"C:/Projects/ProjectPal/Content/Stylized_Nature_Set/Mesh/Butterfly/SM_Butterfly.uasset" 963
"C:/Projects/ProjectPal/Content/Stylized_Nature_Set/Mesh/Butterfly/SM_Butterfly.uexp" 964
"C:/Projects/ProjectPal/Content/Stylized_Nature_Set/FX/NS_Butterfly.uasset" 965
"C:/Projects/ProjectPal/Content/Stylized_Nature_Set/FX/NS_Butterfly.uexp" 966
"C:/Projects/ProjectPal/Content/StarterContent/Materials/M_Basic_Wall.uasset" 967
"C:/Projects/ProjectPal/Content/StarterContent/Materials/M_Basic_Wall.uexp" 968
"C:/Projects/ProjectPal/Content/StarterContent/Shapes/Shape_WideCapsule.ubulk" 969
"C:/Projects/ProjectPal/Content/StarterContent/Shapes/Shape_WideCapsule.uasset" 970
"C:/Projects/ProjectPal/Content/StarterContent/Shapes/Shape_WideCapsule.uexp" 971
"C:/Projects/ProjectPal/Content/StarterContent/Shapes/Shape_Wedge_B.ubulk" 972
"C:/Projects/ProjectPal/Content/StarterContent/Shapes/Shape_Wedge_B.uasset" 973
"C:/Projects/ProjectPal/Content/StarterContent/Shapes/Shape_Wedge_B.uexp" 974
"C:/Projects/ProjectPal/Content/StarterContent/Shapes/Shape_Wedge_A.ubulk" 975
"C:/Projects/ProjectPal/Content/StarterContent/Shapes/Shape_Wedge_A.uasset" 976
"C:/Projects/ProjectPal/Content/StarterContent/Shapes/Shape_Wedge_A.uexp" 977
"C:/Projects/ProjectPal/Content/StarterContent/Shapes/Shape_Tube.ubulk" 978
"C:/Projects/ProjectPal/Content/StarterContent/Shapes/Shape_Tube.uasset" 979
"C:/Projects/ProjectPal/Content/StarterContent/Shapes/Shape_Tube.uexp" 980
"C:/Projects/ProjectPal/Content/StarterContent/Shapes/Shape_TriPyramid.ubulk" 981
"C:/Projects/ProjectPal/Content/StarterContent/Shapes/Shape_TriPyramid.uasset" 982
"C:/Projects/ProjectPal/Content/StarterContent/Shapes/Shape_TriPyramid.uexp" 983
"C:/Projects/ProjectPal/Content/StarterContent/Shapes/Shape_Trim_90_Out.ubulk" 984
"C:/Projects/ProjectPal/Content/StarterContent/Shapes/Shape_Trim_90_Out.uasset" 985
"C:/Projects/ProjectPal/Content/StarterContent/Shapes/Shape_Trim_90_Out.uexp" 986
"C:/Projects/ProjectPal/Content/StarterContent/Shapes/Shape_Trim_90_In.ubulk" 987
"C:/Projects/ProjectPal/Content/StarterContent/Shapes/Shape_Trim_90_In.uasset" 988
"C:/Projects/ProjectPal/Content/StarterContent/Shapes/Shape_Trim_90_In.uexp" 989
"C:/Projects/ProjectPal/Content/StarterContent/Shapes/Shape_Trim.ubulk" 990
"C:/Projects/ProjectPal/Content/StarterContent/Shapes/Shape_Trim.uasset" 991
"C:/Projects/ProjectPal/Content/StarterContent/Shapes/Shape_Trim.uexp" 992
"C:/Projects/ProjectPal/Content/StarterContent/Shapes/Shape_Torus.ubulk" 993
"C:/Projects/ProjectPal/Content/StarterContent/Shapes/Shape_Torus.uasset" 994
"C:/Projects/ProjectPal/Content/StarterContent/Shapes/Shape_Torus.uexp" 995
"C:/Projects/ProjectPal/Content/StarterContent/Shapes/Shape_Plane.ubulk" 996
"C:/Projects/ProjectPal/Content/StarterContent/Shapes/Shape_Plane.uasset" 997
"C:/Projects/ProjectPal/Content/StarterContent/Shapes/Shape_Plane.uexp" 998
"C:/Projects/ProjectPal/Content/StarterContent/Shapes/Shape_Pipe_90.ubulk" 999
"C:/Projects/ProjectPal/Content/StarterContent/Shapes/Shape_Pipe_90.uasset" 1000
"C:/Projects/ProjectPal/Content/StarterContent/Shapes/Shape_Pipe_90.uexp" 1001
"C:/Projects/ProjectPal/Content/StarterContent/Shapes/Shape_Pipe_180.ubulk" 1002
"C:/Projects/ProjectPal/Content/StarterContent/Shapes/Shape_Pipe_180.uasset" 1003
"C:/Projects/ProjectPal/Content/StarterContent/Shapes/Shape_Pipe_180.uexp" 1004
"C:/Projects/ProjectPal/Content/StarterContent/Shapes/Shape_Pipe.ubulk" 1005
"C:/Projects/ProjectPal/Content/StarterContent/Shapes/Shape_Pipe.uasset" 1006
"C:/Projects/ProjectPal/Content/StarterContent/Shapes/Shape_Pipe.uexp" 1007
"C:/Projects/ProjectPal/Content/StarterContent/Shapes/Shape_NarrowCapsule.ubulk" 1008
"C:/Projects/ProjectPal/Content/StarterContent/Shapes/Shape_NarrowCapsule.uasset" 1009
"C:/Projects/ProjectPal/Content/StarterContent/Shapes/Shape_NarrowCapsule.uexp" 1010
"C:/Projects/ProjectPal/Content/StarterContent/Shapes/Shape_Cylinder.ubulk" 1011
"C:/Projects/ProjectPal/Content/StarterContent/Shapes/Shape_Cylinder.uasset" 1012
"C:/Projects/ProjectPal/Content/StarterContent/Shapes/Shape_Cylinder.uexp" 1013
"C:/Projects/ProjectPal/Content/StarterContent/Shapes/Shape_Cone.ubulk" 1014
"C:/Projects/ProjectPal/Content/StarterContent/Shapes/Shape_Cone.uasset" 1015
"C:/Projects/ProjectPal/Content/StarterContent/Shapes/Shape_Cone.uexp" 1016
"C:/Projects/ProjectPal/Content/StarterContent/Materials/M_Basic_Floor.uasset" 1017
"C:/Projects/ProjectPal/Content/StarterContent/Materials/M_Basic_Floor.uexp" 1018
"C:/Projects/ProjectPal/Content/StarterContent/Props/SM_Stairs.ubulk" 1019
"C:/Projects/ProjectPal/Content/StarterContent/Props/SM_Stairs.uasset" 1020
"C:/Projects/ProjectPal/Content/StarterContent/Props/SM_Stairs.uexp" 1021
"C:/Projects/ProjectPal/Content/StarterContent/Textures/T_Shelf_N.ubulk" 1022
"C:/Projects/ProjectPal/Content/StarterContent/Textures/T_Shelf_N.uasset" 1023
"C:/Projects/ProjectPal/Content/StarterContent/Textures/T_Shelf_N.uexp" 1024
"C:/Projects/ProjectPal/Content/StarterContent/Textures/T_Shelf_M.ubulk" 1025
"C:/Projects/ProjectPal/Content/StarterContent/Textures/T_Shelf_M.uasset" 1026
"C:/Projects/ProjectPal/Content/StarterContent/Textures/T_Shelf_M.uexp" 1027
"C:/Projects/ProjectPal/Content/StarterContent/Props/Materials/M_Shelf.uasset" 1028
"C:/Projects/ProjectPal/Content/StarterContent/Props/Materials/M_Shelf.uexp" 1029
"C:/Projects/ProjectPal/Content/StarterContent/Props/SM_Shelf.ubulk" 1030
"C:/Projects/ProjectPal/Content/StarterContent/Props/SM_Shelf.uasset" 1031
"C:/Projects/ProjectPal/Content/StarterContent/Props/SM_Shelf.uexp" 1032
"../../../Engine/Content/Functions/Engine_MaterialFunctions02/Utility/BlendAngleCorrectedNormals.uasset" 1033
"../../../Engine/Content/Functions/Engine_MaterialFunctions02/Utility/BlendAngleCorrectedNormals.uexp" 1034
"C:/Projects/ProjectPal/Content/StarterContent/Textures/T_Detail_Rocky_N.ubulk" 1035
"C:/Projects/ProjectPal/Content/StarterContent/Textures/T_Detail_Rocky_N.uasset" 1036
"C:/Projects/ProjectPal/Content/StarterContent/Textures/T_Detail_Rocky_N.uexp" 1037
"C:/Projects/ProjectPal/Content/StarterContent/Textures/T_Rock_Basalt_D.ubulk" 1038
"C:/Projects/ProjectPal/Content/StarterContent/Textures/T_Rock_Basalt_D.uasset" 1039
"C:/Projects/ProjectPal/Content/StarterContent/Textures/T_Rock_Basalt_D.uexp" 1040
"C:/Projects/ProjectPal/Content/StarterContent/Textures/T_RockMesh_N.ubulk" 1041
"C:/Projects/ProjectPal/Content/StarterContent/Textures/T_RockMesh_N.uasset" 1042
"C:/Projects/ProjectPal/Content/StarterContent/Textures/T_RockMesh_N.uexp" 1043
"C:/Projects/ProjectPal/Content/StarterContent/Textures/T_RockMesh_M.ubulk" 1044
"C:/Projects/ProjectPal/Content/StarterContent/Textures/T_RockMesh_M.uasset" 1045
"C:/Projects/ProjectPal/Content/StarterContent/Textures/T_RockMesh_M.uexp" 1046
"C:/Projects/ProjectPal/Content/StarterContent/Props/Materials/M_Rock.uasset" 1047
"C:/Projects/ProjectPal/Content/StarterContent/Props/Materials/M_Rock.uexp" 1048
"C:/Projects/ProjectPal/Content/StarterContent/Props/SM_Rock.ubulk" 1049
"C:/Projects/ProjectPal/Content/StarterContent/Props/SM_Rock.uasset" 1050
"C:/Projects/ProjectPal/Content/StarterContent/Props/SM_Rock.uexp" 1051
"C:/Projects/ProjectPal/Content/StarterContent/Materials/M_Glass.uasset" 1052
"C:/Projects/ProjectPal/Content/StarterContent/Materials/M_Glass.uexp" 1053
"C:/Projects/ProjectPal/Content/StarterContent/Textures/T_Door_N.ubulk" 1054
"C:/Projects/ProjectPal/Content/StarterContent/Textures/T_Door_N.uasset" 1055
"C:/Projects/ProjectPal/Content/StarterContent/Textures/T_Door_N.uexp" 1056
"C:/Projects/ProjectPal/Content/StarterContent/Textures/T_Door_M.ubulk" 1057
"C:/Projects/ProjectPal/Content/StarterContent/Textures/T_Door_M.uasset" 1058
"C:/Projects/ProjectPal/Content/StarterContent/Textures/T_Door_M.uexp" 1059
"C:/Projects/ProjectPal/Content/StarterContent/Props/Materials/M_Door.uasset" 1060
"C:/Projects/ProjectPal/Content/StarterContent/Props/Materials/M_Door.uexp" 1061
"C:/Projects/ProjectPal/Content/StarterContent/Props/SM_Door.ubulk" 1062
"C:/Projects/ProjectPal/Content/StarterContent/Props/SM_Door.uasset" 1063
"C:/Projects/ProjectPal/Content/StarterContent/Props/SM_Door.uexp" 1064
"C:/Projects/ProjectPal/Content/StarterContent/Textures/T_Chair_N.ubulk" 1065
"C:/Projects/ProjectPal/Content/StarterContent/Textures/T_Chair_N.uasset" 1066
"C:/Projects/ProjectPal/Content/StarterContent/Textures/T_Chair_N.uexp" 1067
"C:/Projects/ProjectPal/Content/StarterContent/Textures/T_Chair_M.ubulk" 1068
"C:/Projects/ProjectPal/Content/StarterContent/Textures/T_Chair_M.uasset" 1069
"C:/Projects/ProjectPal/Content/StarterContent/Textures/T_Chair_M.uexp" 1070
"C:/Projects/ProjectPal/Content/StarterContent/Props/Materials/M_Chair.uasset" 1071
"C:/Projects/ProjectPal/Content/StarterContent/Props/Materials/M_Chair.uexp" 1072
"C:/Projects/ProjectPal/Content/StarterContent/Props/SM_Couch.ubulk" 1073
"C:/Projects/ProjectPal/Content/StarterContent/Props/SM_Couch.uasset" 1074
"C:/Projects/ProjectPal/Content/StarterContent/Props/SM_Couch.uexp" 1075
"C:/Projects/ProjectPal/Content/StarterContent/Textures/T_Bush_N.ubulk" 1076
"C:/Projects/ProjectPal/Content/StarterContent/Textures/T_Bush_N.uasset" 1077
"C:/Projects/ProjectPal/Content/StarterContent/Textures/T_Bush_N.uexp" 1078
"C:/Projects/ProjectPal/Content/StarterContent/Textures/T_Bush_D.ubulk" 1079
"C:/Projects/ProjectPal/Content/StarterContent/Textures/T_Bush_D.uasset" 1080
"C:/Projects/ProjectPal/Content/StarterContent/Textures/T_Bush_D.uexp" 1081
"C:/Projects/ProjectPal/Content/StarterContent/Props/Materials/M_Bush.uasset" 1082
"C:/Projects/ProjectPal/Content/StarterContent/Props/Materials/M_Bush.uexp" 1083
"C:/Projects/ProjectPal/Content/StarterContent/Props/SM_Bush.ubulk" 1084
"C:/Projects/ProjectPal/Content/StarterContent/Props/SM_Bush.uasset" 1085
"C:/Projects/ProjectPal/Content/StarterContent/Props/SM_Bush.uexp" 1086
"../../../Engine/Content/EditorMeshes/ColorCalibrator/T_ColorGrid.ubulk" 1087
"../../../Engine/Content/EditorMeshes/ColorCalibrator/T_ColorGrid.uasset" 1088
"../../../Engine/Content/EditorMeshes/ColorCalibrator/T_ColorGrid.uexp" 1089
"C:/Projects/ProjectPal/Content/StarterContent/Materials/M_ColorGrid_LowSpec.uasset" 1090
"C:/Projects/ProjectPal/Content/StarterContent/Materials/M_ColorGrid_LowSpec.uexp" 1091
"C:/Projects/ProjectPal/Content/StarterContent/Textures/T_Smoke_SubUV.ubulk" 1092
"C:/Projects/ProjectPal/Content/StarterContent/Textures/T_Smoke_SubUV.uasset" 1093
"C:/Projects/ProjectPal/Content/StarterContent/Textures/T_Smoke_SubUV.uexp" 1094
"C:/Projects/ProjectPal/Content/StarterContent/Textures/T_Smoke_Tiled_D.ubulk" 1095
"C:/Projects/ProjectPal/Content/StarterContent/Textures/T_Smoke_Tiled_D.uasset" 1096
"C:/Projects/ProjectPal/Content/StarterContent/Textures/T_Smoke_Tiled_D.uexp" 1097
"C:/Projects/ProjectPal/Content/StarterContent/Particles/Materials/M_smoke_subUV.uasset" 1098
"C:/Projects/ProjectPal/Content/StarterContent/Particles/Materials/M_smoke_subUV.uexp" 1099
"C:/Projects/ProjectPal/Content/StarterContent/Textures/T_Burst_M.ubulk" 1100
"C:/Projects/ProjectPal/Content/StarterContent/Textures/T_Burst_M.uasset" 1101
"C:/Projects/ProjectPal/Content/StarterContent/Textures/T_Burst_M.uexp" 1102
"C:/Projects/ProjectPal/Content/StarterContent/Particles/Materials/M_Burst.uasset" 1103
"C:/Projects/ProjectPal/Content/StarterContent/Particles/Materials/M_Burst.uexp" 1104
"C:/Projects/ProjectPal/Content/StarterContent/Particles/Materials/m_flare_01.uasset" 1105
"C:/Projects/ProjectPal/Content/StarterContent/Particles/Materials/m_flare_01.uexp" 1106
"C:/Projects/ProjectPal/Content/StarterContent/Textures/T_Explosion_SubUV.ubulk" 1107
"C:/Projects/ProjectPal/Content/StarterContent/Textures/T_Explosion_SubUV.uasset" 1108
"C:/Projects/ProjectPal/Content/StarterContent/Textures/T_Explosion_SubUV.uexp" 1109
"C:/Projects/ProjectPal/Content/StarterContent/Particles/Materials/M_explosion_subUV.uasset" 1110
"C:/Projects/ProjectPal/Content/StarterContent/Particles/Materials/M_explosion_subUV.uexp" 1111
"../../../Engine/Content/Functions/Engine_MaterialFunctions01/Gradient/RadialGradient.uasset" 1112
"../../../Engine/Content/Functions/Engine_MaterialFunctions01/Gradient/RadialGradient.uexp" 1113
"C:/Projects/ProjectPal/Content/StarterContent/Particles/Materials/M_radial_ramp.uasset" 1114
"C:/Projects/ProjectPal/Content/StarterContent/Particles/Materials/M_radial_ramp.uexp" 1115
"C:/Projects/ProjectPal/Content/StarterContent/Particles/P_Explosion.uasset" 1116
"C:/Projects/ProjectPal/Content/StarterContent/Particles/P_Explosion.uexp" 1117
"C:/Projects/ProjectPal/Content/StarterContent/Audio/Explosion_Cue.uasset" 1118
"C:/Projects/ProjectPal/Content/StarterContent/Audio/Explosion_Cue.uexp" 1119
"C:/Projects/ProjectPal/Content/StarterContent/Blueprints/Blueprint_Effect_Explosion.uasset" 1120
"C:/Projects/ProjectPal/Content/StarterContent/Blueprints/Blueprint_Effect_Explosion.uexp" 1121
"C:/Projects/ProjectPal/Content/StarterContent/Audio/Steam01.ubulk" 1122
"C:/Projects/ProjectPal/Content/StarterContent/Audio/Steam01.uasset" 1123
"C:/Projects/ProjectPal/Content/StarterContent/Audio/Steam01.uexp" 1124
"C:/Projects/ProjectPal/Content/StarterContent/Audio/Starter_Wind06.ubulk" 1125
"C:/Projects/ProjectPal/Content/StarterContent/Audio/Starter_Wind06.uasset" 1126
"C:/Projects/ProjectPal/Content/StarterContent/Audio/Starter_Wind06.uexp" 1127
"C:/Projects/ProjectPal/Content/StarterContent/Audio/Starter_Wind05.ubulk" 1128
"C:/Projects/ProjectPal/Content/StarterContent/Audio/Starter_Wind05.uasset" 1129
"C:/Projects/ProjectPal/Content/StarterContent/Audio/Starter_Wind05.uexp" 1130
"C:/Projects/ProjectPal/Content/StarterContent/Audio/Starter_Music01.ubulk" 1131
"C:/Projects/ProjectPal/Content/StarterContent/Audio/Starter_Music01.uasset" 1132
"C:/Projects/ProjectPal/Content/StarterContent/Audio/Starter_Music01.uexp" 1133
"C:/Projects/ProjectPal/Content/StarterContent/Audio/Starter_Birds01.ubulk" 1134
"C:/Projects/ProjectPal/Content/StarterContent/Audio/Starter_Birds01.uasset" 1135
"C:/Projects/ProjectPal/Content/StarterContent/Audio/Starter_Birds01.uexp" 1136
"C:/Projects/ProjectPal/Content/StarterContent/Audio/Smoke01.ubulk" 1137
"C:/Projects/ProjectPal/Content/StarterContent/Audio/Smoke01.uasset" 1138
"C:/Projects/ProjectPal/Content/StarterContent/Audio/Smoke01.uexp" 1139
"C:/Projects/ProjectPal/Content/StarterContent/Audio/Light02_Cue.uasset" 1140
"C:/Projects/ProjectPal/Content/StarterContent/Audio/Light02_Cue.uexp" 1141
"C:/Projects/ProjectPal/Content/StarterContent/Audio/Light02.ubulk" 1142
"C:/Projects/ProjectPal/Content/StarterContent/Audio/Light02.uasset" 1143
"C:/Projects/ProjectPal/Content/StarterContent/Audio/Light02.uexp" 1144
"C:/Projects/ProjectPal/Content/StarterContent/Audio/Light01_Cue.uasset" 1145
"C:/Projects/ProjectPal/Content/StarterContent/Audio/Light01_Cue.uexp" 1146
"C:/Projects/ProjectPal/Content/StarterContent/Audio/Light01.ubulk" 1147
"C:/Projects/ProjectPal/Content/StarterContent/Audio/Light01.uasset" 1148
"C:/Projects/ProjectPal/Content/StarterContent/Audio/Light01.uexp" 1149
"C:/Projects/ProjectPal/Content/StarterContent/Audio/Fire_Sparks01.ubulk" 1150
"C:/Projects/ProjectPal/Content/StarterContent/Audio/Fire_Sparks01.uasset" 1151
"C:/Projects/ProjectPal/Content/StarterContent/Audio/Fire_Sparks01.uexp" 1152
"C:/Projects/ProjectPal/Content/StarterContent/Audio/Fire01.ubulk" 1153
"C:/Projects/ProjectPal/Content/StarterContent/Audio/Fire01.uasset" 1154
"C:/Projects/ProjectPal/Content/StarterContent/Audio/Fire01.uexp" 1155
"C:/Projects/ProjectPal/Content/StarterContent/Audio/Explosion02.ubulk" 1156
"C:/Projects/ProjectPal/Content/StarterContent/Audio/Explosion02.uasset" 1157
"C:/Projects/ProjectPal/Content/StarterContent/Audio/Explosion02.uexp" 1158
"C:/Projects/ProjectPal/Content/StarterContent/Audio/Explosion01.ubulk" 1159
"C:/Projects/ProjectPal/Content/StarterContent/Audio/Explosion01.uasset" 1160
"C:/Projects/ProjectPal/Content/StarterContent/Audio/Explosion01.uexp" 1161
"C:/Projects/ProjectPal/Content/StarterContent/Audio/Collapse02.ubulk" 1162
"C:/Projects/ProjectPal/Content/StarterContent/Audio/Collapse02.uasset" 1163
"C:/Projects/ProjectPal/Content/StarterContent/Audio/Collapse02.uexp" 1164
"C:/Projects/ProjectPal/Content/StarterContent/Audio/Collapse01.ubulk" 1165
"C:/Projects/ProjectPal/Content/StarterContent/Audio/Collapse01.uasset" 1166
"C:/Projects/ProjectPal/Content/StarterContent/Audio/Collapse01.uexp" 1167
"C:/Projects/ProjectPal/Content/StarterContent/Architecture/Wall_Window_400x400.ubulk" 1168
"C:/Projects/ProjectPal/Content/StarterContent/Architecture/Wall_Window_400x400.uasset" 1169
"C:/Projects/ProjectPal/Content/StarterContent/Architecture/Wall_Window_400x400.uexp" 1170
"C:/Projects/ProjectPal/Content/LevelPrototyping/Textures/T_GridChecker_A.ubulk" 1171
"C:/Projects/ProjectPal/Content/LevelPrototyping/Textures/T_GridChecker_A.uasset" 1172
"C:/Projects/ProjectPal/Content/LevelPrototyping/Textures/T_GridChecker_A.uexp" 1173
"../../../Engine/Content/Functions/Engine_MaterialFunctions01/Gradient/LinearGradient.uasset" 1174
"../../../Engine/Content/Functions/Engine_MaterialFunctions01/Gradient/LinearGradient.uexp" 1175
"../../../Engine/Content/Functions/Engine_MaterialFunctions01/ImageAdjustment/CheapContrast.uasset" 1176
"../../../Engine/Content/Functions/Engine_MaterialFunctions01/ImageAdjustment/CheapContrast.uexp" 1177
"C:/Projects/ProjectPal/Content/LevelPrototyping/Materials/MF_ProcGrid.uasset" 1178
"C:/Projects/ProjectPal/Content/LevelPrototyping/Materials/MF_ProcGrid.uexp" 1179
"C:/Projects/ProjectPal/Content/LevelPrototyping/Materials/M_PrototypeGrid.uasset" 1180
"C:/Projects/ProjectPal/Content/LevelPrototyping/Materials/M_PrototypeGrid.uexp" 1181
"C:/Projects/ProjectPal/Content/LevelPrototyping/Materials/MI_PrototypeGrid_Gray.uasset" 1182
"C:/Projects/ProjectPal/Content/LevelPrototyping/Materials/MI_PrototypeGrid_Gray.uexp" 1183
"C:/Projects/ProjectPal/Content/LevelPrototyping/Meshes/SM_Cylinder.ubulk" 1184
"C:/Projects/ProjectPal/Content/LevelPrototyping/Meshes/SM_Cylinder.uasset" 1185
"C:/Projects/ProjectPal/Content/LevelPrototyping/Meshes/SM_Cylinder.uexp" 1186
"C:/Projects/ProjectPal/Content/LevelPrototyping/Materials/MI_PrototypeGrid_Gray_02.uasset" 1187
"C:/Projects/ProjectPal/Content/LevelPrototyping/Materials/MI_PrototypeGrid_Gray_02.uexp" 1188
"C:/Projects/ProjectPal/Content/StarterContent/Architecture/Wall_Door_400x400.ubulk" 1189
"C:/Projects/ProjectPal/Content/StarterContent/Architecture/Wall_Door_400x400.uasset" 1190
"C:/Projects/ProjectPal/Content/StarterContent/Architecture/Wall_Door_400x400.uexp" 1191
"C:/Projects/ProjectPal/Content/StarterContent/Architecture/Wall_500x500.ubulk" 1192
"C:/Projects/ProjectPal/Content/StarterContent/Architecture/Wall_500x500.uasset" 1193
"C:/Projects/ProjectPal/Content/StarterContent/Architecture/Wall_500x500.uexp" 1194
"C:/Projects/ProjectPal/Content/StarterContent/Architecture/Wall_400x400.ubulk" 1195
"C:/Projects/ProjectPal/Content/StarterContent/Architecture/Wall_400x400.uasset" 1196
"C:/Projects/ProjectPal/Content/StarterContent/Architecture/Wall_400x400.uexp" 1197
"C:/Projects/ProjectPal/Content/StarterContent/Architecture/Wall_400x300.ubulk" 1198
"C:/Projects/ProjectPal/Content/StarterContent/Architecture/Wall_400x300.uasset" 1199
"C:/Projects/ProjectPal/Content/StarterContent/Architecture/Wall_400x300.uexp" 1200
"C:/Projects/ProjectPal/Content/StarterContent/Architecture/Pillar_50x500.ubulk" 1201
"C:/Projects/ProjectPal/Content/StarterContent/Architecture/Pillar_50x500.uasset" 1202
"C:/Projects/ProjectPal/Content/StarterContent/Architecture/Pillar_50x500.uexp" 1203
"../../../Engine/Plugins/Interchange/Runtime/Content/gltf/MaterialFunctions/MF_RotateV2.uasset" 1204
"../../../Engine/Plugins/Interchange/Runtime/Content/gltf/MaterialFunctions/MF_RotateV2.uexp" 1205
"../../../Engine/Plugins/Interchange/Runtime/Content/gltf/MaterialFunctions/MF_TransformUVs.uasset" 1206
"../../../Engine/Plugins/Interchange/Runtime/Content/gltf/MaterialFunctions/MF_TransformUVs.uexp" 1207
"../../../Engine/Plugins/Interchange/Runtime/Content/gltf/Textures/T_White_srgb.uasset" 1208
"../../../Engine/Plugins/Interchange/Runtime/Content/gltf/Textures/T_White_srgb.uexp" 1209
"../../../Engine/Plugins/Interchange/Runtime/Content/gltf/MaterialFunctions/MF_BaseColor.uasset" 1210
"../../../Engine/Plugins/Interchange/Runtime/Content/gltf/MaterialFunctions/MF_BaseColor.uexp" 1211
"../../../Engine/Plugins/Interchange/Runtime/Content/gltf/MaterialBodies/MF_Unlit_Body.uasset" 1212
"../../../Engine/Plugins/Interchange/Runtime/Content/gltf/MaterialBodies/MF_Unlit_Body.uexp" 1213
"../../../Engine/Plugins/Interchange/Runtime/Content/gltf/M_Unlit.uasset" 1214
"../../../Engine/Plugins/Interchange/Runtime/Content/gltf/M_Unlit.uexp" 1215
"../../../Engine/Plugins/Interchange/Runtime/Content/gltf/MaterialInstances/MI_Unlit_Opaque_DS.uasset" 1216
"../../../Engine/Plugins/Interchange/Runtime/Content/gltf/MaterialInstances/MI_Unlit_Opaque_DS.uexp" 1217
"../../../Engine/Plugins/Interchange/Runtime/Content/gltf/MaterialInstances/MI_Unlit_Opaque.uasset" 1218
"../../../Engine/Plugins/Interchange/Runtime/Content/gltf/MaterialInstances/MI_Unlit_Opaque.uexp" 1219
"../../../Engine/Plugins/Interchange/Runtime/Content/gltf/MaterialInstances/MI_Unlit_Mask_DS.uasset" 1220
"../../../Engine/Plugins/Interchange/Runtime/Content/gltf/MaterialInstances/MI_Unlit_Mask_DS.uexp" 1221
"../../../Engine/Plugins/Interchange/Runtime/Content/gltf/MaterialInstances/MI_Unlit_Mask.uasset" 1222
"../../../Engine/Plugins/Interchange/Runtime/Content/gltf/MaterialInstances/MI_Unlit_Mask.uexp" 1223
"../../../Engine/Plugins/Interchange/Runtime/Content/gltf/MaterialInstances/MI_Unlit_Blend_DS.uasset" 1224
"../../../Engine/Plugins/Interchange/Runtime/Content/gltf/MaterialInstances/MI_Unlit_Blend_DS.uexp" 1225
"../../../Engine/Plugins/Interchange/Runtime/Content/gltf/MaterialInstances/MI_Unlit_Blend.uasset" 1226
"../../../Engine/Plugins/Interchange/Runtime/Content/gltf/MaterialInstances/MI_Unlit_Blend.uexp" 1227
"../../../Engine/Plugins/Interchange/Runtime/Content/gltf/MaterialFunctions/MF_Iridescence.uasset" 1228
"../../../Engine/Plugins/Interchange/Runtime/Content/gltf/MaterialFunctions/MF_Iridescence.uexp" 1229
"../../../Engine/Plugins/Interchange/Runtime/Content/gltf/Textures/T_White_Linear.uasset" 1230
"../../../Engine/Plugins/Interchange/Runtime/Content/gltf/Textures/T_White_Linear.uexp" 1231
"../../../Engine/Plugins/Interchange/Runtime/Content/gltf/MaterialFunctions/MF_MetallicRoughness.uasset" 1232
"../../../Engine/Plugins/Interchange/Runtime/Content/gltf/MaterialFunctions/MF_MetallicRoughness.uexp" 1233
"../../../Engine/Plugins/Interchange/Runtime/Content/gltf/MaterialFunctions/MF_Transmission.uasset" 1234
"../../../Engine/Plugins/Interchange/Runtime/Content/gltf/MaterialFunctions/MF_Transmission.uexp" 1235
"../../../Engine/Plugins/Interchange/Runtime/Content/gltf/MaterialFunctions/MF_Occlusion.uasset" 1236
"../../../Engine/Plugins/Interchange/Runtime/Content/gltf/MaterialFunctions/MF_Occlusion.uexp" 1237
"../../../Engine/Plugins/Interchange/Runtime/Content/gltf/MaterialFunctions/MF_Specular.uasset" 1238
"../../../Engine/Plugins/Interchange/Runtime/Content/gltf/MaterialFunctions/MF_Specular.uexp" 1239
"../../../Engine/Plugins/Interchange/Runtime/Content/gltf/MaterialFunctions/MF_IOR.uasset" 1240
"../../../Engine/Plugins/Interchange/Runtime/Content/gltf/MaterialFunctions/MF_IOR.uexp" 1241
"../../../Engine/Plugins/Interchange/Runtime/Content/gltf/MaterialFunctions/MF_RotateNormals_TS.uasset" 1242
"../../../Engine/Plugins/Interchange/Runtime/Content/gltf/MaterialFunctions/MF_RotateNormals_TS.uexp" 1243
"../../../Engine/Plugins/Interchange/Runtime/Content/gltf/Textures/T_Generic_N.uasset" 1244
"../../../Engine/Plugins/Interchange/Runtime/Content/gltf/Textures/T_Generic_N.uexp" 1245
"../../../Engine/Plugins/Interchange/Runtime/Content/gltf/MaterialFunctions/MF_Normals.uasset" 1246
"../../../Engine/Plugins/Interchange/Runtime/Content/gltf/MaterialFunctions/MF_Normals.uexp" 1247
"../../../Engine/Plugins/Interchange/Runtime/Content/gltf/MaterialBodies/MF_Transmission_Body.uasset" 1248
"../../../Engine/Plugins/Interchange/Runtime/Content/gltf/MaterialBodies/MF_Transmission_Body.uexp" 1249
"../../../Engine/Plugins/Interchange/Runtime/Content/gltf/M_Transmission.uasset" 1250
"../../../Engine/Plugins/Interchange/Runtime/Content/gltf/M_Transmission.uexp" 1251
"../../../Engine/Plugins/Interchange/Runtime/Content/gltf/MaterialInstances/MI_Transmission_DS.uasset" 1252
"../../../Engine/Plugins/Interchange/Runtime/Content/gltf/MaterialInstances/MI_Transmission_DS.uexp" 1253
"../../../Engine/Plugins/Interchange/Runtime/Content/gltf/MaterialInstances/MI_Transmission.uasset" 1254
"../../../Engine/Plugins/Interchange/Runtime/Content/gltf/MaterialInstances/MI_Transmission.uexp" 1255
"../../../Engine/Plugins/Interchange/Runtime/Content/gltf/MaterialFunctions/MF_DiffuseSpecGloss.uasset" 1256
"../../../Engine/Plugins/Interchange/Runtime/Content/gltf/MaterialFunctions/MF_DiffuseSpecGloss.uexp" 1257
"../../../Engine/Content/Functions/Engine_MaterialFunctions02/Math/AddComponents.uasset" 1258
"../../../Engine/Content/Functions/Engine_MaterialFunctions02/Math/AddComponents.uexp" 1259
"../../../Engine/Plugins/Interchange/Runtime/Content/gltf/MaterialFunctions/MF_PerceivedBrightness.uasset" 1260
"../../../Engine/Plugins/Interchange/Runtime/Content/gltf/MaterialFunctions/MF_PerceivedBrightness.uexp" 1261
"../../../Engine/Plugins/Interchange/Runtime/Content/gltf/MaterialFunctions/MF_Emissive.uasset" 1262
"../../../Engine/Plugins/Interchange/Runtime/Content/gltf/MaterialFunctions/MF_Emissive.uexp" 1263
"../../../Engine/Plugins/Interchange/Runtime/Content/gltf/MaterialFunctions/MF_SpecGlossToMetalRoughness.uasset" 1264
"../../../Engine/Plugins/Interchange/Runtime/Content/gltf/MaterialFunctions/MF_SpecGlossToMetalRoughness.uexp" 1265
"../../../Engine/Plugins/Interchange/Runtime/Content/gltf/MaterialBodies/MF_SpecularGlossiness_Body.uasset" 1266
"../../../Engine/Plugins/Interchange/Runtime/Content/gltf/MaterialBodies/MF_SpecularGlossiness_Body.uexp" 1267
"../../../Engine/Plugins/Interchange/Runtime/Content/gltf/M_SpecularGlossiness.uasset" 1268
"../../../Engine/Plugins/Interchange/Runtime/Content/gltf/M_SpecularGlossiness.uexp" 1269
"../../../Engine/Plugins/Interchange/Runtime/Content/gltf/MaterialInstances/MI_SpecularGlossiness_Opaque_DS.uasset" 1270
"../../../Engine/Plugins/Interchange/Runtime/Content/gltf/MaterialInstances/MI_SpecularGlossiness_Opaque_DS.uexp" 1271
"../../../Engine/Plugins/Interchange/Runtime/Content/gltf/MaterialInstances/MI_SpecularGlossiness_Opaque.uasset" 1272
"../../../Engine/Plugins/Interchange/Runtime/Content/gltf/MaterialInstances/MI_SpecularGlossiness_Opaque.uexp" 1273
"../../../Engine/Plugins/Interchange/Runtime/Content/gltf/MaterialInstances/MI_SpecularGlossiness_Mask_DS.uasset" 1274
"../../../Engine/Plugins/Interchange/Runtime/Content/gltf/MaterialInstances/MI_SpecularGlossiness_Mask_DS.uexp" 1275
"../../../Engine/Plugins/Interchange/Runtime/Content/gltf/MaterialInstances/MI_SpecularGlossiness_Mask.uasset" 1276
"../../../Engine/Plugins/Interchange/Runtime/Content/gltf/MaterialInstances/MI_SpecularGlossiness_Mask.uexp" 1277
"../../../Engine/Plugins/Interchange/Runtime/Content/gltf/MaterialInstances/MI_SpecularGlossiness_Blend_DS.uasset" 1278
"../../../Engine/Plugins/Interchange/Runtime/Content/gltf/MaterialInstances/MI_SpecularGlossiness_Blend_DS.uexp" 1279
"../../../Engine/Plugins/Interchange/Runtime/Content/gltf/MaterialInstances/MI_SpecularGlossiness_Blend.uasset" 1280
"../../../Engine/Plugins/Interchange/Runtime/Content/gltf/MaterialInstances/MI_SpecularGlossiness_Blend.uexp" 1281
"../../../Engine/Plugins/Interchange/Runtime/Content/gltf/MaterialFunctions/MF_Sheen.uasset" 1282
"../../../Engine/Plugins/Interchange/Runtime/Content/gltf/MaterialFunctions/MF_Sheen.uexp" 1283
"../../../Engine/Plugins/Interchange/Runtime/Content/gltf/MaterialBodies/MF_Sheen_Body.uasset" 1284
"../../../Engine/Plugins/Interchange/Runtime/Content/gltf/MaterialBodies/MF_Sheen_Body.uexp" 1285
"../../../Engine/Plugins/Interchange/Runtime/Content/gltf/M_Sheen.uasset" 1286
"../../../Engine/Plugins/Interchange/Runtime/Content/gltf/M_Sheen.uexp" 1287
"../../../Engine/Plugins/Interchange/Runtime/Content/gltf/MaterialInstances/MI_Sheen_Opaque_DS.uasset" 1288
"../../../Engine/Plugins/Interchange/Runtime/Content/gltf/MaterialInstances/MI_Sheen_Opaque_DS.uexp" 1289
"../../../Engine/Plugins/Interchange/Runtime/Content/gltf/MaterialInstances/MI_Sheen_Opaque.uasset" 1290
"../../../Engine/Plugins/Interchange/Runtime/Content/gltf/MaterialInstances/MI_Sheen_Opaque.uexp" 1291
"../../../Engine/Plugins/Interchange/Runtime/Content/gltf/MaterialInstances/MI_Sheen_Mask_DS.uasset" 1292
"../../../Engine/Plugins/Interchange/Runtime/Content/gltf/MaterialInstances/MI_Sheen_Mask_DS.uexp" 1293
"../../../Engine/Plugins/Interchange/Runtime/Content/gltf/MaterialInstances/MI_Sheen_Mask.uasset" 1294
"../../../Engine/Plugins/Interchange/Runtime/Content/gltf/MaterialInstances/MI_Sheen_Mask.uexp" 1295
"../../../Engine/Plugins/Interchange/Runtime/Content/gltf/MaterialInstances/MI_Sheen_Blend_DS.uasset" 1296
"../../../Engine/Plugins/Interchange/Runtime/Content/gltf/MaterialInstances/MI_Sheen_Blend_DS.uexp" 1297
"../../../Engine/Plugins/Interchange/Runtime/Content/gltf/MaterialInstances/MI_Sheen_Blend.uasset" 1298
"../../../Engine/Plugins/Interchange/Runtime/Content/gltf/MaterialInstances/MI_Sheen_Blend.uexp" 1299
"../../../Engine/Plugins/Interchange/Runtime/Content/gltf/MaterialBodies/MF_Default_Body.uasset" 1300
"../../../Engine/Plugins/Interchange/Runtime/Content/gltf/MaterialBodies/MF_Default_Body.uexp" 1301
"../../../Engine/Plugins/Interchange/Runtime/Content/gltf/M_Default.uasset" 1302
"../../../Engine/Plugins/Interchange/Runtime/Content/gltf/M_Default.uexp" 1303
"../../../Engine/Plugins/Interchange/Runtime/Content/gltf/MaterialInstances/MI_Default_Opaque_DS.uasset" 1304
"../../../Engine/Plugins/Interchange/Runtime/Content/gltf/MaterialInstances/MI_Default_Opaque_DS.uexp" 1305
"../../../Engine/Plugins/Interchange/Runtime/Content/gltf/MaterialInstances/MI_Default_Opaque.uasset" 1306
"../../../Engine/Plugins/Interchange/Runtime/Content/gltf/MaterialInstances/MI_Default_Opaque.uexp" 1307
"../../../Engine/Plugins/Interchange/Runtime/Content/gltf/MaterialInstances/MI_Default_Mask_DS.uasset" 1308
"../../../Engine/Plugins/Interchange/Runtime/Content/gltf/MaterialInstances/MI_Default_Mask_DS.uexp" 1309
"../../../Engine/Plugins/Interchange/Runtime/Content/gltf/MaterialInstances/MI_Default_Mask.uasset" 1310
"../../../Engine/Plugins/Interchange/Runtime/Content/gltf/MaterialInstances/MI_Default_Mask.uexp" 1311
"../../../Engine/Plugins/Interchange/Runtime/Content/gltf/MaterialInstances/MI_Default_Blend_DS.uasset" 1312
"../../../Engine/Plugins/Interchange/Runtime/Content/gltf/MaterialInstances/MI_Default_Blend_DS.uexp" 1313
"../../../Engine/Plugins/Interchange/Runtime/Content/gltf/MaterialInstances/MI_Default_Blend.uasset" 1314
"../../../Engine/Plugins/Interchange/Runtime/Content/gltf/MaterialInstances/MI_Default_Blend.uexp" 1315
"../../../Engine/Content/Functions/Engine_MaterialFunctions01/Texturing/FlattenNormal.uasset" 1316
"../../../Engine/Content/Functions/Engine_MaterialFunctions01/Texturing/FlattenNormal.uexp" 1317
"../../../Engine/Plugins/Interchange/Runtime/Content/gltf/MaterialFunctions/MF_Clearcoat.uasset" 1318
"../../../Engine/Plugins/Interchange/Runtime/Content/gltf/MaterialFunctions/MF_Clearcoat.uexp" 1319
"../../../Engine/Plugins/Interchange/Runtime/Content/gltf/MaterialBodies/MF_ClearCoat_Body.uasset" 1320
"../../../Engine/Plugins/Interchange/Runtime/Content/gltf/MaterialBodies/MF_ClearCoat_Body.uexp" 1321
"../../../Engine/Plugins/Interchange/Runtime/Content/gltf/M_ClearCoat.uasset" 1322
"../../../Engine/Plugins/Interchange/Runtime/Content/gltf/M_ClearCoat.uexp" 1323
"../../../Engine/Plugins/Interchange/Runtime/Content/gltf/MaterialInstances/MI_ClearCoat_Opaque_DS.uasset" 1324
"../../../Engine/Plugins/Interchange/Runtime/Content/gltf/MaterialInstances/MI_ClearCoat_Opaque_DS.uexp" 1325
"../../../Engine/Plugins/Interchange/Runtime/Content/gltf/MaterialInstances/MI_ClearCoat_Opaque.uasset" 1326
"../../../Engine/Plugins/Interchange/Runtime/Content/gltf/MaterialInstances/MI_ClearCoat_Opaque.uexp" 1327
"../../../Engine/Plugins/Interchange/Runtime/Content/gltf/MaterialInstances/MI_ClearCoat_Mask_DS.uasset" 1328
"../../../Engine/Plugins/Interchange/Runtime/Content/gltf/MaterialInstances/MI_ClearCoat_Mask_DS.uexp" 1329
"../../../Engine/Plugins/Interchange/Runtime/Content/gltf/MaterialInstances/MI_ClearCoat_Mask.uasset" 1330
"../../../Engine/Plugins/Interchange/Runtime/Content/gltf/MaterialInstances/MI_ClearCoat_Mask.uexp" 1331
"../../../Engine/Plugins/Interchange/Runtime/Content/gltf/MaterialInstances/MI_ClearCoat_Blend_DS.uasset" 1332
"../../../Engine/Plugins/Interchange/Runtime/Content/gltf/MaterialInstances/MI_ClearCoat_Blend_DS.uexp" 1333
"../../../Engine/Plugins/Interchange/Runtime/Content/gltf/MaterialInstances/MI_ClearCoat_Blend.uasset" 1334
"../../../Engine/Plugins/Interchange/Runtime/Content/gltf/MaterialInstances/MI_ClearCoat_Blend.uexp" 1335
"../../../Engine/Content/MobileResources/HUD/VirtualJoystick_Background.uasset" 1336
"../../../Engine/Content/MobileResources/HUD/VirtualJoystick_Background.uexp" 1337
"../../../Engine/Content/MobileResources/HUD/VirtualJoystick_Thumb.uasset" 1338
"../../../Engine/Content/MobileResources/HUD/VirtualJoystick_Thumb.uexp" 1339
"../../../Engine/Content/MobileResources/HUD/DefaultVirtualJoysticks.uasset" 1340
"../../../Engine/Content/MobileResources/HUD/DefaultVirtualJoysticks.uexp" 1341
"../../../Engine/Content/Functions/Engine_MaterialFunctions01/Shading/PowerToRoughness.uasset" 1342
"../../../Engine/Content/Functions/Engine_MaterialFunctions01/Shading/PowerToRoughness.uexp" 1343
"../../../Engine/Content/Functions/Engine_MaterialFunctions01/Shading/ConvertFromDiffSpec.uasset" 1344
"../../../Engine/Content/Functions/Engine_MaterialFunctions01/Shading/ConvertFromDiffSpec.uexp" 1345
"../../../Engine/Content/EngineSky/VolumetricClouds/CloudWeatherTexture.uasset" 1346
"../../../Engine/Content/EngineSky/VolumetricClouds/CloudWeatherTexture.uexp" 1347
"../../../Engine/Content/Functions/Engine_MaterialFunctions02/Utility/MakeFloat2.uasset" 1348
"../../../Engine/Content/Functions/Engine_MaterialFunctions02/Utility/MakeFloat2.uexp" 1349
"../../../Engine/Content/EngineSky/VolumetricClouds/CloudGradientTexture.uasset" 1350
"../../../Engine/Content/EngineSky/VolumetricClouds/CloudGradientTexture.uexp" 1351
"../../../Engine/Content/EngineSky/VolumetricClouds/T_NoiseShape64.ubulk" 1352
"../../../Engine/Content/EngineSky/VolumetricClouds/T_NoiseShape64.uasset" 1353
"../../../Engine/Content/EngineSky/VolumetricClouds/T_NoiseShape64.uexp" 1354
"../../../Engine/Content/EngineSky/VolumetricClouds/T_VolumeNoiseShape64.uasset" 1355
"../../../Engine/Content/EngineSky/VolumetricClouds/T_VolumeNoiseShape64.uexp" 1356
"../../../Engine/Content/EngineSky/VolumetricClouds/T_NoiseErosion.ubulk" 1357
"../../../Engine/Content/EngineSky/VolumetricClouds/T_NoiseErosion.uasset" 1358
"../../../Engine/Content/EngineSky/VolumetricClouds/T_NoiseErosion.uexp" 1359
"../../../Engine/Content/EngineSky/VolumetricClouds/T_VolumeNoiseErosion32.uasset" 1360
"../../../Engine/Content/EngineSky/VolumetricClouds/T_VolumeNoiseErosion32.uexp" 1361
"../../../Engine/Content/EngineSky/VolumetricClouds/m_SimpleVolumetricCloud.uasset" 1362
"../../../Engine/Content/EngineSky/VolumetricClouds/m_SimpleVolumetricCloud.uexp" 1363
"../../../Engine/Content/EngineSky/VolumetricClouds/m_SimpleVolumetricCloud_Inst.uasset" 1364
"../../../Engine/Content/EngineSky/VolumetricClouds/m_SimpleVolumetricCloud_Inst.uexp" 1365
"../../../Engine/Content/EngineResources/FilmGrains/Marcie_Grain_v3_128_M2_000.uasset" 1366
"../../../Engine/Content/EngineResources/FilmGrains/Marcie_Grain_v3_128_M2_000.uexp" 1367
"../../../Engine/Content/EngineMaterials/Substrate/Volume/SubstrateSimpleVolumeLUT3D.uasset" 1368
"../../../Engine/Content/EngineMaterials/Substrate/Volume/SubstrateSimpleVolumeLUT3D.uexp" 1369
"../../../Engine/Content/EngineMaterials/Substrate/Volume/SubstrateSimpleVolumeEnvLUT3D.uasset" 1370
"../../../Engine/Content/EngineMaterials/Substrate/Volume/SubstrateSimpleVolumeEnvLUT3D.uexp" 1371
"C:/Projects/ProjectPal/Content/_Pal/Import/Player/T_NPC_Male_Help02_Body_M.ubulk" 1372
"C:/Projects/ProjectPal/Content/_Pal/Import/Player/T_NPC_Male_Help02_Body_M.uasset" 1373
"C:/Projects/ProjectPal/Content/_Pal/Import/Player/T_NPC_Male_Help02_Body_M.uexp" 1374
"C:/Projects/ProjectPal/Content/_Pal/Import/Player/Pal_Player_PhysicsAsset.uasset" 1375
"C:/Projects/ProjectPal/Content/_Pal/Import/Player/Pal_Player_PhysicsAsset.uexp" 1376
"C:/Projects/ProjectPal/Content/_Pal/Import/Player/T_NPC_Male_Help02_Body_N.ubulk" 1377
"C:/Projects/ProjectPal/Content/_Pal/Import/Player/T_NPC_Male_Help02_Body_N.uasset" 1378
"C:/Projects/ProjectPal/Content/_Pal/Import/Player/T_NPC_Male_Help02_Body_N.uexp" 1379
"C:/Projects/ProjectPal/Content/_Pal/Import/Player/T_NPC_Male_Help02_Body_B.ubulk" 1380
"C:/Projects/ProjectPal/Content/_Pal/Import/Player/T_NPC_Male_Help02_Body_B.uasset" 1381
"C:/Projects/ProjectPal/Content/_Pal/Import/Player/T_NPC_Male_Help02_Body_B.uexp" 1382
"C:/Projects/ProjectPal/Content/_Pal/Import/Player/MI_NPC_Male_Help02_Body.uasset" 1383
"C:/Projects/ProjectPal/Content/_Pal/Import/Player/MI_NPC_Male_Help02_Body.uexp" 1384
"C:/Projects/ProjectPal/Content/_Pal/Import/Player/Pal_Player_Skeleton.uasset" 1385
"C:/Projects/ProjectPal/Content/_Pal/Import/Player/Pal_Player_Skeleton.uexp" 1386
"C:/Projects/ProjectPal/Content/_Pal/Import/Player/T_NPC_Male_Help02_Eye001_Cornea.ubulk" 1387
"C:/Projects/ProjectPal/Content/_Pal/Import/Player/T_NPC_Male_Help02_Eye001_Cornea.uasset" 1388
"C:/Projects/ProjectPal/Content/_Pal/Import/Player/T_NPC_Male_Help02_Eye001_Cornea.uexp" 1389
"C:/Projects/ProjectPal/Content/_Pal/Import/Player/MI_NPC_Male_Help02_Eye.uasset" 1390
"C:/Projects/ProjectPal/Content/_Pal/Import/Player/MI_NPC_Male_Help02_Eye.uexp" 1391
"C:/Projects/ProjectPal/Content/_Pal/Import/Player/T_NPC_Male_Reward_PalDisplay_M01_EM.ubulk" 1392
"C:/Projects/ProjectPal/Content/_Pal/Import/Player/T_NPC_Male_Reward_PalDisplay_M01_EM.uasset" 1393
"C:/Projects/ProjectPal/Content/_Pal/Import/Player/T_NPC_Male_Reward_PalDisplay_M01_EM.uexp" 1394
"C:/Projects/ProjectPal/Content/_Pal/Import/Player/T_NPC_Male_Reward_PalDisplay_M01_N.ubulk" 1395
"C:/Projects/ProjectPal/Content/_Pal/Import/Player/T_NPC_Male_Reward_PalDisplay_M01_N.uasset" 1396
"C:/Projects/ProjectPal/Content/_Pal/Import/Player/T_NPC_Male_Reward_PalDisplay_M01_N.uexp" 1397
"C:/Projects/ProjectPal/Content/_Pal/Import/Player/T_NPC_Male_Reward_PalDisplay_M01_M.ubulk" 1398
"C:/Projects/ProjectPal/Content/_Pal/Import/Player/T_NPC_Male_Reward_PalDisplay_M01_M.uasset" 1399
"C:/Projects/ProjectPal/Content/_Pal/Import/Player/T_NPC_Male_Reward_PalDisplay_M01_M.uexp" 1400
"C:/Projects/ProjectPal/Content/_Pal/Import/Player/T_NPC_Male_Reward_PalDisplay_M01_B.ubulk" 1401
"C:/Projects/ProjectPal/Content/_Pal/Import/Player/T_NPC_Male_Reward_PalDisplay_M01_B.uasset" 1402
"C:/Projects/ProjectPal/Content/_Pal/Import/Player/T_NPC_Male_Reward_PalDisplay_M01_B.uexp" 1403
"C:/Projects/ProjectPal/Content/_Pal/Import/Player/MI_NPC_Male_Reward_PalDisplay_M01.uasset" 1404
"C:/Projects/ProjectPal/Content/_Pal/Import/Player/MI_NPC_Male_Reward_PalDisplay_M01.uexp" 1405
"C:/Projects/ProjectPal/Content/_Pal/Import/Player/Pal_Player.uasset" 1406
"C:/Projects/ProjectPal/Content/_Pal/Import/Player/Pal_Player.uexp" 1407
"C:/Projects/ProjectPal/Content/_Pal/Import/Player/M_PalHuman_Reward_PalDisplay_Sample.uasset" 1408
"C:/Projects/ProjectPal/Content/_Pal/Import/Player/M_PalHuman_Reward_PalDisplay_Sample.uexp" 1409
"C:/Projects/ProjectPal/Content/_Pal/Import/Player/M_PalHuman_Eye_Sample.uasset" 1410
"C:/Projects/ProjectPal/Content/_Pal/Import/Player/M_PalHuman_Eye_Sample.uexp" 1411
"C:/Projects/ProjectPal/Content/_Pal/Import/Player/M_PalHuman_Body_Sample.uasset" 1412
"C:/Projects/ProjectPal/Content/_Pal/Import/Player/M_PalHuman_Body_Sample.uexp" 1413
"C:/Projects/ProjectPal/Content/FXVarietyPack/Meshes/SM_ky_tornado07.ubulk" 1414
"C:/Projects/ProjectPal/Content/FXVarietyPack/Meshes/SM_ky_tornado07.uasset" 1415
"C:/Projects/ProjectPal/Content/FXVarietyPack/Meshes/SM_ky_tornado07.uexp" 1416
"C:/Projects/ProjectPal/Content/FXVarietyPack/Meshes/SM_ky_quad_centerRot.ubulk" 1417
"C:/Projects/ProjectPal/Content/FXVarietyPack/Meshes/SM_ky_quad_centerRot.uasset" 1418
"C:/Projects/ProjectPal/Content/FXVarietyPack/Meshes/SM_ky_quad_centerRot.uexp" 1419
"C:/Projects/ProjectPal/Content/FXVarietyPack/Materials/M_ky_empty.uasset" 1420
"C:/Projects/ProjectPal/Content/FXVarietyPack/Materials/M_ky_empty.uexp" 1421
"../../../Engine/Content/Functions/Engine_MaterialFunctions03/Texturing/TwoSidedTexturing.uasset" 1422
"../../../Engine/Content/Functions/Engine_MaterialFunctions03/Texturing/TwoSidedTexturing.uexp" 1423
"C:/Projects/ProjectPal/Content/FXVarietyPack/Textures/T_ky_maskRGB3.ubulk" 1424
"C:/Projects/ProjectPal/Content/FXVarietyPack/Textures/T_ky_maskRGB3.uasset" 1425
"C:/Projects/ProjectPal/Content/FXVarietyPack/Textures/T_ky_maskRGB3.uexp" 1426
"../../../Engine/Content/EngineResources/DefaultTexture.ubulk" 1427
"../../../Engine/Content/EngineResources/DefaultTexture.uasset" 1428
"../../../Engine/Content/EngineResources/DefaultTexture.uexp" 1429
"C:/Projects/ProjectPal/Content/FXVarietyPack/Materials/Mfunction/MF_ky_AddHilight.uasset" 1430
"C:/Projects/ProjectPal/Content/FXVarietyPack/Materials/Mfunction/MF_ky_AddHilight.uexp" 1431
"C:/Projects/ProjectPal/Content/FXVarietyPack/Textures/T_ky_noise5.ubulk" 1432
"C:/Projects/ProjectPal/Content/FXVarietyPack/Textures/T_ky_noise5.uasset" 1433
"C:/Projects/ProjectPal/Content/FXVarietyPack/Textures/T_ky_noise5.uexp" 1434
"C:/Projects/ProjectPal/Content/FXVarietyPack/Materials/Mfunction/MF_ky_TexController_primitive.uasset" 1435
"C:/Projects/ProjectPal/Content/FXVarietyPack/Materials/Mfunction/MF_ky_TexController_primitive.uexp" 1436
"C:/Projects/ProjectPal/Content/FXVarietyPack/Textures/T_ky_noise17.ubulk" 1437
"C:/Projects/ProjectPal/Content/FXVarietyPack/Textures/T_ky_noise17.uasset" 1438
"C:/Projects/ProjectPal/Content/FXVarietyPack/Textures/T_ky_noise17.uexp" 1439
"C:/Projects/ProjectPal/Content/FXVarietyPack/Materials/Mfunction/MF_ky_MaskToTopUnder.uasset" 1440
"C:/Projects/ProjectPal/Content/FXVarietyPack/Materials/Mfunction/MF_ky_MaskToTopUnder.uexp" 1441
"C:/Projects/ProjectPal/Content/FXVarietyPack/Materials/Mfunction/MF_ky_TexController.uasset" 1442
"C:/Projects/ProjectPal/Content/FXVarietyPack/Materials/Mfunction/MF_ky_TexController.uexp" 1443
"C:/Projects/ProjectPal/Content/FXVarietyPack/Materials/M_ky_storm01.uasset" 1444
"C:/Projects/ProjectPal/Content/FXVarietyPack/Materials/M_ky_storm01.uexp" 1445
"C:/Projects/ProjectPal/Content/FXVarietyPack/Meshes/SM_ky_circleDist06.ubulk" 1446
"C:/Projects/ProjectPal/Content/FXVarietyPack/Meshes/SM_ky_circleDist06.uasset" 1447
"C:/Projects/ProjectPal/Content/FXVarietyPack/Meshes/SM_ky_circleDist06.uexp" 1448
"C:/Projects/ProjectPal/Content/FXVarietyPack/Textures/T_ky_stone02_2x2.ubulk" 1449
"C:/Projects/ProjectPal/Content/FXVarietyPack/Textures/T_ky_stone02_2x2.uasset" 1450
"C:/Projects/ProjectPal/Content/FXVarietyPack/Textures/T_ky_stone02_2x2.uexp" 1451
"../../../Engine/Content/Functions/Engine_MaterialFunctions02/Utility/DitherTemporalAA.uasset" 1452
"../../../Engine/Content/Functions/Engine_MaterialFunctions02/Utility/DitherTemporalAA.uexp" 1453
"C:/Projects/ProjectPal/Content/FXVarietyPack/Materials/M_ky_stone02.uasset" 1454
"C:/Projects/ProjectPal/Content/FXVarietyPack/Materials/M_ky_stone02.uexp" 1455
"../../../Engine/Content/Functions/Engine_MaterialFunctions01/Density/ExponentialDensity.uasset" 1456
"../../../Engine/Content/Functions/Engine_MaterialFunctions01/Density/ExponentialDensity.uexp" 1457
"C:/Projects/ProjectPal/Content/FXVarietyPack/Textures/T_ky_dist_noise.uasset" 1458
"C:/Projects/ProjectPal/Content/FXVarietyPack/Textures/T_ky_dist_noise.uexp" 1459
"C:/Projects/ProjectPal/Content/FXVarietyPack/Textures/T_ky_smoke_kai.ubulk" 1460
"C:/Projects/ProjectPal/Content/FXVarietyPack/Textures/T_ky_smoke_kai.uasset" 1461
"C:/Projects/ProjectPal/Content/FXVarietyPack/Textures/T_ky_smoke_kai.uexp" 1462
"../../../Engine/Content/Functions/Engine_MaterialFunctions01/Gradient/RadialGradientExponential.uasset" 1463
"../../../Engine/Content/Functions/Engine_MaterialFunctions01/Gradient/RadialGradientExponential.uexp" 1464
"C:/Projects/ProjectPal/Content/FXVarietyPack/Materials/M_ky_base_turbulence.uasset" 1465
"C:/Projects/ProjectPal/Content/FXVarietyPack/Materials/M_ky_base_turbulence.uexp" 1466
"C:/Projects/ProjectPal/Content/FXVarietyPack/Materials/MI_ky_turbulence_smoke2d_trs.uasset" 1467
"C:/Projects/ProjectPal/Content/FXVarietyPack/Materials/MI_ky_turbulence_smoke2d_trs.uexp" 1468
"C:/Projects/ProjectPal/Content/FXVarietyPack/Textures/T_ky_vortex04_4x4.ubulk" 1469
"C:/Projects/ProjectPal/Content/FXVarietyPack/Textures/T_ky_vortex04_4x4.uasset" 1470
"C:/Projects/ProjectPal/Content/FXVarietyPack/Textures/T_ky_vortex04_4x4.uexp" 1471
"C:/Projects/ProjectPal/Content/FXVarietyPack/Materials/M_ky_vortex04_4x4.uasset" 1472
"C:/Projects/ProjectPal/Content/FXVarietyPack/Materials/M_ky_vortex04_4x4.uexp" 1473
"C:/Projects/ProjectPal/Content/FXVarietyPack/Materials/MI_ky_vortex04B_4x4_two.uasset" 1474
"C:/Projects/ProjectPal/Content/FXVarietyPack/Materials/MI_ky_vortex04B_4x4_two.uexp" 1475
"C:/Projects/ProjectPal/Content/FXVarietyPack/Textures/T_ky_flare_a.ubulk" 1476
"C:/Projects/ProjectPal/Content/FXVarietyPack/Textures/T_ky_flare_a.uasset" 1477
"C:/Projects/ProjectPal/Content/FXVarietyPack/Textures/T_ky_flare_a.uexp" 1478
"C:/Projects/ProjectPal/Content/FXVarietyPack/Materials/M_ky_flare_flash.uasset" 1479
"C:/Projects/ProjectPal/Content/FXVarietyPack/Materials/M_ky_flare_flash.uexp" 1480
"C:/Projects/ProjectPal/Content/FXVarietyPack/Textures/T_ky_noise6.ubulk" 1481
"C:/Projects/ProjectPal/Content/FXVarietyPack/Textures/T_ky_noise6.uasset" 1482
"C:/Projects/ProjectPal/Content/FXVarietyPack/Textures/T_ky_noise6.uexp" 1483
"C:/Projects/ProjectPal/Content/FXVarietyPack/Textures/T_ky_noise4.ubulk" 1484
"C:/Projects/ProjectPal/Content/FXVarietyPack/Textures/T_ky_noise4.uasset" 1485
"C:/Projects/ProjectPal/Content/FXVarietyPack/Textures/T_ky_noise4.uexp" 1486
"C:/Projects/ProjectPal/Content/FXVarietyPack/Materials/M_ky_stormDeco01.uasset" 1487
"C:/Projects/ProjectPal/Content/FXVarietyPack/Materials/M_ky_stormDeco01.uexp" 1488
"C:/Projects/ProjectPal/Content/FXVarietyPack/Materials/MI_ky_storm01_nonD.uasset" 1489
"C:/Projects/ProjectPal/Content/FXVarietyPack/Materials/MI_ky_storm01_nonD.uexp" 1490
"C:/Projects/ProjectPal/Content/FXVarietyPack/Particles/P_ky_storm.uasset" 1491
"C:/Projects/ProjectPal/Content/FXVarietyPack/Particles/P_ky_storm.uexp" 1492
"C:/Projects/ProjectPal/Content/_Pal/BluePrint/Projectile/BP_PJGrassTornado.uasset" 1493
"C:/Projects/ProjectPal/Content/_Pal/BluePrint/Projectile/BP_PJGrassTornado.uexp" 1494
"C:/Projects/ProjectPal/Content/_Pal/BluePrint/Niagara/NS_Tornado.uasset" 1495
"C:/Projects/ProjectPal/Content/_Pal/BluePrint/Niagara/NS_Tornado.uexp" 1496
"C:/Projects/ProjectPal/Content/_Pal/BluePrint/Material/T_Noise41.ubulk" 1497
"C:/Projects/ProjectPal/Content/_Pal/BluePrint/Material/T_Noise41.uasset" 1498
"C:/Projects/ProjectPal/Content/_Pal/BluePrint/Material/T_Noise41.uexp" 1499
"C:/Projects/ProjectPal/Content/_Pal/BluePrint/Material/T_Noise_02.ubulk" 1500
"C:/Projects/ProjectPal/Content/_Pal/BluePrint/Material/T_Noise_02.uasset" 1501
"C:/Projects/ProjectPal/Content/_Pal/BluePrint/Material/T_Noise_02.uexp" 1502
"C:/Projects/ProjectPal/Content/_Pal/BluePrint/Material/T_Default_Noise02.ubulk" 1503
"C:/Projects/ProjectPal/Content/_Pal/BluePrint/Material/T_Default_Noise02.uasset" 1504
"C:/Projects/ProjectPal/Content/_Pal/BluePrint/Material/T_Default_Noise02.uexp" 1505
"C:/Projects/ProjectPal/Content/_Pal/BluePrint/Material/M_Tornado_Trans.uasset" 1506
"C:/Projects/ProjectPal/Content/_Pal/BluePrint/Material/M_Tornado_Trans.uexp" 1507
"C:/Projects/ProjectPal/Content/_Pal/BluePrint/Material/MI_GrassTornado_Test.uasset" 1508
"C:/Projects/ProjectPal/Content/_Pal/BluePrint/Material/MI_GrassTornado_Test.uexp" 1509
"C:/Projects/ProjectPal/Content/Stylized_Nature_Set/Textures/Rocks/T_Rock_011_M.ubulk" 1510
"C:/Projects/ProjectPal/Content/Stylized_Nature_Set/Textures/Rocks/T_Rock_011_M.uasset" 1511
"C:/Projects/ProjectPal/Content/Stylized_Nature_Set/Textures/Rocks/T_Rock_011_M.uexp" 1512
"C:/Projects/ProjectPal/Content/Stylized_Nature_Set/Textures/Rocks/T_Rock_010_ORM.ubulk" 1513
"C:/Projects/ProjectPal/Content/Stylized_Nature_Set/Textures/Rocks/T_Rock_010_ORM.uasset" 1514
"C:/Projects/ProjectPal/Content/Stylized_Nature_Set/Textures/Rocks/T_Rock_010_ORM.uexp" 1515
"C:/Projects/ProjectPal/Content/Stylized_Nature_Set/Textures/Rocks/T_Rock_010_M.ubulk" 1516
"C:/Projects/ProjectPal/Content/Stylized_Nature_Set/Textures/Rocks/T_Rock_010_M.uasset" 1517
"C:/Projects/ProjectPal/Content/Stylized_Nature_Set/Textures/Rocks/T_Rock_010_M.uexp" 1518
"C:/Projects/ProjectPal/Content/Stylized_Nature_Set/Textures/Rocks/T_Rock_009_ORM.ubulk" 1519
"C:/Projects/ProjectPal/Content/Stylized_Nature_Set/Textures/Rocks/T_Rock_009_ORM.uasset" 1520
"C:/Projects/ProjectPal/Content/Stylized_Nature_Set/Textures/Rocks/T_Rock_009_ORM.uexp" 1521
"C:/Projects/ProjectPal/Content/Stylized_Nature_Set/Textures/Rocks/T_Rock_009_M.ubulk" 1522
"C:/Projects/ProjectPal/Content/Stylized_Nature_Set/Textures/Rocks/T_Rock_009_M.uasset" 1523
"C:/Projects/ProjectPal/Content/Stylized_Nature_Set/Textures/Rocks/T_Rock_009_M.uexp" 1524
"C:/Projects/ProjectPal/Content/Stylized_Nature_Set/Textures/Rocks/T_Rock_008_M.ubulk" 1525
"C:/Projects/ProjectPal/Content/Stylized_Nature_Set/Textures/Rocks/T_Rock_008_M.uasset" 1526
"C:/Projects/ProjectPal/Content/Stylized_Nature_Set/Textures/Rocks/T_Rock_008_M.uexp" 1527
"C:/Projects/ProjectPal/Content/Stylized_Nature_Set/Textures/Rocks/T_Rock_007_M.ubulk" 1528
"C:/Projects/ProjectPal/Content/Stylized_Nature_Set/Textures/Rocks/T_Rock_007_M.uasset" 1529
"C:/Projects/ProjectPal/Content/Stylized_Nature_Set/Textures/Rocks/T_Rock_007_M.uexp" 1530
"C:/Projects/ProjectPal/Content/Stylized_Nature_Set/Textures/Rocks/T_Rock_006_M.ubulk" 1531
"C:/Projects/ProjectPal/Content/Stylized_Nature_Set/Textures/Rocks/T_Rock_006_M.uasset" 1532
"C:/Projects/ProjectPal/Content/Stylized_Nature_Set/Textures/Rocks/T_Rock_006_M.uexp" 1533
"C:/Projects/ProjectPal/Content/Stylized_Nature_Set/Textures/Rocks/T_Rock_005_M.ubulk" 1534
"C:/Projects/ProjectPal/Content/Stylized_Nature_Set/Textures/Rocks/T_Rock_005_M.uasset" 1535
"C:/Projects/ProjectPal/Content/Stylized_Nature_Set/Textures/Rocks/T_Rock_005_M.uexp" 1536
"C:/Projects/ProjectPal/Content/Stylized_Nature_Set/Textures/Rocks/T_Rock_004_M.ubulk" 1537
"C:/Projects/ProjectPal/Content/Stylized_Nature_Set/Textures/Rocks/T_Rock_004_M.uasset" 1538
"C:/Projects/ProjectPal/Content/Stylized_Nature_Set/Textures/Rocks/T_Rock_004_M.uexp" 1539
"C:/Projects/ProjectPal/Content/Stylized_Nature_Set/Textures/Rocks/T_Rock_001_M.ubulk" 1540
"C:/Projects/ProjectPal/Content/Stylized_Nature_Set/Textures/Rocks/T_Rock_001_M.uasset" 1541
"C:/Projects/ProjectPal/Content/Stylized_Nature_Set/Textures/Rocks/T_Rock_001_M.uexp" 1542
"C:/Projects/ProjectPal/Content/Stylized_Nature_Set/Textures/Noise/T_WaveNoise.ubulk" 1543
"C:/Projects/ProjectPal/Content/Stylized_Nature_Set/Textures/Noise/T_WaveNoise.uasset" 1544
"C:/Projects/ProjectPal/Content/Stylized_Nature_Set/Textures/Noise/T_WaveNoise.uexp" 1545
"C:/Projects/ProjectPal/Content/Stylized_Nature_Set/Textures/Mossy/T_Mossy_ORMH.ubulk" 1546
"C:/Projects/ProjectPal/Content/Stylized_Nature_Set/Textures/Mossy/T_Mossy_ORMH.uasset" 1547
"C:/Projects/ProjectPal/Content/Stylized_Nature_Set/Textures/Mossy/T_Mossy_ORMH.uexp" 1548
"C:/Projects/ProjectPal/Content/Stylized_Nature_Set/Textures/Mossy/T_Mossy_N.ubulk" 1549
"C:/Projects/ProjectPal/Content/Stylized_Nature_Set/Textures/Mossy/T_Mossy_N.uasset" 1550
"C:/Projects/ProjectPal/Content/Stylized_Nature_Set/Textures/Mossy/T_Mossy_N.uexp" 1551
"C:/Projects/ProjectPal/Content/Stylized_Nature_Set/Textures/Leaves_Masks/T_Leave_003.ubulk" 1552
"C:/Projects/ProjectPal/Content/Stylized_Nature_Set/Textures/Leaves_Masks/T_Leave_003.uasset" 1553
"C:/Projects/ProjectPal/Content/Stylized_Nature_Set/Textures/Leaves_Masks/T_Leave_003.uexp" 1554
"C:/Projects/ProjectPal/Content/Stylized_Nature_Set/Mesh/Leave/SM_Leave_Small_FX.ubulk" 1555
"C:/Projects/ProjectPal/Content/Stylized_Nature_Set/Mesh/Leave/SM_Leave_Small_FX.uasset" 1556
"C:/Projects/ProjectPal/Content/Stylized_Nature_Set/Mesh/Leave/SM_Leave_Small_FX.uexp" 1557
"C:/Projects/ProjectPal/Content/Stylized_Nature_Set/Mesh/Leave/SM_Leave_Medium_FX.ubulk" 1558
"C:/Projects/ProjectPal/Content/Stylized_Nature_Set/Mesh/Leave/SM_Leave_Medium_FX.uasset" 1559
"C:/Projects/ProjectPal/Content/Stylized_Nature_Set/Mesh/Leave/SM_Leave_Medium_FX.uexp" 1560
"C:/Projects/ProjectPal/Content/Stylized_Nature_Set/Textures/Rocks/T_Rock_009_N.ubulk" 1561
"C:/Projects/ProjectPal/Content/Stylized_Nature_Set/Textures/Rocks/T_Rock_009_N.uasset" 1562
"C:/Projects/ProjectPal/Content/Stylized_Nature_Set/Textures/Rocks/T_Rock_009_N.uexp" 1563
"C:/Projects/ProjectPal/Content/Stylized_Nature_Set/Textures/Rock/T_Rock_001_BC.ubulk" 1564
"C:/Projects/ProjectPal/Content/Stylized_Nature_Set/Textures/Rock/T_Rock_001_BC.uasset" 1565
"C:/Projects/ProjectPal/Content/Stylized_Nature_Set/Textures/Rock/T_Rock_001_BC.uexp" 1566
"C:/Projects/ProjectPal/Content/Stylized_Nature_Set/Textures/Rock/T_Rock_001_N.ubulk" 1567
"C:/Projects/ProjectPal/Content/Stylized_Nature_Set/Textures/Rock/T_Rock_001_N.uasset" 1568
"C:/Projects/ProjectPal/Content/Stylized_Nature_Set/Textures/Rock/T_Rock_001_N.uexp" 1569
"C:/Projects/ProjectPal/Content/Stylized_Nature_Set/Textures/Rock/T_Rock_001_ORMH.ubulk" 1570
"C:/Projects/ProjectPal/Content/Stylized_Nature_Set/Textures/Rock/T_Rock_001_ORMH.uasset" 1571
"C:/Projects/ProjectPal/Content/Stylized_Nature_Set/Textures/Rock/T_Rock_001_ORMH.uexp" 1572
"C:/Projects/ProjectPal/Content/Stylized_Nature_Set/Textures/Rocks/T_Rock_009_BC.ubulk" 1573
"C:/Projects/ProjectPal/Content/Stylized_Nature_Set/Textures/Rocks/T_Rock_009_BC.uasset" 1574
"C:/Projects/ProjectPal/Content/Stylized_Nature_Set/Textures/Rocks/T_Rock_009_BC.uexp" 1575
"../../../Engine/Content/EngineMaterials/BlendFunc_DefBlend.uasset" 1576
"../../../Engine/Content/EngineMaterials/BlendFunc_DefBlend.uexp" 1577
"../../../Engine/Content/EngineMaterials/BlendFunc_DefBase.uasset" 1578
"../../../Engine/Content/EngineMaterials/BlendFunc_DefBase.uexp" 1579
"../../../Engine/Content/Functions/Engine_MaterialFunctions03/Blends/Blend_Overlay.uasset" 1580
"../../../Engine/Content/Functions/Engine_MaterialFunctions03/Blends/Blend_Overlay.uexp" 1581
"C:/Projects/ProjectPal/Content/Stylized_Nature_Set/Materials/Material_Function/MF_Unique_Layer_Blend.uasset" 1582
"C:/Projects/ProjectPal/Content/Stylized_Nature_Set/Materials/Material_Function/MF_Unique_Layer_Blend.uexp" 1583
"../../../Engine/Content/Functions/Engine_MaterialFunctions01/Texturing/DeriveTangentBasis.uasset" 1584
"../../../Engine/Content/Functions/Engine_MaterialFunctions01/Texturing/DeriveTangentBasis.uexp" 1585
"C:/Projects/ProjectPal/Content/Stylized_Nature_Set/Textures/Default/T_Default_BC.ubulk" 1586
"C:/Projects/ProjectPal/Content/Stylized_Nature_Set/Textures/Default/T_Default_BC.uasset" 1587
"C:/Projects/ProjectPal/Content/Stylized_Nature_Set/Textures/Default/T_Default_BC.uexp" 1588
"C:/Projects/ProjectPal/Content/Stylized_Nature_Set/Textures/Default/T_Default_N.ubulk" 1589
"C:/Projects/ProjectPal/Content/Stylized_Nature_Set/Textures/Default/T_Default_N.uasset" 1590
"C:/Projects/ProjectPal/Content/Stylized_Nature_Set/Textures/Default/T_Default_N.uexp" 1591
"C:/Projects/ProjectPal/Content/Stylized_Nature_Set/Textures/Default/T_Default_ORM.ubulk" 1592
"C:/Projects/ProjectPal/Content/Stylized_Nature_Set/Textures/Default/T_Default_ORM.uasset" 1593
"C:/Projects/ProjectPal/Content/Stylized_Nature_Set/Textures/Default/T_Default_ORM.uexp" 1594
"C:/Projects/ProjectPal/Content/Stylized_Nature_Set/Materials/Material_Function/MF_Green_Layer.uasset" 1595
"C:/Projects/ProjectPal/Content/Stylized_Nature_Set/Materials/Material_Function/MF_Green_Layer.uexp" 1596
"C:/Projects/ProjectPal/Content/Stylized_Nature_Set/Materials/Material_Function/MF_Blue_Layer.uasset" 1597
"C:/Projects/ProjectPal/Content/Stylized_Nature_Set/Materials/Material_Function/MF_Blue_Layer.uexp" 1598
"C:/Projects/ProjectPal/Content/Stylized_Nature_Set/Textures/Default/T_Default_M.ubulk" 1599
"C:/Projects/ProjectPal/Content/Stylized_Nature_Set/Textures/Default/T_Default_M.uasset" 1600
"C:/Projects/ProjectPal/Content/Stylized_Nature_Set/Textures/Default/T_Default_M.uexp" 1601
"C:/Projects/ProjectPal/Content/Stylized_Nature_Set/Materials/Material_Function/MF_Unique_Layer.uasset" 1602
"C:/Projects/ProjectPal/Content/Stylized_Nature_Set/Materials/Material_Function/MF_Unique_Layer.uexp" 1603
"C:/Projects/ProjectPal/Content/Stylized_Nature_Set/Demo/Landscape/RVT/RVT_Height.uasset" 1604
"C:/Projects/ProjectPal/Content/Stylized_Nature_Set/Demo/Landscape/RVT/RVT_Height.uexp" 1605
"C:/Projects/ProjectPal/Content/Stylized_Nature_Set/Demo/Landscape/RVT/RVT_Color.uasset" 1606
"C:/Projects/ProjectPal/Content/Stylized_Nature_Set/Demo/Landscape/RVT/RVT_Color.uexp" 1607
"C:/Projects/ProjectPal/Content/Stylized_Nature_Set/Textures/Noise/T_RVT_Noise.ubulk" 1608
"C:/Projects/ProjectPal/Content/Stylized_Nature_Set/Textures/Noise/T_RVT_Noise.uasset" 1609
"C:/Projects/ProjectPal/Content/Stylized_Nature_Set/Textures/Noise/T_RVT_Noise.uexp" 1610
"C:/Projects/ProjectPal/Content/Stylized_Nature_Set/Materials/Material_Function/MF_RVT_Blend.uasset" 1611
"C:/Projects/ProjectPal/Content/Stylized_Nature_Set/Materials/Material_Function/MF_RVT_Blend.uexp" 1612
"C:/Projects/ProjectPal/Content/Stylized_Nature_Set/Materials/Material_Function/MF_Alpha_Layer.uasset" 1613
"C:/Projects/ProjectPal/Content/Stylized_Nature_Set/Materials/Material_Function/MF_Alpha_Layer.uexp" 1614
"C:/Projects/ProjectPal/Content/Stylized_Nature_Set/Materials/Material_Function/MF_Red_Layer.uasset" 1615
"C:/Projects/ProjectPal/Content/Stylized_Nature_Set/Materials/Material_Function/MF_Red_Layer.uexp" 1616
"C:/Projects/ProjectPal/Content/Stylized_Nature_Set/Materials/Material_Function/MF_Zero_Layer.uasset" 1617
"C:/Projects/ProjectPal/Content/Stylized_Nature_Set/Materials/Material_Function/MF_Zero_Layer.uexp" 1618
"C:/Projects/ProjectPal/Content/Stylized_Nature_Set/Materials/Material_Function/MF_Layer_blend.uasset" 1619
"C:/Projects/ProjectPal/Content/Stylized_Nature_Set/Materials/Material_Function/MF_Layer_blend.uexp" 1620
"C:/Projects/ProjectPal/Content/Stylized_Nature_Set/Materials/M_layered_Master.uasset" 1621
"C:/Projects/ProjectPal/Content/Stylized_Nature_Set/Materials/M_layered_Master.uexp" 1622
"C:/Projects/ProjectPal/Content/Stylized_Nature_Set/Materials/Material_Instance/MI_Rock_009.uasset" 1623
"C:/Projects/ProjectPal/Content/Stylized_Nature_Set/Materials/Material_Instance/MI_Rock_009.uexp" 1624
"C:/Projects/ProjectPal/Content/Stylized_Nature_Set/Textures/Rocks/T_Rock_008_ORM.ubulk" 1625
"C:/Projects/ProjectPal/Content/Stylized_Nature_Set/Textures/Rocks/T_Rock_008_ORM.uasset" 1626
"C:/Projects/ProjectPal/Content/Stylized_Nature_Set/Textures/Rocks/T_Rock_008_ORM.uexp" 1627
"C:/Projects/ProjectPal/Content/Stylized_Nature_Set/Textures/Rocks/T_Rock_008_BC.ubulk" 1628
"C:/Projects/ProjectPal/Content/Stylized_Nature_Set/Textures/Rocks/T_Rock_008_BC.uasset" 1629
"C:/Projects/ProjectPal/Content/Stylized_Nature_Set/Textures/Rocks/T_Rock_008_BC.uexp" 1630
"C:/Projects/ProjectPal/Content/Stylized_Nature_Set/Textures/Rocks/T_Rock_008_N.ubulk" 1631
"C:/Projects/ProjectPal/Content/Stylized_Nature_Set/Textures/Rocks/T_Rock_008_N.uasset" 1632
"C:/Projects/ProjectPal/Content/Stylized_Nature_Set/Textures/Rocks/T_Rock_008_N.uexp" 1633
"C:/Projects/ProjectPal/Content/Stylized_Nature_Set/Materials/Material_Instance/MI_Rock_008.uasset" 1634
"C:/Projects/ProjectPal/Content/Stylized_Nature_Set/Materials/Material_Instance/MI_Rock_008.uexp" 1635
"C:/Projects/ProjectPal/Content/_Pal/Import/Weapon/Sword/T_fabric_O.ubulk" 1636
"C:/Projects/ProjectPal/Content/_Pal/Import/Weapon/Sword/T_fabric_O.uasset" 1637
"C:/Projects/ProjectPal/Content/_Pal/Import/Weapon/Sword/T_fabric_O.uexp" 1638
"C:/Projects/ProjectPal/Content/_Pal/Import/Weapon/PalSphere/T_Base_N.uasset" 1639
"C:/Projects/ProjectPal/Content/_Pal/Import/Weapon/PalSphere/T_Base_N.uexp" 1640
"C:/Projects/ProjectPal/Content/_Pal/Import/Weapon/PalSphere/Animation/PalSphere_Anim.uasset" 1641
"C:/Projects/ProjectPal/Content/_Pal/Import/Weapon/PalSphere/Animation/PalSphere_Anim.uexp" 1642
"C:/Projects/ProjectPal/Content/_Pal/Import/Weapon/AssualRifle/Weapon_AssualtRifle_001_PhysicsAsset.uasset" 1643
"C:/Projects/ProjectPal/Content/_Pal/Import/Weapon/AssualRifle/Weapon_AssualtRifle_001_PhysicsAsset.uexp" 1644
"C:/Projects/ProjectPal/Content/_Pal/Import/Weapon/AssualRifle/T_Weapon_AssaultRifle_001_B.ubulk" 1645
"C:/Projects/ProjectPal/Content/_Pal/Import/Weapon/AssualRifle/T_Weapon_AssaultRifle_001_B.uasset" 1646
"C:/Projects/ProjectPal/Content/_Pal/Import/Weapon/AssualRifle/T_Weapon_AssaultRifle_001_B.uexp" 1647
"C:/Projects/ProjectPal/Content/_Pal/Import/Weapon/AssualRifle/T_Weapon_AssaultRifle_001_M.ubulk" 1648
"C:/Projects/ProjectPal/Content/_Pal/Import/Weapon/AssualRifle/T_Weapon_AssaultRifle_001_M.uasset" 1649
"C:/Projects/ProjectPal/Content/_Pal/Import/Weapon/AssualRifle/T_Weapon_AssaultRifle_001_M.uexp" 1650
"C:/Projects/ProjectPal/Content/_Pal/Import/Weapon/AssualRifle/T_Weapon_AssaultRifle_001_N.ubulk" 1651
"C:/Projects/ProjectPal/Content/_Pal/Import/Weapon/AssualRifle/T_Weapon_AssaultRifle_001_N.uasset" 1652
"C:/Projects/ProjectPal/Content/_Pal/Import/Weapon/AssualRifle/T_Weapon_AssaultRifle_001_N.uexp" 1653
"C:/Projects/ProjectPal/Content/_Pal/Import/Weapon/AssualRifle/M_Weapon_AssaultRifle_001.uasset" 1654
"C:/Projects/ProjectPal/Content/_Pal/Import/Weapon/AssualRifle/M_Weapon_AssaultRifle_001.uexp" 1655
"C:/Projects/ProjectPal/Content/_Pal/Import/Weapon/AssualRifle/Weapon_AssualtRifle_001_Skeleton.uasset" 1656
"C:/Projects/ProjectPal/Content/_Pal/Import/Weapon/AssualRifle/Weapon_AssualtRifle_001_Skeleton.uexp" 1657
"C:/Projects/ProjectPal/Content/_Pal/Import/Weapon/AssualRifle/Weapon_AssualtRifle_001.uasset" 1658
"C:/Projects/ProjectPal/Content/_Pal/Import/Weapon/AssualRifle/Weapon_AssualtRifle_001.uexp" 1659
"C:/Projects/ProjectPal/Content/_Pal/Import/Weapon/AssualRifle/Animation/Weapon_AssualtRifle_001_Anim_SK_Weapon_AssaultRifle_001_AS_Reload_AssaultRifle_001.uasset" 1660
"C:/Projects/ProjectPal/Content/_Pal/Import/Weapon/AssualRifle/Animation/Weapon_AssualtRifle_001_Anim_SK_Weapon_AssaultRifle_001_AS_Reload_AssaultRifle_001.uexp" 1661
"C:/Projects/ProjectPal/Content/_Pal/Import/Weapon/AssualRifle/Animation/Weapon_AssualtRifle_001_Anim_SK_Weapon_AssaultRifle_001_AS_AssaultRifle_Fire.uasset" 1662
"C:/Projects/ProjectPal/Content/_Pal/Import/Weapon/AssualRifle/Animation/Weapon_AssualtRifle_001_Anim_SK_Weapon_AssaultRifle_001_AS_AssaultRifle_Fire.uexp" 1663
"C:/Projects/ProjectPal/Content/_Pal/Import/Weapon/AssualRifle/Animation/Weapon_AssualtRifle_001_Anim_SK_Weapon_AssaultRifle_001_AS_AssaultRifle_Empty.uasset" 1664
"C:/Projects/ProjectPal/Content/_Pal/Import/Weapon/AssualRifle/Animation/Weapon_AssualtRifle_001_Anim_SK_Weapon_AssaultRifle_001_AS_AssaultRifle_Empty.uexp" 1665
"C:/Projects/ProjectPal/Content/_Pal/Import/NewPlayer/Head/T_Player_Head001_min_N.ubulk" 1666
"C:/Projects/ProjectPal/Content/_Pal/Import/NewPlayer/Head/T_Player_Head001_min_N.uasset" 1667
"C:/Projects/ProjectPal/Content/_Pal/Import/NewPlayer/Head/T_Player_Head001_min_N.uexp" 1668
"C:/Projects/ProjectPal/Content/_Pal/Import/NewPlayer/Head/T_Player_Head001_max_N.ubulk" 1669
"C:/Projects/ProjectPal/Content/_Pal/Import/NewPlayer/Head/T_Player_Head001_max_N.uasset" 1670
"C:/Projects/ProjectPal/Content/_Pal/Import/NewPlayer/Head/T_Player_Head001_max_N.uexp" 1671
"C:/Projects/ProjectPal/Content/_Pal/Import/NewPlayer/Head/T_Player_Brow001_CM.ubulk" 1672
"C:/Projects/ProjectPal/Content/_Pal/Import/NewPlayer/Head/T_Player_Brow001_CM.uasset" 1673
"C:/Projects/ProjectPal/Content/_Pal/Import/NewPlayer/Head/T_Player_Brow001_CM.uexp" 1674
"C:/Projects/ProjectPal/Content/_Pal/Import/NewPlayer/Eye/T_Player_Eye001_Cornea_EM.ubulk" 1675
"C:/Projects/ProjectPal/Content/_Pal/Import/NewPlayer/Eye/T_Player_Eye001_Cornea_EM.uasset" 1676
"C:/Projects/ProjectPal/Content/_Pal/Import/NewPlayer/Eye/T_Player_Eye001_Cornea_EM.uexp" 1677
"C:/Projects/ProjectPal/Content/_Pal/Import/NewPlayer/Eye/T_Eye_Dummmy.uasset" 1678
"C:/Projects/ProjectPal/Content/_Pal/Import/NewPlayer/Eye/T_Eye_Dummmy.uexp" 1679
"C:/Projects/ProjectPal/Content/_Pal/Import/NewPlayer/Body/T_Player_Female_Body_Torso_M.ubulk" 1680
"C:/Projects/ProjectPal/Content/_Pal/Import/NewPlayer/Body/T_Player_Female_Body_Torso_M.uasset" 1681
"C:/Projects/ProjectPal/Content/_Pal/Import/NewPlayer/Body/T_Player_Female_Body_Torso_M.uexp" 1682
"C:/Projects/ProjectPal/Content/_Pal/Import/NewPlayer/Body/T_Player_Female_Body_min_N.ubulk" 1683
"C:/Projects/ProjectPal/Content/_Pal/Import/NewPlayer/Body/T_Player_Female_Body_min_N.uasset" 1684
"C:/Projects/ProjectPal/Content/_Pal/Import/NewPlayer/Body/T_Player_Female_Body_min_N.uexp" 1685
"C:/Projects/ProjectPal/Content/_Pal/Import/NewPlayer/Body/T_Player_Female_Body_max_N.ubulk" 1686
"C:/Projects/ProjectPal/Content/_Pal/Import/NewPlayer/Body/T_Player_Female_Body_max_N.uasset" 1687
"C:/Projects/ProjectPal/Content/_Pal/Import/NewPlayer/Body/T_Player_Female_Body_max_N.uexp" 1688
"C:/Projects/ProjectPal/Content/_Pal/Import/NewPlayer/Body/T_Player_Female_Body_Leg_M.ubulk" 1689
"C:/Projects/ProjectPal/Content/_Pal/Import/NewPlayer/Body/T_Player_Female_Body_Leg_M.uasset" 1690
"C:/Projects/ProjectPal/Content/_Pal/Import/NewPlayer/Body/T_Player_Female_Body_Leg_M.uexp" 1691
"C:/Projects/ProjectPal/Content/_Pal/Import/NewPlayer/Body/T_Player_Female_Body_Arm_M.ubulk" 1692
"C:/Projects/ProjectPal/Content/_Pal/Import/NewPlayer/Body/T_Player_Female_Body_Arm_M.uasset" 1693
"C:/Projects/ProjectPal/Content/_Pal/Import/NewPlayer/Body/T_Player_Female_Body_Arm_M.uexp" 1694
"C:/Projects/ProjectPal/Content/_Pal/Import/NewPlayer/Animation/AS_Player_Female_RollRight.uasset" 1695
"C:/Projects/ProjectPal/Content/_Pal/Import/NewPlayer/Animation/AS_Player_Female_RollRight.uexp" 1696
"C:/Projects/ProjectPal/Content/_Pal/Import/NewPlayer/Animation/AS_Player_Female_RollLeft.uasset" 1697
"C:/Projects/ProjectPal/Content/_Pal/Import/NewPlayer/Animation/AS_Player_Female_RollLeft.uexp" 1698
"C:/Projects/ProjectPal/Content/_Pal/Import/NewPlayer/Animation/AS_Player_Female_RollFwd.uasset" 1699
"C:/Projects/ProjectPal/Content/_Pal/Import/NewPlayer/Animation/AS_Player_Female_RollFwd.uexp" 1700
"C:/Projects/ProjectPal/Content/_Pal/Import/NewPlayer/Animation/AS_Player_Female_PalReturn.uasset" 1701
"C:/Projects/ProjectPal/Content/_Pal/Import/NewPlayer/Animation/AS_Player_Female_PalReturn.uexp" 1702
"C:/Projects/ProjectPal/Content/_Pal/Import/NewPlayer/Animation/AS_Player_Female_PalCommand.uasset" 1703
"C:/Projects/ProjectPal/Content/_Pal/Import/NewPlayer/Animation/AS_Player_Female_PalCommand.uexp" 1704
"C:/Projects/ProjectPal/Content/_Pal/Import/NewPlayer/Animation/AS_Player_Female_PalAppear.uasset" 1705
"C:/Projects/ProjectPal/Content/_Pal/Import/NewPlayer/Animation/AS_Player_Female_PalAppear.uexp" 1706
"C:/Projects/ProjectPal/Content/_Pal/Import/NewPlayer/Animation/AS_Player_Female_FlipBwd.uasset" 1707
"C:/Projects/ProjectPal/Content/_Pal/Import/NewPlayer/Animation/AS_Player_Female_FlipBwd.uexp" 1708
"C:/Projects/ProjectPal/Content/_Pal/Import/NewPlayer/Animation/AS_Player_Female_Damage.uasset" 1709
"C:/Projects/ProjectPal/Content/_Pal/Import/NewPlayer/Animation/AS_Player_Female_Damage.uexp" 1710
"C:/Projects/ProjectPal/Content/_Pal/Import/NewPlayer/Animation/AS_Player_Female_Crawl_Idle.uasset" 1711
"C:/Projects/ProjectPal/Content/_Pal/Import/NewPlayer/Animation/AS_Player_Female_Crawl_Idle.uexp" 1712
"C:/Projects/ProjectPal/Content/_Pal/Import/NewPlayer/Animation/AS_Player_Female_Crawl_Death.uasset" 1713
"C:/Projects/ProjectPal/Content/_Pal/Import/NewPlayer/Animation/AS_Player_Female_Crawl_Death.uexp" 1714
"C:/Projects/ProjectPal/Content/_Pal/Import/NewPlayer/Animation/Melee/AS_Player_Female_Draw_Sword.uasset" 1715
"C:/Projects/ProjectPal/Content/_Pal/Import/NewPlayer/Animation/Melee/AS_Player_Female_Draw_Sword.uexp" 1716
"C:/Projects/ProjectPal/Content/_Pal/Import/NewPlayer/Animation/Melee/AS_Player_Female_Draw_Melee.uasset" 1717
"C:/Projects/ProjectPal/Content/_Pal/Import/NewPlayer/Animation/Melee/AS_Player_Female_Draw_Melee.uexp" 1718
"C:/Projects/ProjectPal/Content/_Pal/Import/NewPlayer/Animation/Melee/AS_Player_Female_Dismembering_Melee.uasset" 1719
"C:/Projects/ProjectPal/Content/_Pal/Import/NewPlayer/Animation/Melee/AS_Player_Female_Dismembering_Melee.uexp" 1720
"C:/Projects/ProjectPal/Content/_Pal/Import/NewPlayer/Animation/Melee/AS_Player_Female_Attack_Melee.uasset" 1721
"C:/Projects/ProjectPal/Content/_Pal/Import/NewPlayer/Animation/Melee/AS_Player_Female_Attack_Melee.uexp" 1722
"C:/Projects/ProjectPal/Content/_Pal/Import/NewPlayer/Animation/AssualtRifle/AS_Player_Female_Reload_AssaultRifle.uasset" 1723
"C:/Projects/ProjectPal/Content/_Pal/Import/NewPlayer/Animation/AssualtRifle/AS_Player_Female_Reload_AssaultRifle.uexp" 1724
"C:/Projects/ProjectPal/Content/_Pal/Import/NewPlayer/Animation/AssualtRifle/AS_Player_Female_Draw_AssaultRifle.uasset" 1725
"C:/Projects/ProjectPal/Content/_Pal/Import/NewPlayer/Animation/AssualtRifle/AS_Player_Female_Draw_AssaultRifle.uexp" 1726
"C:/Projects/ProjectPal/Content/_Pal/Import/NewPlayer/Animation/AssualtRifle/AS_Player_Female_Aim_MakeshiftAssaultRifle.uasset" 1727
"C:/Projects/ProjectPal/Content/_Pal/Import/NewPlayer/Animation/AssualtRifle/AS_Player_Female_Aim_MakeshiftAssaultRifle.uexp" 1728
"C:/Projects/ProjectPal/Content/_Pal/Import/Monster/LilyQueen/LilyQueen_Skeleton.uasset" 1729
"C:/Projects/ProjectPal/Content/_Pal/Import/Monster/LilyQueen/LilyQueen_Skeleton.uexp" 1730
"C:/Projects/ProjectPal/Content/_Pal/Import/Monster/LilyQueen/Animations/AS_LilyQueen_Rest03.uasset" 1731
"C:/Projects/ProjectPal/Content/_Pal/Import/Monster/LilyQueen/Animations/AS_LilyQueen_Rest03.uexp" 1732
"C:/Projects/ProjectPal/Content/_Pal/Import/Monster/LilyQueen/Animations/AS_LilyQueen_Rest02.uasset" 1733
"C:/Projects/ProjectPal/Content/_Pal/Import/Monster/LilyQueen/Animations/AS_LilyQueen_Rest02.uexp" 1734
"C:/Projects/ProjectPal/Content/_Pal/Import/Monster/LilyQueen/Animations/AS_LilyQueen_Rest01.uasset" 1735
"C:/Projects/ProjectPal/Content/_Pal/Import/Monster/LilyQueen/Animations/AS_LilyQueen_Rest01.uexp" 1736
"C:/Projects/ProjectPal/Content/_Pal/Import/Monster/LilyQueen/Animations/AS_LilyQueen_GetUp_FrontDown.uasset" 1737
"C:/Projects/ProjectPal/Content/_Pal/Import/Monster/LilyQueen/Animations/AS_LilyQueen_GetUp_FrontDown.uexp" 1738
"C:/Projects/ProjectPal/Content/_Pal/Import/Monster/LilyQueen/Animations/AS_LilyQueen_FarSkill_End.uasset" 1739
"C:/Projects/ProjectPal/Content/_Pal/Import/Monster/LilyQueen/Animations/AS_LilyQueen_FarSkill_End.uexp" 1740
"C:/Projects/ProjectPal/Content/_Pal/Import/Monster/LilyQueen/Animations/AS_LilyQueen_Damage.uasset" 1741
"C:/Projects/ProjectPal/Content/_Pal/Import/Monster/LilyQueen/Animations/AS_LilyQueen_Damage.uexp" 1742
"C:/Projects/ProjectPal/Content/_Pal/Import/Monster/GrassRabbitMan/GrassRabbitMan_Skeleton.uasset" 1743
"C:/Projects/ProjectPal/Content/_Pal/Import/Monster/GrassRabbitMan/GrassRabbitMan_Skeleton.uexp" 1744
"C:/Projects/ProjectPal/Content/_Pal/Import/Monster/GrassRabbitMan/Animations/AS_GrassRabbitMan_Rest03.uasset" 1745
"C:/Projects/ProjectPal/Content/_Pal/Import/Monster/GrassRabbitMan/Animations/AS_GrassRabbitMan_Rest03.uexp" 1746
"C:/Projects/ProjectPal/Content/_Pal/Import/Monster/GrassRabbitMan/Animations/AS_GrassRabbitMan_Rest02.uasset" 1747
"C:/Projects/ProjectPal/Content/_Pal/Import/Monster/GrassRabbitMan/Animations/AS_GrassRabbitMan_Rest02.uexp" 1748
"C:/Projects/ProjectPal/Content/_Pal/Import/Monster/GrassRabbitMan/Animations/AS_GrassRabbitMan_Rest01.uasset" 1749
"C:/Projects/ProjectPal/Content/_Pal/Import/Monster/GrassRabbitMan/Animations/AS_GrassRabbitMan_Rest01.uexp" 1750
"C:/Projects/ProjectPal/Content/_Pal/Import/Monster/GrassRabbitMan/Animations/AS_GrassRabbitMan_GrassRoundKick.uasset" 1751
"C:/Projects/ProjectPal/Content/_Pal/Import/Monster/GrassRabbitMan/Animations/AS_GrassRabbitMan_GrassRoundKick.uexp" 1752
"C:/Projects/ProjectPal/Content/_Pal/Import/Monster/GrassRabbitMan/Animations/AS_GrassRabbitMan_GetUp_FrontDown.uasset" 1753
"C:/Projects/ProjectPal/Content/_Pal/Import/Monster/GrassRabbitMan/Animations/AS_GrassRabbitMan_GetUp_FrontDown.uexp" 1754
"C:/Projects/ProjectPal/Content/_Pal/Import/Monster/GrassRabbitMan/Animations/AS_GrassRabbitMan_FarSkill_End.uasset" 1755
"C:/Projects/ProjectPal/Content/_Pal/Import/Monster/GrassRabbitMan/Animations/AS_GrassRabbitMan_FarSkill_End.uexp" 1756
"C:/Projects/ProjectPal/Content/_Pal/Import/Monster/GrassRabbitMan/Animations/AS_GrassRabbitMan_Damage.uasset" 1757
"C:/Projects/ProjectPal/Content/_Pal/Import/Monster/GrassRabbitMan/Animations/AS_GrassRabbitMan_Damage.uexp" 1758
"C:/Projects/ProjectPal/Content/_Pal/Import/Player/Animations/AimMove/AS_Pal_Player_RollRight.uasset" 1759
"C:/Projects/ProjectPal/Content/_Pal/Import/Player/Animations/AimMove/AS_Pal_Player_RollRight.uexp" 1760
"C:/Projects/ProjectPal/Content/_Pal/BluePrint/Character/Player/Montage/AM_Pal_Player_RollRight.uasset" 1761
"C:/Projects/ProjectPal/Content/_Pal/BluePrint/Character/Player/Montage/AM_Pal_Player_RollRight.uexp" 1762
"C:/Projects/ProjectPal/Content/_Pal/Import/Player/Animations/AimMove/AS_Pal_Player_RollLeft.uasset" 1763
"C:/Projects/ProjectPal/Content/_Pal/Import/Player/Animations/AimMove/AS_Pal_Player_RollLeft.uexp" 1764
"C:/Projects/ProjectPal/Content/_Pal/BluePrint/Character/Player/Montage/AM_Pal_Player_RollLeft.uasset" 1765
"C:/Projects/ProjectPal/Content/_Pal/BluePrint/Character/Player/Montage/AM_Pal_Player_RollLeft.uexp" 1766
"C:/Projects/ProjectPal/Content/_Pal/Import/Player/Animations/AS_Pal_Player_RollFwd.uasset" 1767
"C:/Projects/ProjectPal/Content/_Pal/Import/Player/Animations/AS_Pal_Player_RollFwd.uexp" 1768
"C:/Projects/ProjectPal/Content/_Pal/BluePrint/Character/Player/Montage/AM_Pal_Player_RollFwd.uasset" 1769
"C:/Projects/ProjectPal/Content/_Pal/BluePrint/Character/Player/Montage/AM_Pal_Player_RollFwd.uexp" 1770
"C:/Projects/ProjectPal/Content/_Pal/Import/Player/Animations/AimMove/AS_Pal_Player_FlipBwd.uasset" 1771
"C:/Projects/ProjectPal/Content/_Pal/Import/Player/Animations/AimMove/AS_Pal_Player_FlipBwd.uexp" 1772
"C:/Projects/ProjectPal/Content/_Pal/BluePrint/Character/Player/Montage/AM_Pal_Player_FlipBwd.uasset" 1773
"C:/Projects/ProjectPal/Content/_Pal/BluePrint/Character/Player/Montage/AM_Pal_Player_FlipBwd.uexp" 1774
"C:/Projects/ProjectPal/Content/_Pal/BluePrint/Character/NewPlayer/Montage/AM_Player_Female_Aim_None.uasset" 1775
"C:/Projects/ProjectPal/Content/_Pal/BluePrint/Character/NewPlayer/Montage/AM_Player_Female_Aim_None.uexp" 1776
"C:/Projects/ProjectPal/Content/Characters/Mannequin_UE4/Rigs/RTG_UE5Manny_UE4Manny.uasset" 1777
"C:/Projects/ProjectPal/Content/Characters/Mannequin_UE4/Rigs/RTG_UE5Manny_UE4Manny.uexp" 1778
"C:/Projects/ProjectPal/Content/Characters/Mannequin_UE4/Rigs/RTG_UE4Manny_UE5Manny.uasset" 1779
"C:/Projects/ProjectPal/Content/Characters/Mannequin_UE4/Rigs/RTG_UE4Manny_UE5Manny.uexp" 1780
"C:/Projects/ProjectPal/Content/Characters/Mannequin_UE4/Rigs/IK_UE4_Mannequin.uasset" 1781
"C:/Projects/ProjectPal/Content/Characters/Mannequin_UE4/Rigs/IK_UE4_Mannequin.uexp" 1782
"C:/Projects/ProjectPal/Content/Characters/Mannequin_UE4/Textures/T_UELogo_N_TGA.ubulk" 1783
"C:/Projects/ProjectPal/Content/Characters/Mannequin_UE4/Textures/T_UELogo_N_TGA.uasset" 1784
"C:/Projects/ProjectPal/Content/Characters/Mannequin_UE4/Textures/T_UELogo_N_TGA.uexp" 1785
"C:/Projects/ProjectPal/Content/Characters/Mannequin_UE4/Textures/T_UE4_Mannequin__normals.ubulk" 1786
"C:/Projects/ProjectPal/Content/Characters/Mannequin_UE4/Textures/T_UE4_Mannequin__normals.uasset" 1787
"C:/Projects/ProjectPal/Content/Characters/Mannequin_UE4/Textures/T_UE4_Mannequin__normals.uexp" 1788
"C:/Projects/ProjectPal/Content/Characters/Mannequin_UE4/Materials/Layers/ML_ShinyPlastic_Beige.uasset" 1789
"C:/Projects/ProjectPal/Content/Characters/Mannequin_UE4/Materials/Layers/ML_ShinyPlastic_Beige.uexp" 1790
"../../../Engine/Content/Functions/MaterialLayerFunctions/MatLayerBlend_NormalBlend.uasset" 1791
"../../../Engine/Content/Functions/MaterialLayerFunctions/MatLayerBlend_NormalBlend.uexp" 1792
"C:/Projects/ProjectPal/Content/Characters/Mannequin_UE4/Textures/T_UELogo_Mask.ubulk" 1793
"C:/Projects/ProjectPal/Content/Characters/Mannequin_UE4/Textures/T_UELogo_Mask.uasset" 1794
"C:/Projects/ProjectPal/Content/Characters/Mannequin_UE4/Textures/T_UELogo_Mask.uexp" 1795
"C:/Projects/ProjectPal/Content/Characters/Mannequin_UE4/Materials/Layers/ML_ShinyPlastic_Beige_Logo.uasset" 1796
"C:/Projects/ProjectPal/Content/Characters/Mannequin_UE4/Materials/Layers/ML_ShinyPlastic_Beige_Logo.uexp" 1797
"C:/Projects/ProjectPal/Content/Characters/Mannequin_UE4/Textures/T_UE4_Mannequin_MAT_MASKA.ubulk" 1798
"C:/Projects/ProjectPal/Content/Characters/Mannequin_UE4/Textures/T_UE4_Mannequin_MAT_MASKA.uasset" 1799
"C:/Projects/ProjectPal/Content/Characters/Mannequin_UE4/Textures/T_UE4_Mannequin_MAT_MASKA.uexp" 1800
"C:/Projects/ProjectPal/Content/Characters/Mannequin_UE4/Textures/T_ML_Aluminum01_N.ubulk" 1801
"C:/Projects/ProjectPal/Content/Characters/Mannequin_UE4/Textures/T_ML_Aluminum01_N.uasset" 1802
"C:/Projects/ProjectPal/Content/Characters/Mannequin_UE4/Textures/T_ML_Aluminum01_N.uexp" 1803
"C:/Projects/ProjectPal/Content/Characters/Mannequin_UE4/Textures/T_ML_Aluminum01.ubulk" 1804
"C:/Projects/ProjectPal/Content/Characters/Mannequin_UE4/Textures/T_ML_Aluminum01.uasset" 1805
"C:/Projects/ProjectPal/Content/Characters/Mannequin_UE4/Textures/T_ML_Aluminum01.uexp" 1806
"C:/Projects/ProjectPal/Content/Characters/Mannequin_UE4/Materials/Layers/ML_SoftMetal.uasset" 1807
"C:/Projects/ProjectPal/Content/Characters/Mannequin_UE4/Materials/Layers/ML_SoftMetal.uexp" 1808
"../../../Engine/Content/Functions/MaterialLayerFunctions/MatLayerBlend_Simple.uasset" 1809
"../../../Engine/Content/Functions/MaterialLayerFunctions/MatLayerBlend_Simple.uexp" 1810
"C:/Projects/ProjectPal/Content/Characters/Mannequin_UE4/Textures/T_ML_Rubber_Blue_01_N.ubulk" 1811
"C:/Projects/ProjectPal/Content/Characters/Mannequin_UE4/Textures/T_ML_Rubber_Blue_01_N.uasset" 1812
"C:/Projects/ProjectPal/Content/Characters/Mannequin_UE4/Textures/T_ML_Rubber_Blue_01_N.uexp" 1813
"C:/Projects/ProjectPal/Content/Characters/Mannequin_UE4/Textures/T_ML_Rubber_Blue_01_D.ubulk" 1814
"C:/Projects/ProjectPal/Content/Characters/Mannequin_UE4/Textures/T_ML_Rubber_Blue_01_D.uasset" 1815
"C:/Projects/ProjectPal/Content/Characters/Mannequin_UE4/Textures/T_ML_Rubber_Blue_01_D.uexp" 1816
"C:/Projects/ProjectPal/Content/Characters/Mannequin_UE4/Materials/Layers/ML_Latex_Black.uasset" 1817
"C:/Projects/ProjectPal/Content/Characters/Mannequin_UE4/Materials/Layers/ML_Latex_Black.uexp" 1818
"C:/Projects/ProjectPal/Content/Characters/Mannequin_UE4/Materials/M_MannequinUE4_Body.uasset" 1819
"C:/Projects/ProjectPal/Content/Characters/Mannequin_UE4/Materials/M_MannequinUE4_Body.uexp" 1820
"C:/Projects/ProjectPal/Content/Characters/Mannequin_UE4/Materials/M_MannequinUE4_ChestLogo.uasset" 1821
"C:/Projects/ProjectPal/Content/Characters/Mannequin_UE4/Materials/M_MannequinUE4_ChestLogo.uexp" 1822
"C:/Projects/ProjectPal/Content/Characters/Mannequin_UE4/Meshes/SK_Mannequin_PhysicsAsset.uasset" 1823
"C:/Projects/ProjectPal/Content/Characters/Mannequin_UE4/Meshes/SK_Mannequin_PhysicsAsset.uexp" 1824
"C:/Projects/ProjectPal/Content/Characters/Mannequin_UE4/Meshes/SK_Mannequin_Skeleton.uasset" 1825
"C:/Projects/ProjectPal/Content/Characters/Mannequin_UE4/Meshes/SK_Mannequin_Skeleton.uexp" 1826
"C:/Projects/ProjectPal/Content/Characters/Mannequin_UE4/Meshes/SK_Mannequin.uasset" 1827
"C:/Projects/ProjectPal/Content/Characters/Mannequin_UE4/Meshes/SK_Mannequin.uexp" 1828
"../../../Engine/Content/Animation/DefaultAnimCurveCompressionSettings.uasset" 1829
"../../../Engine/Content/Animation/DefaultAnimCurveCompressionSettings.uexp" 1830
"../../../Engine/Content/Animation/DefaultAnimBoneCompressionSettings.uasset" 1831
"../../../Engine/Content/Animation/DefaultAnimBoneCompressionSettings.uexp" 1832
"C:/Projects/ProjectPal/Content/Characters/Mannequin_UE4/Animations/Jog_Fwd.uasset" 1833
"C:/Projects/ProjectPal/Content/Characters/Mannequin_UE4/Animations/Jog_Fwd.uexp" 1834
"C:/Projects/ProjectPal/Content/Characters/Mannequins/Rigs/RTG_Mannequin.uasset" 1835
"C:/Projects/ProjectPal/Content/Characters/Mannequins/Rigs/RTG_Mannequin.uexp" 1836
"C:/Projects/ProjectPal/Content/Characters/Mannequins/Rigs/IK_Mannequin.uasset" 1837
"C:/Projects/ProjectPal/Content/Characters/Mannequins/Rigs/IK_Mannequin.uexp" 1838
"../../../Engine/Plugins/Animation/ControlRig/Content/Controls/DefaultGizmoLibraryNormalized.uasset" 1839
"../../../Engine/Plugins/Animation/ControlRig/Content/Controls/DefaultGizmoLibraryNormalized.uexp" 1840
"C:/Projects/ProjectPal/Content/Characters/Mannequins/Rigs/CR_Mannequin_Body.uasset" 1841
"C:/Projects/ProjectPal/Content/Characters/Mannequins/Rigs/CR_Mannequin_Body.uexp" 1842
"C:/Projects/ProjectPal/Content/Characters/Mannequins/Meshes/SK_Mannequin.uasset" 1843
"C:/Projects/ProjectPal/Content/Characters/Mannequins/Meshes/SK_Mannequin.uexp" 1844
"C:/Projects/ProjectPal/Content/Characters/Mannequins/Textures/Quinn/T_Quinn_02ID_MSR_MSK.ubulk" 1845
"C:/Projects/ProjectPal/Content/Characters/Mannequins/Textures/Quinn/T_Quinn_02ID_MSR_MSK.uasset" 1846
"C:/Projects/ProjectPal/Content/Characters/Mannequins/Textures/Quinn/T_Quinn_02ID_MSR_MSK.uexp" 1847
"C:/Projects/ProjectPal/Content/Characters/Mannequins/Textures/Quinn/T_Quinn_02ID_BN.ubulk" 1848
"C:/Projects/ProjectPal/Content/Characters/Mannequins/Textures/Quinn/T_Quinn_02ID_BN.uasset" 1849
"C:/Projects/ProjectPal/Content/Characters/Mannequins/Textures/Quinn/T_Quinn_02ID_BN.uexp" 1850
"C:/Projects/ProjectPal/Content/Characters/Mannequins/Textures/Quinn/T_Quinn_02_ASAOMASK_MSK.ubulk" 1851
"C:/Projects/ProjectPal/Content/Characters/Mannequins/Textures/Quinn/T_Quinn_02_ASAOMASK_MSK.uasset" 1852
"C:/Projects/ProjectPal/Content/Characters/Mannequins/Textures/Quinn/T_Quinn_02_ASAOMASK_MSK.uexp" 1853
"C:/Projects/ProjectPal/Content/Characters/Mannequins/Textures/Quinn/T_Quinn_02_CCRCCPlastic_MSK.ubulk" 1854
"C:/Projects/ProjectPal/Content/Characters/Mannequins/Textures/Quinn/T_Quinn_02_CCRCCPlastic_MSK.uasset" 1855
"C:/Projects/ProjectPal/Content/Characters/Mannequins/Textures/Quinn/T_Quinn_02_CCRCCPlastic_MSK.uexp" 1856
"C:/Projects/ProjectPal/Content/Characters/Mannequins/Textures/Quinn/T_Quinn_02ID_Tan.ubulk" 1857
"C:/Projects/ProjectPal/Content/Characters/Mannequins/Textures/Quinn/T_Quinn_02ID_Tan.uasset" 1858
"C:/Projects/ProjectPal/Content/Characters/Mannequins/Textures/Quinn/T_Quinn_02ID_Tan.uexp" 1859
"C:/Projects/ProjectPal/Content/Characters/Mannequins/Textures/Quinn/T_Quinn_02ID_D.ubulk" 1860
"C:/Projects/ProjectPal/Content/Characters/Mannequins/Textures/Quinn/T_Quinn_02ID_D.uasset" 1861
"C:/Projects/ProjectPal/Content/Characters/Mannequins/Textures/Quinn/T_Quinn_02ID_D.uexp" 1862
"C:/Projects/ProjectPal/Content/Characters/Mannequins/Textures/Quinn/T_Quinn_01ID_MSR_MSK.ubulk" 1863
"C:/Projects/ProjectPal/Content/Characters/Mannequins/Textures/Quinn/T_Quinn_01ID_MSR_MSK.uasset" 1864
"C:/Projects/ProjectPal/Content/Characters/Mannequins/Textures/Quinn/T_Quinn_01ID_MSR_MSK.uexp" 1865
"C:/Projects/ProjectPal/Content/Characters/Mannequins/Materials/Functions/ChromaticCurve.uasset" 1866
"C:/Projects/ProjectPal/Content/Characters/Mannequins/Materials/Functions/ChromaticCurve.uexp" 1867
"C:/Projects/ProjectPal/Content/Characters/Mannequins/Materials/Functions/CA_Mannequin.uasset" 1868
"C:/Projects/ProjectPal/Content/Characters/Mannequins/Materials/Functions/CA_Mannequin.uexp" 1869
"C:/Projects/ProjectPal/Content/Characters/Mannequins/Materials/Functions/MF_Diffraction.uasset" 1870
"C:/Projects/ProjectPal/Content/Characters/Mannequins/Materials/Functions/MF_Diffraction.uexp" 1871
"C:/Projects/ProjectPal/Content/Characters/Mannequins/Textures/Manny/T_Manny_01_N.ubulk" 1872
"C:/Projects/ProjectPal/Content/Characters/Mannequins/Textures/Manny/T_Manny_01_N.uasset" 1873
"C:/Projects/ProjectPal/Content/Characters/Mannequins/Textures/Manny/T_Manny_01_N.uexp" 1874
"C:/Projects/ProjectPal/Content/Characters/Mannequins/Materials/Functions/ML_BaseColorFallOff.uasset" 1875
"C:/Projects/ProjectPal/Content/Characters/Mannequins/Materials/Functions/ML_BaseColorFallOff.uexp" 1876
"../../../Engine/Content/Functions/Engine_MaterialFunctions01/Texturing/ScaleUVsByCenter.uasset" 1877
"../../../Engine/Content/Functions/Engine_MaterialFunctions01/Texturing/ScaleUVsByCenter.uexp" 1878
"C:/Projects/ProjectPal/Content/Characters/Mannequins/Textures/Shared/T_UE_Logo_M.uasset" 1879
"C:/Projects/ProjectPal/Content/Characters/Mannequins/Textures/Shared/T_UE_Logo_M.uexp" 1880
"C:/Projects/ProjectPal/Content/Characters/Mannequins/Materials/Functions/MF_logo3layers.uasset" 1881
"C:/Projects/ProjectPal/Content/Characters/Mannequins/Materials/Functions/MF_logo3layers.uexp" 1882
"C:/Projects/ProjectPal/Content/Characters/Mannequins/Textures/Manny/T_Manny_01_CCRCCPlastic_MSK.ubulk" 1883
"C:/Projects/ProjectPal/Content/Characters/Mannequins/Textures/Manny/T_Manny_01_CCRCCPlastic_MSK.uasset" 1884
"C:/Projects/ProjectPal/Content/Characters/Mannequins/Textures/Manny/T_Manny_01_CCRCCPlastic_MSK.uexp" 1885
"C:/Projects/ProjectPal/Content/Characters/Mannequins/Textures/Manny/T_Manny_01_ASAOPMASK_MSK.ubulk" 1886
"C:/Projects/ProjectPal/Content/Characters/Mannequins/Textures/Manny/T_Manny_01_ASAOPMASK_MSK.uasset" 1887
"C:/Projects/ProjectPal/Content/Characters/Mannequins/Textures/Manny/T_Manny_01_ASAOPMASK_MSK.uexp" 1888
"C:/Projects/ProjectPal/Content/Characters/Mannequins/Textures/Manny/T_Manny_01_MSR_MSK.ubulk" 1889
"C:/Projects/ProjectPal/Content/Characters/Mannequins/Textures/Manny/T_Manny_01_MSR_MSK.uasset" 1890
"C:/Projects/ProjectPal/Content/Characters/Mannequins/Textures/Manny/T_Manny_01_MSR_MSK.uexp" 1891
"C:/Projects/ProjectPal/Content/Characters/Mannequins/Textures/Manny/T_Manny_01_BN.ubulk" 1892
"C:/Projects/ProjectPal/Content/Characters/Mannequins/Textures/Manny/T_Manny_01_BN.uasset" 1893
"C:/Projects/ProjectPal/Content/Characters/Mannequins/Textures/Manny/T_Manny_01_BN.uexp" 1894
"C:/Projects/ProjectPal/Content/Characters/Mannequins/Textures/Manny/T_Manny_01_D.ubulk" 1895
"C:/Projects/ProjectPal/Content/Characters/Mannequins/Textures/Manny/T_Manny_01_D.uasset" 1896
"C:/Projects/ProjectPal/Content/Characters/Mannequins/Textures/Manny/T_Manny_01_D.uexp" 1897
"C:/Projects/ProjectPal/Content/Characters/Mannequins/Textures/Manny/T_Manny_01_Tan.ubulk" 1898
"C:/Projects/ProjectPal/Content/Characters/Mannequins/Textures/Manny/T_Manny_01_Tan.uasset" 1899
"C:/Projects/ProjectPal/Content/Characters/Mannequins/Textures/Manny/T_Manny_01_Tan.uexp" 1900
"C:/Projects/ProjectPal/Content/Characters/Mannequins/Materials/M_Mannequin.uasset" 1901
"C:/Projects/ProjectPal/Content/Characters/Mannequins/Materials/M_Mannequin.uexp" 1902
"C:/Projects/ProjectPal/Content/Characters/Mannequins/Textures/Quinn/T_Quinn_01_ASAOMASK_MSK.ubulk" 1903
"C:/Projects/ProjectPal/Content/Characters/Mannequins/Textures/Quinn/T_Quinn_01_ASAOMASK_MSK.uasset" 1904
"C:/Projects/ProjectPal/Content/Characters/Mannequins/Textures/Quinn/T_Quinn_01_ASAOMASK_MSK.uexp" 1905
"C:/Projects/ProjectPal/Content/Characters/Mannequins/Textures/Quinn/T_Quinn_01ID_N.ubulk" 1906
"C:/Projects/ProjectPal/Content/Characters/Mannequins/Textures/Quinn/T_Quinn_01ID_N.uasset" 1907
"C:/Projects/ProjectPal/Content/Characters/Mannequins/Textures/Quinn/T_Quinn_01ID_N.uexp" 1908
"C:/Projects/ProjectPal/Content/Characters/Mannequins/Textures/Quinn/T_Quinn_01ID_BN.ubulk" 1909
"C:/Projects/ProjectPal/Content/Characters/Mannequins/Textures/Quinn/T_Quinn_01ID_BN.uasset" 1910
"C:/Projects/ProjectPal/Content/Characters/Mannequins/Textures/Quinn/T_Quinn_01ID_BN.uexp" 1911
"C:/Projects/ProjectPal/Content/Characters/Mannequins/Textures/Quinn/T_Quinn_01ID_D.ubulk" 1912
"C:/Projects/ProjectPal/Content/Characters/Mannequins/Textures/Quinn/T_Quinn_01ID_D.uasset" 1913
"C:/Projects/ProjectPal/Content/Characters/Mannequins/Textures/Quinn/T_Quinn_01ID_D.uexp" 1914
"C:/Projects/ProjectPal/Content/Characters/Mannequins/Textures/Quinn/T_Quinn_01ID_Tan.ubulk" 1915
"C:/Projects/ProjectPal/Content/Characters/Mannequins/Textures/Quinn/T_Quinn_01ID_Tan.uasset" 1916
"C:/Projects/ProjectPal/Content/Characters/Mannequins/Textures/Quinn/T_Quinn_01ID_Tan.uexp" 1917
"C:/Projects/ProjectPal/Content/Characters/Mannequins/Textures/Quinn/T_Quinn_01_CCRCCPlastic_MSK.ubulk" 1918
"C:/Projects/ProjectPal/Content/Characters/Mannequins/Textures/Quinn/T_Quinn_01_CCRCCPlastic_MSK.uasset" 1919
"C:/Projects/ProjectPal/Content/Characters/Mannequins/Textures/Quinn/T_Quinn_01_CCRCCPlastic_MSK.uexp" 1920
"C:/Projects/ProjectPal/Content/Characters/Mannequins/Materials/Instances/Quinn/MI_Quinn_01.uasset" 1921
"C:/Projects/ProjectPal/Content/Characters/Mannequins/Materials/Instances/Quinn/MI_Quinn_01.uexp" 1922
"C:/Projects/ProjectPal/Content/Characters/Mannequins/Textures/Quinn/T_Quinn_02ID_N.ubulk" 1923
"C:/Projects/ProjectPal/Content/Characters/Mannequins/Textures/Quinn/T_Quinn_02ID_N.uasset" 1924
"C:/Projects/ProjectPal/Content/Characters/Mannequins/Textures/Quinn/T_Quinn_02ID_N.uexp" 1925
"C:/Projects/ProjectPal/Content/Characters/Mannequins/Materials/Instances/Quinn/MI_Quinn_02.uasset" 1926
"C:/Projects/ProjectPal/Content/Characters/Mannequins/Materials/Instances/Quinn/MI_Quinn_02.uexp" 1927
"C:/Projects/ProjectPal/Content/Characters/Mannequins/Rigs/PA_Mannequin.uasset" 1928
"C:/Projects/ProjectPal/Content/Characters/Mannequins/Rigs/PA_Mannequin.uexp" 1929
"C:/Projects/ProjectPal/Content/Characters/Mannequins/Meshes/SKM_Quinn_Simple.uasset" 1930
"C:/Projects/ProjectPal/Content/Characters/Mannequins/Meshes/SKM_Quinn_Simple.uexp" 1931
"C:/Projects/ProjectPal/Content/Characters/Mannequins/Rigs/Poses/Quinn/Quinn_foot_l_anim.uasset" 1932
"C:/Projects/ProjectPal/Content/Characters/Mannequins/Rigs/Poses/Quinn/Quinn_foot_l_anim.uexp" 1933
"C:/Projects/ProjectPal/Content/Characters/Mannequins/Rigs/Poses/Quinn/Quinn_foot_l_pose.uasset" 1934
"C:/Projects/ProjectPal/Content/Characters/Mannequins/Rigs/Poses/Quinn/Quinn_foot_l_pose.uexp" 1935
"C:/Projects/ProjectPal/Content/Characters/Mannequins/Rigs/Poses/Quinn/Quinn_clavicle_l_anim.uasset" 1936
"C:/Projects/ProjectPal/Content/Characters/Mannequins/Rigs/Poses/Quinn/Quinn_clavicle_l_anim.uexp" 1937
"C:/Projects/ProjectPal/Content/Characters/Mannequins/Rigs/Poses/Quinn/Quinn_clavicle_l_pose.uasset" 1938
"C:/Projects/ProjectPal/Content/Characters/Mannequins/Rigs/Poses/Quinn/Quinn_clavicle_l_pose.uexp" 1939
"C:/Projects/ProjectPal/Content/Characters/Mannequins/Rigs/Poses/Quinn/Quinn_clavicle_r_anim.uasset" 1940
"C:/Projects/ProjectPal/Content/Characters/Mannequins/Rigs/Poses/Quinn/Quinn_clavicle_r_anim.uexp" 1941
"C:/Projects/ProjectPal/Content/Characters/Mannequins/Rigs/Poses/Quinn/Quinn_clavicle_r_pose.uasset" 1942
"C:/Projects/ProjectPal/Content/Characters/Mannequins/Rigs/Poses/Quinn/Quinn_clavicle_r_pose.uexp" 1943
"C:/Projects/ProjectPal/Content/Characters/Mannequins/Rigs/Poses/Quinn/Quinn_upperarm_l_anim.uasset" 1944
"C:/Projects/ProjectPal/Content/Characters/Mannequins/Rigs/Poses/Quinn/Quinn_upperarm_l_anim.uexp" 1945
"C:/Projects/ProjectPal/Content/Characters/Mannequins/Rigs/Poses/Quinn/Quinn_upperarm_l_pose.uasset" 1946
"C:/Projects/ProjectPal/Content/Characters/Mannequins/Rigs/Poses/Quinn/Quinn_upperarm_l_pose.uexp" 1947
"C:/Projects/ProjectPal/Content/Characters/Mannequins/Rigs/Poses/Quinn/Quinn_lowerarm_l_anim.uasset" 1948
"C:/Projects/ProjectPal/Content/Characters/Mannequins/Rigs/Poses/Quinn/Quinn_lowerarm_l_anim.uexp" 1949
"C:/Projects/ProjectPal/Content/Characters/Mannequins/Rigs/Poses/Quinn/Quinn_lowerarm_l_pose.uasset" 1950
"C:/Projects/ProjectPal/Content/Characters/Mannequins/Rigs/Poses/Quinn/Quinn_lowerarm_l_pose.uexp" 1951
"C:/Projects/ProjectPal/Content/Characters/Mannequins/Rigs/Poses/Quinn/Quinn_calf_l_anim.uasset" 1952
"C:/Projects/ProjectPal/Content/Characters/Mannequins/Rigs/Poses/Quinn/Quinn_calf_l_anim.uexp" 1953
"C:/Projects/ProjectPal/Content/Characters/Mannequins/Rigs/Poses/Quinn/Quinn_calf_l_pose.uasset" 1954
"C:/Projects/ProjectPal/Content/Characters/Mannequins/Rigs/Poses/Quinn/Quinn_calf_l_pose.uexp" 1955
"../../../Engine/Plugins/Animation/ControlRig/Content/Controls/DefaultGizmoLibrary.uasset" 1956
"../../../Engine/Plugins/Animation/ControlRig/Content/Controls/DefaultGizmoLibrary.uexp" 1957
"C:/Projects/ProjectPal/Content/Characters/Mannequins/Rigs/CR_Mannequin_Procedural.uasset" 1958
"C:/Projects/ProjectPal/Content/Characters/Mannequins/Rigs/CR_Mannequin_Procedural.uexp" 1959
"C:/Projects/ProjectPal/Content/Characters/Mannequins/Rigs/Poses/Quinn/Quinn_upperarm_r_anim.uasset" 1960
"C:/Projects/ProjectPal/Content/Characters/Mannequins/Rigs/Poses/Quinn/Quinn_upperarm_r_anim.uexp" 1961
"C:/Projects/ProjectPal/Content/Characters/Mannequins/Rigs/Poses/Quinn/Quinn_upperarm_r_pose.uasset" 1962
"C:/Projects/ProjectPal/Content/Characters/Mannequins/Rigs/Poses/Quinn/Quinn_upperarm_r_pose.uexp" 1963
"C:/Projects/ProjectPal/Content/Characters/Mannequins/Rigs/Poses/Quinn/Quinn_calf_r_anim.uasset" 1964
"C:/Projects/ProjectPal/Content/Characters/Mannequins/Rigs/Poses/Quinn/Quinn_calf_r_anim.uexp" 1965
"C:/Projects/ProjectPal/Content/Characters/Mannequins/Rigs/Poses/Quinn/Quinn_calf_r_pose.uasset" 1966
"C:/Projects/ProjectPal/Content/Characters/Mannequins/Rigs/Poses/Quinn/Quinn_calf_r_pose.uexp" 1967
"C:/Projects/ProjectPal/Content/Characters/Mannequins/Rigs/Poses/Quinn/Quinn_foot_r_anim.uasset" 1968
"C:/Projects/ProjectPal/Content/Characters/Mannequins/Rigs/Poses/Quinn/Quinn_foot_r_anim.uexp" 1969
"C:/Projects/ProjectPal/Content/Characters/Mannequins/Rigs/Poses/Quinn/Quinn_foot_r_pose.uasset" 1970
"C:/Projects/ProjectPal/Content/Characters/Mannequins/Rigs/Poses/Quinn/Quinn_foot_r_pose.uexp" 1971
"C:/Projects/ProjectPal/Content/Characters/Mannequins/Rigs/Poses/Quinn/Quinn_lowerarm_r_anim.uasset" 1972
"C:/Projects/ProjectPal/Content/Characters/Mannequins/Rigs/Poses/Quinn/Quinn_lowerarm_r_anim.uexp" 1973
"C:/Projects/ProjectPal/Content/Characters/Mannequins/Rigs/Poses/Quinn/Quinn_lowerarm_r_pose.uasset" 1974
"C:/Projects/ProjectPal/Content/Characters/Mannequins/Rigs/Poses/Quinn/Quinn_lowerarm_r_pose.uexp" 1975
"C:/Projects/ProjectPal/Content/Characters/Mannequins/Rigs/Poses/Quinn/Quinn_thigh_l_anim.uasset" 1976
"C:/Projects/ProjectPal/Content/Characters/Mannequins/Rigs/Poses/Quinn/Quinn_thigh_l_anim.uexp" 1977
"C:/Projects/ProjectPal/Content/Characters/Mannequins/Rigs/Poses/Quinn/Quinn_thigh_l_pose.uasset" 1978
"C:/Projects/ProjectPal/Content/Characters/Mannequins/Rigs/Poses/Quinn/Quinn_thigh_l_pose.uexp" 1979
"C:/Projects/ProjectPal/Content/Characters/Mannequins/Rigs/Poses/Quinn/Quinn_thigh_r_anim.uasset" 1980
"C:/Projects/ProjectPal/Content/Characters/Mannequins/Rigs/Poses/Quinn/Quinn_thigh_r_anim.uexp" 1981
"C:/Projects/ProjectPal/Content/Characters/Mannequins/Rigs/Poses/Quinn/Quinn_thigh_r_pose.uasset" 1982
"C:/Projects/ProjectPal/Content/Characters/Mannequins/Rigs/Poses/Quinn/Quinn_thigh_r_pose.uexp" 1983
"C:/Projects/ProjectPal/Content/Characters/Mannequins/Rigs/Poses/Quinn/Quinn_hand_l_anim.uasset" 1984
"C:/Projects/ProjectPal/Content/Characters/Mannequins/Rigs/Poses/Quinn/Quinn_hand_l_anim.uexp" 1985
"C:/Projects/ProjectPal/Content/Characters/Mannequins/Rigs/Poses/Quinn/Quinn_hand_l_pose.uasset" 1986
"C:/Projects/ProjectPal/Content/Characters/Mannequins/Rigs/Poses/Quinn/Quinn_hand_l_pose.uexp" 1987
"C:/Projects/ProjectPal/Content/Characters/Mannequins/Rigs/Poses/Quinn/Quinn_hand_r_anim.uasset" 1988
"C:/Projects/ProjectPal/Content/Characters/Mannequins/Rigs/Poses/Quinn/Quinn_hand_r_anim.uexp" 1989
"C:/Projects/ProjectPal/Content/Characters/Mannequins/Rigs/Poses/Quinn/Quinn_hand_r_pose.uasset" 1990
"C:/Projects/ProjectPal/Content/Characters/Mannequins/Rigs/Poses/Quinn/Quinn_hand_r_pose.uexp" 1991
"C:/Projects/ProjectPal/Content/Characters/Mannequins/Rigs/ABP_Quinn_PostProcess.uasset" 1992
"C:/Projects/ProjectPal/Content/Characters/Mannequins/Rigs/ABP_Quinn_PostProcess.uexp" 1993
"C:/Projects/ProjectPal/Content/Characters/Mannequins/Meshes/SKM_Quinn.uasset" 1994
"C:/Projects/ProjectPal/Content/Characters/Mannequins/Meshes/SKM_Quinn.uexp" 1995
"C:/Projects/ProjectPal/Content/Characters/Mannequins/Textures/Manny/T_Manny_02_MSR_MSK.ubulk" 1996
"C:/Projects/ProjectPal/Content/Characters/Mannequins/Textures/Manny/T_Manny_02_MSR_MSK.uasset" 1997
"C:/Projects/ProjectPal/Content/Characters/Mannequins/Textures/Manny/T_Manny_02_MSR_MSK.uexp" 1998
"C:/Projects/ProjectPal/Content/Characters/Mannequins/Textures/Manny/T_Manny_02_CCRCCPlastic_MSK.ubulk" 1999
"C:/Projects/ProjectPal/Content/Characters/Mannequins/Textures/Manny/T_Manny_02_CCRCCPlastic_MSK.uasset" 2000
"C:/Projects/ProjectPal/Content/Characters/Mannequins/Textures/Manny/T_Manny_02_CCRCCPlastic_MSK.uexp" 2001
"C:/Projects/ProjectPal/Content/Characters/Mannequins/Textures/Manny/T_Manny_02_Tan.ubulk" 2002
"C:/Projects/ProjectPal/Content/Characters/Mannequins/Textures/Manny/T_Manny_02_Tan.uasset" 2003
"C:/Projects/ProjectPal/Content/Characters/Mannequins/Textures/Manny/T_Manny_02_Tan.uexp" 2004
"C:/Projects/ProjectPal/Content/Characters/Mannequins/Textures/Manny/T_Manny_02_N.ubulk" 2005
"C:/Projects/ProjectPal/Content/Characters/Mannequins/Textures/Manny/T_Manny_02_N.uasset" 2006
"C:/Projects/ProjectPal/Content/Characters/Mannequins/Textures/Manny/T_Manny_02_N.uexp" 2007
"C:/Projects/ProjectPal/Content/Characters/Mannequins/Materials/Instances/Manny/MI_Manny_01.uasset" 2008
"C:/Projects/ProjectPal/Content/Characters/Mannequins/Materials/Instances/Manny/MI_Manny_01.uexp" 2009
"C:/Projects/ProjectPal/Content/Characters/Mannequins/Textures/Manny/T_Manny_02_BN.ubulk" 2010
"C:/Projects/ProjectPal/Content/Characters/Mannequins/Textures/Manny/T_Manny_02_BN.uasset" 2011
"C:/Projects/ProjectPal/Content/Characters/Mannequins/Textures/Manny/T_Manny_02_BN.uexp" 2012
"C:/Projects/ProjectPal/Content/Characters/Mannequins/Textures/Manny/T_Manny_02_ASAOPMASK_MSK.ubulk" 2013
"C:/Projects/ProjectPal/Content/Characters/Mannequins/Textures/Manny/T_Manny_02_ASAOPMASK_MSK.uasset" 2014
"C:/Projects/ProjectPal/Content/Characters/Mannequins/Textures/Manny/T_Manny_02_ASAOPMASK_MSK.uexp" 2015
"C:/Projects/ProjectPal/Content/Characters/Mannequins/Textures/Manny/T_Manny_02_D.ubulk" 2016
"C:/Projects/ProjectPal/Content/Characters/Mannequins/Textures/Manny/T_Manny_02_D.uasset" 2017
"C:/Projects/ProjectPal/Content/Characters/Mannequins/Textures/Manny/T_Manny_02_D.uexp" 2018
"C:/Projects/ProjectPal/Content/Characters/Mannequins/Materials/Instances/Manny/MI_Manny_02.uasset" 2019
"C:/Projects/ProjectPal/Content/Characters/Mannequins/Materials/Instances/Manny/MI_Manny_02.uexp" 2020
"C:/Projects/ProjectPal/Content/Characters/Mannequins/Meshes/SKM_Manny_Simple.uasset" 2021
"C:/Projects/ProjectPal/Content/Characters/Mannequins/Meshes/SKM_Manny_Simple.uexp" 2022
"C:/Projects/ProjectPal/Content/Characters/Mannequins/Rigs/Poses/Manny/Manny_foot_l_anim.uasset" 2023
"C:/Projects/ProjectPal/Content/Characters/Mannequins/Rigs/Poses/Manny/Manny_foot_l_anim.uexp" 2024
"C:/Projects/ProjectPal/Content/Characters/Mannequins/Rigs/Poses/Manny/Manny_foot_l_pose.uasset" 2025
"C:/Projects/ProjectPal/Content/Characters/Mannequins/Rigs/Poses/Manny/Manny_foot_l_pose.uexp" 2026
"C:/Projects/ProjectPal/Content/Characters/Mannequins/Rigs/Poses/Manny/Manny_thigh_r_anim.uasset" 2027
"C:/Projects/ProjectPal/Content/Characters/Mannequins/Rigs/Poses/Manny/Manny_thigh_r_anim.uexp" 2028
"C:/Projects/ProjectPal/Content/Characters/Mannequins/Rigs/Poses/Manny/Manny_thigh_r_pose.uasset" 2029
"C:/Projects/ProjectPal/Content/Characters/Mannequins/Rigs/Poses/Manny/Manny_thigh_r_pose.uexp" 2030
"C:/Projects/ProjectPal/Content/Characters/Mannequins/Rigs/Poses/Manny/Manny_hand_r_anim.uasset" 2031
"C:/Projects/ProjectPal/Content/Characters/Mannequins/Rigs/Poses/Manny/Manny_hand_r_anim.uexp" 2032
"C:/Projects/ProjectPal/Content/Characters/Mannequins/Rigs/Poses/Manny/Manny_hand_r_pose.uasset" 2033
"C:/Projects/ProjectPal/Content/Characters/Mannequins/Rigs/Poses/Manny/Manny_hand_r_pose.uexp" 2034
"C:/Projects/ProjectPal/Content/Characters/Mannequins/Rigs/Poses/Manny/Manny_clavicle_l_anim.uasset" 2035
"C:/Projects/ProjectPal/Content/Characters/Mannequins/Rigs/Poses/Manny/Manny_clavicle_l_anim.uexp" 2036
"C:/Projects/ProjectPal/Content/Characters/Mannequins/Rigs/Poses/Manny/Manny_clavicle_l_pose.uasset" 2037
"C:/Projects/ProjectPal/Content/Characters/Mannequins/Rigs/Poses/Manny/Manny_clavicle_l_pose.uexp" 2038
"C:/Projects/ProjectPal/Content/Characters/Mannequins/Rigs/Poses/Manny/Manny_calf_l_anim.uasset" 2039
"C:/Projects/ProjectPal/Content/Characters/Mannequins/Rigs/Poses/Manny/Manny_calf_l_anim.uexp" 2040
"C:/Projects/ProjectPal/Content/Characters/Mannequins/Rigs/Poses/Manny/Manny_calf_l_pose.uasset" 2041
"C:/Projects/ProjectPal/Content/Characters/Mannequins/Rigs/Poses/Manny/Manny_calf_l_pose.uexp" 2042
"C:/Projects/ProjectPal/Content/Characters/Mannequins/Rigs/Poses/Manny/Manny_hand_l_anim.uasset" 2043
"C:/Projects/ProjectPal/Content/Characters/Mannequins/Rigs/Poses/Manny/Manny_hand_l_anim.uexp" 2044
"C:/Projects/ProjectPal/Content/Characters/Mannequins/Rigs/Poses/Manny/Manny_hand_l_pose.uasset" 2045
"C:/Projects/ProjectPal/Content/Characters/Mannequins/Rigs/Poses/Manny/Manny_hand_l_pose.uexp" 2046
"C:/Projects/ProjectPal/Content/Characters/Mannequins/Rigs/Poses/Manny/Manny_upperarm_r_anim.uasset" 2047
"C:/Projects/ProjectPal/Content/Characters/Mannequins/Rigs/Poses/Manny/Manny_upperarm_r_anim.uexp" 2048
"C:/Projects/ProjectPal/Content/Characters/Mannequins/Rigs/Poses/Manny/Manny_upperarm_r_pose.uasset" 2049
"C:/Projects/ProjectPal/Content/Characters/Mannequins/Rigs/Poses/Manny/Manny_upperarm_r_pose.uexp" 2050
"C:/Projects/ProjectPal/Content/Characters/Mannequins/Rigs/Poses/Manny/Manny_lowerarm_r_anim.uasset" 2051
"C:/Projects/ProjectPal/Content/Characters/Mannequins/Rigs/Poses/Manny/Manny_lowerarm_r_anim.uexp" 2052
"C:/Projects/ProjectPal/Content/Characters/Mannequins/Rigs/Poses/Manny/Manny_lowerarm_r_pose.uasset" 2053
"C:/Projects/ProjectPal/Content/Characters/Mannequins/Rigs/Poses/Manny/Manny_lowerarm_r_pose.uexp" 2054
"C:/Projects/ProjectPal/Content/Characters/Mannequins/Rigs/Poses/Manny/Manny_calf_r_anim.uasset" 2055
"C:/Projects/ProjectPal/Content/Characters/Mannequins/Rigs/Poses/Manny/Manny_calf_r_anim.uexp" 2056
"C:/Projects/ProjectPal/Content/Characters/Mannequins/Rigs/Poses/Manny/Manny_calf_r_pose.uasset" 2057
"C:/Projects/ProjectPal/Content/Characters/Mannequins/Rigs/Poses/Manny/Manny_calf_r_pose.uexp" 2058
"C:/Projects/ProjectPal/Content/Characters/Mannequins/Rigs/Poses/Manny/Manny_foot_r_anim.uasset" 2059
"C:/Projects/ProjectPal/Content/Characters/Mannequins/Rigs/Poses/Manny/Manny_foot_r_anim.uexp" 2060
"C:/Projects/ProjectPal/Content/Characters/Mannequins/Rigs/Poses/Manny/Manny_foot_r_pose.uasset" 2061
"C:/Projects/ProjectPal/Content/Characters/Mannequins/Rigs/Poses/Manny/Manny_foot_r_pose.uexp" 2062
"C:/Projects/ProjectPal/Content/Characters/Mannequins/Rigs/Poses/Manny/Manny_lowerarm_l_anim.uasset" 2063
"C:/Projects/ProjectPal/Content/Characters/Mannequins/Rigs/Poses/Manny/Manny_lowerarm_l_anim.uexp" 2064
"C:/Projects/ProjectPal/Content/Characters/Mannequins/Rigs/Poses/Manny/Manny_lowerarm_l_pose.uasset" 2065
"C:/Projects/ProjectPal/Content/Characters/Mannequins/Rigs/Poses/Manny/Manny_lowerarm_l_pose.uexp" 2066
"C:/Projects/ProjectPal/Content/Characters/Mannequins/Rigs/Poses/Manny/Manny_clavicle_r_anim.uasset" 2067
"C:/Projects/ProjectPal/Content/Characters/Mannequins/Rigs/Poses/Manny/Manny_clavicle_r_anim.uexp" 2068
"C:/Projects/ProjectPal/Content/Characters/Mannequins/Rigs/Poses/Manny/Manny_clavicle_r_pose.uasset" 2069
"C:/Projects/ProjectPal/Content/Characters/Mannequins/Rigs/Poses/Manny/Manny_clavicle_r_pose.uexp" 2070
"C:/Projects/ProjectPal/Content/Characters/Mannequins/Rigs/Poses/Manny/Manny_thigh_l_anim.uasset" 2071
"C:/Projects/ProjectPal/Content/Characters/Mannequins/Rigs/Poses/Manny/Manny_thigh_l_anim.uexp" 2072
"C:/Projects/ProjectPal/Content/Characters/Mannequins/Rigs/Poses/Manny/Manny_thigh_l_pose.uasset" 2073
"C:/Projects/ProjectPal/Content/Characters/Mannequins/Rigs/Poses/Manny/Manny_thigh_l_pose.uexp" 2074
"C:/Projects/ProjectPal/Content/Characters/Mannequins/Rigs/Poses/Manny/Manny_upperarm_l_anim.uasset" 2075
"C:/Projects/ProjectPal/Content/Characters/Mannequins/Rigs/Poses/Manny/Manny_upperarm_l_anim.uexp" 2076
"C:/Projects/ProjectPal/Content/Characters/Mannequins/Rigs/Poses/Manny/Manny_upperarm_l_pose.uasset" 2077
"C:/Projects/ProjectPal/Content/Characters/Mannequins/Rigs/Poses/Manny/Manny_upperarm_l_pose.uexp" 2078
"C:/Projects/ProjectPal/Content/Characters/Mannequins/Rigs/ABP_Manny_PostProcess.uasset" 2079
"C:/Projects/ProjectPal/Content/Characters/Mannequins/Rigs/ABP_Manny_PostProcess.uexp" 2080
"C:/Projects/ProjectPal/Content/Characters/Mannequins/Meshes/SKM_Manny.uasset" 2081
"C:/Projects/ProjectPal/Content/Characters/Mannequins/Meshes/SKM_Manny.uexp" 2082
"C:/Projects/ProjectPal/Content/Characters/Mannequins/Meshes/Mannequin_LODSettings.uasset" 2083
"C:/Projects/ProjectPal/Content/Characters/Mannequins/Meshes/Mannequin_LODSettings.uexp" 2084
"C:/Projects/ProjectPal/Content/Characters/Mannequins/Animations/Quinn/MF_Run_Fwd.uasset" 2085
"C:/Projects/ProjectPal/Content/Characters/Mannequins/Animations/Quinn/MF_Run_Fwd.uexp" 2086
"C:/Projects/ProjectPal/Content/Characters/Mannequins/Animations/Quinn/MF_Walk_Fwd.uasset" 2087
"C:/Projects/ProjectPal/Content/Characters/Mannequins/Animations/Quinn/MF_Walk_Fwd.uexp" 2088
"../../../Engine/Content/Animation/DefaultRecorderBoneCompression.uasset" 2089
"../../../Engine/Content/Animation/DefaultRecorderBoneCompression.uexp" 2090
"C:/Projects/ProjectPal/Content/Characters/Mannequins/Animations/Manny/MM_Walk_InPlace.uasset" 2091
"C:/Projects/ProjectPal/Content/Characters/Mannequins/Animations/Manny/MM_Walk_InPlace.uexp" 2092
"C:/Projects/ProjectPal/Content/Characters/Mannequins/Animations/Quinn/BS_MF_Unarmed_WalkRun.uasset" 2093
"C:/Projects/ProjectPal/Content/Characters/Mannequins/Animations/Quinn/BS_MF_Unarmed_WalkRun.uexp" 2094
"C:/Projects/ProjectPal/Content/Characters/Mannequins/Animations/Quinn/MF_Idle.uasset" 2095
"C:/Projects/ProjectPal/Content/Characters/Mannequins/Animations/Quinn/MF_Idle.uexp" 2096
"C:/Projects/ProjectPal/Content/Characters/Mannequins/Animations/Manny/MM_Fall_Loop.uasset" 2097
"C:/Projects/ProjectPal/Content/Characters/Mannequins/Animations/Manny/MM_Fall_Loop.uexp" 2098
"C:/Projects/ProjectPal/Content/Characters/Mannequins/Animations/Manny/MM_Jump.uasset" 2099
"C:/Projects/ProjectPal/Content/Characters/Mannequins/Animations/Manny/MM_Jump.uexp" 2100
"C:/Projects/ProjectPal/Content/Characters/Mannequins/Rigs/CR_Mannequin_BasicFootIK.uasset" 2101
"C:/Projects/ProjectPal/Content/Characters/Mannequins/Rigs/CR_Mannequin_BasicFootIK.uexp" 2102
"C:/Projects/ProjectPal/Content/Characters/Mannequins/Animations/Manny/MM_Run_Fwd.uasset" 2103
"C:/Projects/ProjectPal/Content/Characters/Mannequins/Animations/Manny/MM_Run_Fwd.uexp" 2104
"C:/Projects/ProjectPal/Content/Characters/Mannequins/Animations/Manny/MM_Walk_Fwd.uasset" 2105
"C:/Projects/ProjectPal/Content/Characters/Mannequins/Animations/Manny/MM_Walk_Fwd.uexp" 2106
"C:/Projects/ProjectPal/Content/Characters/Mannequins/Animations/Manny/BS_MM_WalkRun.uasset" 2107
"C:/Projects/ProjectPal/Content/Characters/Mannequins/Animations/Manny/BS_MM_WalkRun.uexp" 2108
"C:/Projects/ProjectPal/Content/Characters/Mannequins/Animations/Manny/MM_Land.uasset" 2109
"C:/Projects/ProjectPal/Content/Characters/Mannequins/Animations/Manny/MM_Land.uexp" 2110
"C:/Projects/ProjectPal/Content/Characters/Mannequins/Animations/Manny/MM_Idle.uasset" 2111
"C:/Projects/ProjectPal/Content/Characters/Mannequins/Animations/Manny/MM_Idle.uexp" 2112
"C:/Projects/ProjectPal/Content/Characters/Mannequins/Animations/ABP_Manny.uasset" 2113
"C:/Projects/ProjectPal/Content/Characters/Mannequins/Animations/ABP_Manny.uexp" 2114
"C:/Projects/ProjectPal/Content/Characters/Mannequins/Animations/ABP_Quinn.uasset" 2115
"C:/Projects/ProjectPal/Content/Characters/Mannequins/Animations/ABP_Quinn.uexp" 2116
"C:/Projects/ProjectPal/Content/Characters/Mannequins/Animations/Manny/MM_T_Pose.uasset" 2117
"C:/Projects/ProjectPal/Content/Characters/Mannequins/Animations/Manny/MM_T_Pose.uexp" 2118
"C:/Projects/ProjectPal/Content/LevelPrototyping/Materials/MI_PrototypeGrid_TopDark.uasset" 2119
"C:/Projects/ProjectPal/Content/LevelPrototyping/Materials/MI_PrototypeGrid_TopDark.uexp" 2120
"C:/Projects/ProjectPal/Content/LevelPrototyping/Meshes/SM_Ramp.ubulk" 2121
"C:/Projects/ProjectPal/Content/LevelPrototyping/Meshes/SM_Ramp.uasset" 2122
"C:/Projects/ProjectPal/Content/LevelPrototyping/Meshes/SM_Ramp.uexp" 2123
"C:/Projects/ProjectPal/Content/LevelPrototyping/Meshes/SM_Cube.ubulk" 2124
"C:/Projects/ProjectPal/Content/LevelPrototyping/Meshes/SM_Cube.uasset" 2125
"C:/Projects/ProjectPal/Content/LevelPrototyping/Meshes/SM_Cube.uexp" 2126
"C:/Projects/ProjectPal/Content/LevelPrototyping/Meshes/SM_QuarterCylinder.ubulk" 2127
"C:/Projects/ProjectPal/Content/LevelPrototyping/Meshes/SM_QuarterCylinder.uasset" 2128
"C:/Projects/ProjectPal/Content/LevelPrototyping/Meshes/SM_QuarterCylinder.uexp" 2129
"C:/Projects/ProjectPal/Content/_Pal/Import/Monster/LilyQueen/T_LilyQueen_Eye_B.ubulk" 2130
"C:/Projects/ProjectPal/Content/_Pal/Import/Monster/LilyQueen/T_LilyQueen_Eye_B.uasset" 2131
"C:/Projects/ProjectPal/Content/_Pal/Import/Monster/LilyQueen/T_LilyQueen_Eye_B.uexp" 2132
"C:/Projects/ProjectPal/Content/_Pal/Import/Monster/LilyQueen/MI_LilyQueen_Eye.uasset" 2133
"C:/Projects/ProjectPal/Content/_Pal/Import/Monster/LilyQueen/MI_LilyQueen_Eye.uexp" 2134
"C:/Projects/ProjectPal/Content/_Pal/Import/Monster/LilyQueen/T_LilyQueen_Mouth_B.ubulk" 2135
"C:/Projects/ProjectPal/Content/_Pal/Import/Monster/LilyQueen/T_LilyQueen_Mouth_B.uasset" 2136
"C:/Projects/ProjectPal/Content/_Pal/Import/Monster/LilyQueen/T_LilyQueen_Mouth_B.uexp" 2137
"C:/Projects/ProjectPal/Content/_Pal/Import/Monster/LilyQueen/MI_LilyQueen_Mouth.uasset" 2138
"C:/Projects/ProjectPal/Content/_Pal/Import/Monster/LilyQueen/MI_LilyQueen_Mouth.uexp" 2139
"C:/Projects/ProjectPal/Content/_Pal/Import/Monster/LilyQueen/T_LilyQueen_Body_M.ubulk" 2140
"C:/Projects/ProjectPal/Content/_Pal/Import/Monster/LilyQueen/T_LilyQueen_Body_M.uasset" 2141
"C:/Projects/ProjectPal/Content/_Pal/Import/Monster/LilyQueen/T_LilyQueen_Body_M.uexp" 2142
"C:/Projects/ProjectPal/Content/_Pal/Import/Monster/LilyQueen/T_LilyQueen_Body_SSS.ubulk" 2143
"C:/Projects/ProjectPal/Content/_Pal/Import/Monster/LilyQueen/T_LilyQueen_Body_SSS.uasset" 2144
"C:/Projects/ProjectPal/Content/_Pal/Import/Monster/LilyQueen/T_LilyQueen_Body_SSS.uexp" 2145
"C:/Projects/ProjectPal/Content/_Pal/Import/Monster/LilyQueen/T_LilyQueen_Body_N.ubulk" 2146
"C:/Projects/ProjectPal/Content/_Pal/Import/Monster/LilyQueen/T_LilyQueen_Body_N.uasset" 2147
"C:/Projects/ProjectPal/Content/_Pal/Import/Monster/LilyQueen/T_LilyQueen_Body_N.uexp" 2148
"C:/Projects/ProjectPal/Content/_Pal/Import/Monster/LilyQueen/T_LilyQueen_Body_B.ubulk" 2149
"C:/Projects/ProjectPal/Content/_Pal/Import/Monster/LilyQueen/T_LilyQueen_Body_B.uasset" 2150
"C:/Projects/ProjectPal/Content/_Pal/Import/Monster/LilyQueen/T_LilyQueen_Body_B.uexp" 2151
"C:/Projects/ProjectPal/Content/_Pal/Import/Monster/LilyQueen/MI_LilyQueen_Body.uasset" 2152
"C:/Projects/ProjectPal/Content/_Pal/Import/Monster/LilyQueen/MI_LilyQueen_Body.uexp" 2153
"C:/Projects/ProjectPal/Content/_Pal/Import/Monster/LilyQueen/LilyQueen_PhysicsAsset.uasset" 2154
"C:/Projects/ProjectPal/Content/_Pal/Import/Monster/LilyQueen/LilyQueen_PhysicsAsset.uexp" 2155
"C:/Projects/ProjectPal/Content/_Pal/Import/Monster/LilyQueen/LilyQueen.uasset" 2156
"C:/Projects/ProjectPal/Content/_Pal/Import/Monster/LilyQueen/LilyQueen.uexp" 2157
"C:/Projects/ProjectPal/Content/_Pal/BluePrint/DataAsset/PalSkill/BP_PalSkill_GrassTornados.uasset" 2158
"C:/Projects/ProjectPal/Content/_Pal/BluePrint/DataAsset/PalSkill/BP_PalSkill_GrassTornados.uexp" 2159
"C:/Projects/ProjectPal/Content/_Pal/BluePrint/DataAsset/PalSkill/DA_GrassTornados.uasset" 2160
"C:/Projects/ProjectPal/Content/_Pal/BluePrint/DataAsset/PalSkill/DA_GrassTornados.uexp" 2161
"C:/Projects/ProjectPal/Content/_Pal/BluePrint/Widget/WBP_PalNameplate.uasset" 2162
"C:/Projects/ProjectPal/Content/_Pal/BluePrint/Widget/WBP_PalNameplate.uexp" 2163
"C:/Projects/ProjectPal/Content/FXVarietyPack/Textures/T_ky_decoLinesB.ubulk" 2164
"C:/Projects/ProjectPal/Content/FXVarietyPack/Textures/T_ky_decoLinesB.uasset" 2165
"C:/Projects/ProjectPal/Content/FXVarietyPack/Textures/T_ky_decoLinesB.uexp" 2166
"C:/Projects/ProjectPal/Content/FXVarietyPack/Textures/T_ky_decoLines.ubulk" 2167
"C:/Projects/ProjectPal/Content/FXVarietyPack/Textures/T_ky_decoLines.uasset" 2168
"C:/Projects/ProjectPal/Content/FXVarietyPack/Textures/T_ky_decoLines.uexp" 2169
"C:/Projects/ProjectPal/Content/FXVarietyPack/Materials/Mfunction/MF_ky_VectorToRadialValue.uasset" 2170
"C:/Projects/ProjectPal/Content/FXVarietyPack/Materials/Mfunction/MF_ky_VectorToRadialValue.uexp" 2171
"C:/Projects/ProjectPal/Content/FXVarietyPack/Materials/M_ky_polar.uasset" 2172
"C:/Projects/ProjectPal/Content/FXVarietyPack/Materials/M_ky_polar.uexp" 2173
"C:/Projects/ProjectPal/Content/FXVarietyPack/Materials/MI_ky_polar_two.uasset" 2174
"C:/Projects/ProjectPal/Content/FXVarietyPack/Materials/MI_ky_polar_two.uexp" 2175
"C:/Projects/ProjectPal/Content/FXVarietyPack/Materials/MI_ky_flare_flash_trs.uasset" 2176
"C:/Projects/ProjectPal/Content/FXVarietyPack/Materials/MI_ky_flare_flash_trs.uexp" 2177
"C:/Projects/ProjectPal/Content/FXVarietyPack/Textures/T_ky_smoke1.ubulk" 2178
"C:/Projects/ProjectPal/Content/FXVarietyPack/Textures/T_ky_smoke1.uasset" 2179
"C:/Projects/ProjectPal/Content/FXVarietyPack/Textures/T_ky_smoke1.uexp" 2180
"C:/Projects/ProjectPal/Content/FXVarietyPack/Materials/M_ky_smoke01.uasset" 2181
"C:/Projects/ProjectPal/Content/FXVarietyPack/Materials/M_ky_smoke01.uexp" 2182
"C:/Projects/ProjectPal/Content/FXVarietyPack/Materials/MI_ky_smoke01c.uasset" 2183
"C:/Projects/ProjectPal/Content/FXVarietyPack/Materials/MI_ky_smoke01c.uexp" 2184
"C:/Projects/ProjectPal/Content/FXVarietyPack/Materials/M_ky_waterDust02.uasset" 2185
"C:/Projects/ProjectPal/Content/FXVarietyPack/Materials/M_ky_waterDust02.uexp" 2186
"C:/Projects/ProjectPal/Content/FXVarietyPack/Particles/P_ky_waterBallHit.uasset" 2187
"C:/Projects/ProjectPal/Content/FXVarietyPack/Particles/P_ky_waterBallHit.uexp" 2188
"C:/Projects/ProjectPal/Content/FXVarietyPack/Particles/P_ky_waterBall.uasset" 2189
"C:/Projects/ProjectPal/Content/FXVarietyPack/Particles/P_ky_waterBall.uexp" 2190
"C:/Projects/ProjectPal/Content/_Pal/BluePrint/Projectile/BP_PJWaterBall.uasset" 2191
"C:/Projects/ProjectPal/Content/_Pal/BluePrint/Projectile/BP_PJWaterBall.uexp" 2192
"C:/Projects/ProjectPal/Content/_Pal/BluePrint/DataAsset/PalSkill/BP_PalSkill_WaterBall.uasset" 2193
"C:/Projects/ProjectPal/Content/_Pal/BluePrint/DataAsset/PalSkill/BP_PalSkill_WaterBall.uexp" 2194
"C:/Projects/ProjectPal/Content/_Pal/BluePrint/DataAsset/PalSkill/DA_WaterBall.uasset" 2195
"C:/Projects/ProjectPal/Content/_Pal/BluePrint/DataAsset/PalSkill/DA_WaterBall.uexp" 2196
"C:/Projects/ProjectPal/Content/_Pal/Import/Monster/LilyQueen/Animations/AS_LilyQueen_FarSkill_ActionLoop.uasset" 2197
"C:/Projects/ProjectPal/Content/_Pal/Import/Monster/LilyQueen/Animations/AS_LilyQueen_FarSkill_ActionLoop.uexp" 2198
"C:/Projects/ProjectPal/Content/_Pal/BluePrint/Character/Monster/Lyleen/Montage/AM_LilyQueen_FarSkill_ActionLoop.uasset" 2199
"C:/Projects/ProjectPal/Content/_Pal/BluePrint/Character/Monster/Lyleen/Montage/AM_LilyQueen_FarSkill_ActionLoop.uexp" 2200
"../../../Engine/Content/EditorBlueprintResources/StandardMacros.uasset" 2201
"../../../Engine/Content/EditorBlueprintResources/StandardMacros.uexp" 2202
"C:/Projects/ProjectPal/Content/_Pal/BluePrint/AI/Task/BTTask_SetbDidAggro.uasset" 2203
"C:/Projects/ProjectPal/Content/_Pal/BluePrint/AI/Task/BTTask_SetbDidAggro.uexp" 2204
"C:/Projects/ProjectPal/Content/_Pal/BluePrint/AI/BB_WIldPal.uasset" 2205
"C:/Projects/ProjectPal/Content/_Pal/BluePrint/AI/BB_WIldPal.uexp" 2206
"C:/Projects/ProjectPal/Content/_Pal/BluePrint/AI/Task/BTTask_SetMoveState.uasset" 2207
"C:/Projects/ProjectPal/Content/_Pal/BluePrint/AI/Task/BTTask_SetMoveState.uexp" 2208
"C:/Projects/ProjectPal/Content/_Pal/BluePrint/AI/BT_WildPal.uasset" 2209
"C:/Projects/ProjectPal/Content/_Pal/BluePrint/AI/BT_WildPal.uexp" 2210
"C:/Projects/ProjectPal/Content/_Pal/BluePrint/AI/BB_OwnedPal.uasset" 2211
"C:/Projects/ProjectPal/Content/_Pal/BluePrint/AI/BB_OwnedPal.uexp" 2212
"C:/Projects/ProjectPal/Content/_Pal/BluePrint/AI/BT_OwnedPal.uasset" 2213
"C:/Projects/ProjectPal/Content/_Pal/BluePrint/AI/BT_OwnedPal.uexp" 2214
"C:/Projects/ProjectPal/Content/_Pal/BluePrint/AI/BP_PalAIController.uasset" 2215
"C:/Projects/ProjectPal/Content/_Pal/BluePrint/AI/BP_PalAIController.uexp" 2216
"C:/Projects/ProjectPal/Content/_Pal/BluePrint/Data/DT_PalData.uasset" 2217
"C:/Projects/ProjectPal/Content/_Pal/BluePrint/Data/DT_PalData.uexp" 2218
"C:/Projects/ProjectPal/Content/_Pal/Import/Monster/LilyQueen/Animations/AS_LilyQueen_FarSkill_Start.uasset" 2219
"C:/Projects/ProjectPal/Content/_Pal/Import/Monster/LilyQueen/Animations/AS_LilyQueen_FarSkill_Start.uexp" 2220
"C:/Projects/ProjectPal/Content/_Pal/BluePrint/Character/Monster/Lyleen/Montage/AM_LilyQueen_FarSkill_Start.uasset" 2221
"C:/Projects/ProjectPal/Content/_Pal/BluePrint/Character/Monster/Lyleen/Montage/AM_LilyQueen_FarSkill_Start.uexp" 2222
"C:/Projects/ProjectPal/Content/_Pal/Import/Sound/hit.ubulk" 2223
"C:/Projects/ProjectPal/Content/_Pal/Import/Sound/hit.uasset" 2224
"C:/Projects/ProjectPal/Content/_Pal/Import/Sound/hit.uexp" 2225
"C:/Projects/ProjectPal/Content/_Pal/Import/Monster/LilyQueen/Animations/AS_LilyQueen_Run.uasset" 2226
"C:/Projects/ProjectPal/Content/_Pal/Import/Monster/LilyQueen/Animations/AS_LilyQueen_Run.uexp" 2227
"C:/Projects/ProjectPal/Content/_Pal/Import/Monster/LilyQueen/Animations/AS_LilyQueen_walk.uasset" 2228
"C:/Projects/ProjectPal/Content/_Pal/Import/Monster/LilyQueen/Animations/AS_LilyQueen_walk.uexp" 2229
"C:/Projects/ProjectPal/Content/_Pal/Import/Monster/LilyQueen/Animations/AS_LilyQueen_idle.uasset" 2230
"C:/Projects/ProjectPal/Content/_Pal/Import/Monster/LilyQueen/Animations/AS_LilyQueen_idle.uexp" 2231
"C:/Projects/ProjectPal/Content/_Pal/BluePrint/Character/Monster/Lyleen/BS_Lyleen_Locomotion.uasset" 2232
"C:/Projects/ProjectPal/Content/_Pal/BluePrint/Character/Monster/Lyleen/BS_Lyleen_Locomotion.uexp" 2233
"C:/Projects/ProjectPal/Content/_Pal/BluePrint/Character/Monster/Lyleen/ABP_Lyleen.uasset" 2234
"C:/Projects/ProjectPal/Content/_Pal/BluePrint/Character/Monster/Lyleen/ABP_Lyleen.uexp" 2235
"C:/Projects/ProjectPal/Content/_Pal/Import/Sound/SA_PalHit.uasset" 2236
"C:/Projects/ProjectPal/Content/_Pal/Import/Sound/SA_PalHit.uexp" 2237
"C:/Projects/ProjectPal/Content/_Pal/Import/Monster/LilyQueen/Animations/AS_LilyQueen_Encount.uasset" 2238
"C:/Projects/ProjectPal/Content/_Pal/Import/Monster/LilyQueen/Animations/AS_LilyQueen_Encount.uexp" 2239
"C:/Projects/ProjectPal/Content/_Pal/BluePrint/Character/Monster/Lyleen/Montage/AM_LilyQueen_Encount.uasset" 2240
"C:/Projects/ProjectPal/Content/_Pal/BluePrint/Character/Monster/Lyleen/Montage/AM_LilyQueen_Encount.uexp" 2241
"C:/Projects/ProjectPal/Content/_Pal/BluePrint/DataAsset/PalSkill/BP_PalSkill_GrassTornado.uasset" 2242
"C:/Projects/ProjectPal/Content/_Pal/BluePrint/DataAsset/PalSkill/BP_PalSkill_GrassTornado.uexp" 2243
"C:/Projects/ProjectPal/Content/_Pal/BluePrint/DataAsset/PalSkill/DA_GrassTornado.uasset" 2244
"C:/Projects/ProjectPal/Content/_Pal/BluePrint/DataAsset/PalSkill/DA_GrassTornado.uexp" 2245
"C:/Projects/ProjectPal/Content/_Pal/Import/Monster/LilyQueen/Animations/AS_LilyQueen_FarSkill_StartLoop.uasset" 2246
"C:/Projects/ProjectPal/Content/_Pal/Import/Monster/LilyQueen/Animations/AS_LilyQueen_FarSkill_StartLoop.uexp" 2247
"C:/Projects/ProjectPal/Content/_Pal/BluePrint/Character/Monster/Lyleen/Montage/AM_LilyQueen_FarSkill_StartLoop.uasset" 2248
"C:/Projects/ProjectPal/Content/_Pal/BluePrint/Character/Monster/Lyleen/Montage/AM_LilyQueen_FarSkill_StartLoop.uexp" 2249
"C:/Projects/ProjectPal/Content/_Pal/Import/Monster/LilyQueen/Animations/AS_LilyQueen_FarSkill_Action.uasset" 2250
"C:/Projects/ProjectPal/Content/_Pal/Import/Monster/LilyQueen/Animations/AS_LilyQueen_FarSkill_Action.uexp" 2251
"C:/Projects/ProjectPal/Content/_Pal/BluePrint/Character/Monster/Lyleen/Montage/AM_LilyQueen_FarSkill_Action.uasset" 2252
"C:/Projects/ProjectPal/Content/_Pal/BluePrint/Character/Monster/Lyleen/Montage/AM_LilyQueen_FarSkill_Action.uexp" 2253
"C:/Projects/ProjectPal/Content/_Pal/BluePrint/Character/Monster/Lyleen/BP_Lyleen.uasset" 2254
"C:/Projects/ProjectPal/Content/_Pal/BluePrint/Character/Monster/Lyleen/BP_Lyleen.uexp" 2255
"C:/Projects/ProjectPal/Content/LevelPrototyping/Materials/M_Solid.uasset" 2256
"C:/Projects/ProjectPal/Content/LevelPrototyping/Materials/M_Solid.uexp" 2257
"C:/Projects/ProjectPal/Content/LevelPrototyping/Materials/MI_Solid_Blue.uasset" 2258
"C:/Projects/ProjectPal/Content/LevelPrototyping/Materials/MI_Solid_Blue.uexp" 2259
"C:/Projects/ProjectPal/Content/LevelPrototyping/Meshes/SM_ChamferCube.ubulk" 2260
"C:/Projects/ProjectPal/Content/LevelPrototyping/Meshes/SM_ChamferCube.uasset" 2261
"C:/Projects/ProjectPal/Content/LevelPrototyping/Meshes/SM_ChamferCube.uexp" 2262
"../../../Engine/Content/EngineSky/T_Sky_Stars.ubulk" 2263
"../../../Engine/Content/EngineSky/T_Sky_Stars.uasset" 2264
"../../../Engine/Content/EngineSky/T_Sky_Stars.uexp" 2265
"../../../Engine/Content/EngineSky/T_Sky_Clouds_M.ubulk" 2266
"../../../Engine/Content/EngineSky/T_Sky_Clouds_M.uasset" 2267
"../../../Engine/Content/EngineSky/T_Sky_Clouds_M.uexp" 2268
"../../../Engine/Content/EngineSky/T_Sky_Blue.ubulk" 2269
"../../../Engine/Content/EngineSky/T_Sky_Blue.uasset" 2270
"../../../Engine/Content/EngineSky/T_Sky_Blue.uexp" 2271
"../../../Engine/Content/EngineSky/M_Sky_Panning_Clouds2.uasset" 2272
"../../../Engine/Content/EngineSky/M_Sky_Panning_Clouds2.uexp" 2273
"../../../Engine/Content/EngineSky/SM_SkySphere.ubulk" 2274
"../../../Engine/Content/EngineSky/SM_SkySphere.uasset" 2275
"../../../Engine/Content/EngineSky/SM_SkySphere.uexp" 2276
"../../../Engine/Content/EngineSky/M_SimpleSkyDome.uasset" 2277
"../../../Engine/Content/EngineSky/M_SimpleSkyDome.uexp" 2278
"C:/Projects/ProjectPal/Content/_Pal/Import/NewPlayer/Animation/AssualtRifle/AS_Player_Female_JumpUpLoop_AssaultRifle.uasset" 2279
"C:/Projects/ProjectPal/Content/_Pal/Import/NewPlayer/Animation/AssualtRifle/AS_Player_Female_JumpUpLoop_AssaultRifle.uexp" 2280
"C:/Projects/ProjectPal/Content/_Pal/Import/NewPlayer/Animation/AssualtRifle/AS_Player_Female_JumpDownLoop_AssaultRifle.uasset" 2281
"C:/Projects/ProjectPal/Content/_Pal/Import/NewPlayer/Animation/AssualtRifle/AS_Player_Female_JumpDownLoop_AssaultRifle.uexp" 2282
"C:/Projects/ProjectPal/Content/_Pal/Import/NewPlayer/Animation/AssualtRifle/AS_Player_Female_JumpEnd_AssaultRifle.uasset" 2283
"C:/Projects/ProjectPal/Content/_Pal/Import/NewPlayer/Animation/AssualtRifle/AS_Player_Female_JumpEnd_AssaultRifle.uexp" 2284
"C:/Projects/ProjectPal/Content/_Pal/Import/NewPlayer/Animation/AssualtRifle/AS_Player_Female_Idle_AssaultRifle.uasset" 2285
"C:/Projects/ProjectPal/Content/_Pal/Import/NewPlayer/Animation/AssualtRifle/AS_Player_Female_Idle_AssaultRifle.uexp" 2286
"C:/Projects/ProjectPal/Content/_Pal/Import/NewPlayer/Animation/AssualtRifle/AS_Player_Female_Jog_AssaultRifle.uasset" 2287
"C:/Projects/ProjectPal/Content/_Pal/Import/NewPlayer/Animation/AssualtRifle/AS_Player_Female_Jog_AssaultRifle.uexp" 2288
"C:/Projects/ProjectPal/Content/_Pal/Import/NewPlayer/Animation/AssualtRifle/AS_Player_Female_Sprint_AssaultRifle.uasset" 2289
"C:/Projects/ProjectPal/Content/_Pal/Import/NewPlayer/Animation/AssualtRifle/AS_Player_Female_Sprint_AssaultRifle.uexp" 2290
"C:/Projects/ProjectPal/Content/_Pal/Import/NewPlayer/Animation/AssualtRifle/AS_Player_Female_Walk_AssaultRifle.uasset" 2291
"C:/Projects/ProjectPal/Content/_Pal/Import/NewPlayer/Animation/AssualtRifle/AS_Player_Female_Walk_AssaultRifle.uexp" 2292
"C:/Projects/ProjectPal/Content/_Pal/BluePrint/Character/NewPlayer/Animation/AssualtRifle/BS_Locomotion_AssualtRifle.uasset" 2293
"C:/Projects/ProjectPal/Content/_Pal/BluePrint/Character/NewPlayer/Animation/AssualtRifle/BS_Locomotion_AssualtRifle.uexp" 2294
"C:/Projects/ProjectPal/Content/_Pal/Import/NewPlayer/Animation/AssualtRifle/AS_Player_Female_Aim_AssaultRifle.uasset" 2295
"C:/Projects/ProjectPal/Content/_Pal/Import/NewPlayer/Animation/AssualtRifle/AS_Player_Female_Aim_AssaultRifle.uexp" 2296
"C:/Projects/ProjectPal/Content/_Pal/Import/NewPlayer/Animation/AssualtRifle/AS_Player_Female_JogLeft_Aim_AssaultRifle.uasset" 2297
"C:/Projects/ProjectPal/Content/_Pal/Import/NewPlayer/Animation/AssualtRifle/AS_Player_Female_JogLeft_Aim_AssaultRifle.uexp" 2298
"C:/Projects/ProjectPal/Content/_Pal/Import/NewPlayer/Animation/AssualtRifle/AS_Player_Female_WalkLeft_Aim_AssaultRifle.uasset" 2299
"C:/Projects/ProjectPal/Content/_Pal/Import/NewPlayer/Animation/AssualtRifle/AS_Player_Female_WalkLeft_Aim_AssaultRifle.uexp" 2300
"C:/Projects/ProjectPal/Content/_Pal/Import/NewPlayer/Animation/AssualtRifle/AS_Player_Female_WalkRight_Aim_AssaultRifle.uasset" 2301
"C:/Projects/ProjectPal/Content/_Pal/Import/NewPlayer/Animation/AssualtRifle/AS_Player_Female_WalkRight_Aim_AssaultRifle.uexp" 2302
"C:/Projects/ProjectPal/Content/_Pal/Import/NewPlayer/Animation/AssualtRifle/AS_Player_Female_JogRight_Aim_AssaultRifle.uasset" 2303
"C:/Projects/ProjectPal/Content/_Pal/Import/NewPlayer/Animation/AssualtRifle/AS_Player_Female_JogRight_Aim_AssaultRifle.uexp" 2304
"C:/Projects/ProjectPal/Content/_Pal/Import/NewPlayer/Animation/AssualtRifle/AS_Player_Female_JogBwd_Aim_AssaultRifle.uasset" 2305
"C:/Projects/ProjectPal/Content/_Pal/Import/NewPlayer/Animation/AssualtRifle/AS_Player_Female_JogBwd_Aim_AssaultRifle.uexp" 2306
"C:/Projects/ProjectPal/Content/_Pal/Import/NewPlayer/Animation/AssualtRifle/AS_Player_Female_JogFwd_Aim_AssaultRifle.uasset" 2307
"C:/Projects/ProjectPal/Content/_Pal/Import/NewPlayer/Animation/AssualtRifle/AS_Player_Female_JogFwd_Aim_AssaultRifle.uexp" 2308
"C:/Projects/ProjectPal/Content/_Pal/Import/NewPlayer/Animation/AssualtRifle/AS_Player_Female_WalkFwd_Aim_AssaultRifle.uasset" 2309
"C:/Projects/ProjectPal/Content/_Pal/Import/NewPlayer/Animation/AssualtRifle/AS_Player_Female_WalkFwd_Aim_AssaultRifle.uexp" 2310
"C:/Projects/ProjectPal/Content/_Pal/Import/NewPlayer/Animation/AssualtRifle/AS_Player_Female_WalkBwd_Aim_AssaultRifle.uasset" 2311
"C:/Projects/ProjectPal/Content/_Pal/Import/NewPlayer/Animation/AssualtRifle/AS_Player_Female_WalkBwd_Aim_AssaultRifle.uexp" 2312
"C:/Projects/ProjectPal/Content/_Pal/BluePrint/Character/NewPlayer/Animation/AssualtRifle/BS_AimWalk_AssualtRifle.uasset" 2313
"C:/Projects/ProjectPal/Content/_Pal/BluePrint/Character/NewPlayer/Animation/AssualtRifle/BS_AimWalk_AssualtRifle.uexp" 2314
"C:/Projects/ProjectPal/Content/_Pal/BluePrint/Character/NewPlayer/Animation/AssualtRifle/ABP_Layer_AssualtRifle.uasset" 2315
"C:/Projects/ProjectPal/Content/_Pal/BluePrint/Character/NewPlayer/Animation/AssualtRifle/ABP_Layer_AssualtRifle.uexp" 2316
"../../../Engine/Content/EngineMaterials/Substrate/GLints2/AGlintTex2dArray2.uasset" 2317
"../../../Engine/Content/EngineMaterials/Substrate/GLints2/AGlintTex2dArray2.uexp" 2318
"../../../Engine/Content/EngineMaterials/Substrate/GLints/AGlintTex2dArray.uasset" 2319
"../../../Engine/Content/EngineMaterials/Substrate/GLints/AGlintTex2dArray.uexp" 2320
"../../../Engine/Content/EditorResources/SequenceRecorder/RecordingIndicator.uasset" 2321
"../../../Engine/Content/EditorResources/SequenceRecorder/RecordingIndicator.uexp" 2322
"../../../Engine/Content/EditorResources/SequenceRecorder/Countdown.uasset" 2323
"../../../Engine/Content/EditorResources/SequenceRecorder/Countdown.uexp" 2324
"../../../Engine/Content/EditorMaterials/Dataflow/DataflowVertexMaterial.uasset" 2325
"../../../Engine/Content/EditorMaterials/Dataflow/DataflowVertexMaterial.uexp" 2326
"../../../Engine/Content/Maps/Entry_BuiltData.uasset" 2327
"../../../Engine/Content/Maps/Entry_BuiltData.uexp" 2328
"../../../Engine/Content/Maps/Entry.uexp" 2329
"../../../Engine/Content/Maps/Entry.umap" 2330
"C:/Projects/ProjectPal/Content/ThirdPerson/Maps/ThirdPersonMap.uexp" 2331
"C:/Projects/ProjectPal/Content/ThirdPerson/Maps/ThirdPersonMap.umap" 2332
"C:/Projects/ProjectPal/Content/StarterContent/Textures/T_Frame_M.ubulk" 2333
"C:/Projects/ProjectPal/Content/StarterContent/Textures/T_Frame_M.uasset" 2334
"C:/Projects/ProjectPal/Content/StarterContent/Textures/T_Frame_M.uexp" 2335
"C:/Projects/ProjectPal/Content/StarterContent/Textures/T_Frame_N.ubulk" 2336
"C:/Projects/ProjectPal/Content/StarterContent/Textures/T_Frame_N.uasset" 2337
"C:/Projects/ProjectPal/Content/StarterContent/Textures/T_Frame_N.uexp" 2338
"C:/Projects/ProjectPal/Content/StarterContent/Props/Materials/M_Frame.uasset" 2339
"C:/Projects/ProjectPal/Content/StarterContent/Props/Materials/M_Frame.uexp" 2340
"C:/Projects/ProjectPal/Content/StarterContent/Props/SM_DoorFrame.ubulk" 2341
"C:/Projects/ProjectPal/Content/StarterContent/Props/SM_DoorFrame.uasset" 2342
"C:/Projects/ProjectPal/Content/StarterContent/Props/SM_DoorFrame.uexp" 2343
"C:/Projects/ProjectPal/Content/StarterContent/Textures/T_MacroVariation.uasset" 2344
"C:/Projects/ProjectPal/Content/StarterContent/Textures/T_MacroVariation.uexp" 2345
"C:/Projects/ProjectPal/Content/StarterContent/Materials/M_Metal_Brushed_Nickel.uasset" 2346
"C:/Projects/ProjectPal/Content/StarterContent/Materials/M_Metal_Brushed_Nickel.uexp" 2347
"C:/Projects/ProjectPal/Content/StarterContent/Textures/T_Lamp_N.ubulk" 2348
"C:/Projects/ProjectPal/Content/StarterContent/Textures/T_Lamp_N.uasset" 2349
"C:/Projects/ProjectPal/Content/StarterContent/Textures/T_Lamp_N.uexp" 2350
"C:/Projects/ProjectPal/Content/StarterContent/Textures/T_Lamp_M.ubulk" 2351
"C:/Projects/ProjectPal/Content/StarterContent/Textures/T_Lamp_M.uasset" 2352
"C:/Projects/ProjectPal/Content/StarterContent/Textures/T_Lamp_M.uexp" 2353
"C:/Projects/ProjectPal/Content/StarterContent/Props/Materials/M_Lamp.uasset" 2354
"C:/Projects/ProjectPal/Content/StarterContent/Props/Materials/M_Lamp.uexp" 2355
"C:/Projects/ProjectPal/Content/StarterContent/Props/SM_Lamp_Ceiling.ubulk" 2356
"C:/Projects/ProjectPal/Content/StarterContent/Props/SM_Lamp_Ceiling.uasset" 2357
"C:/Projects/ProjectPal/Content/StarterContent/Props/SM_Lamp_Ceiling.uexp" 2358
"C:/Projects/ProjectPal/Content/StarterContent/Blueprints/Blueprint_CeilingLight.uasset" 2359
"C:/Projects/ProjectPal/Content/StarterContent/Blueprints/Blueprint_CeilingLight.uexp" 2360
"../../../Engine/Content/Functions/Engine_MaterialFunctions03/Procedurals/ComputeFilterWidth.uasset" 2361
"../../../Engine/Content/Functions/Engine_MaterialFunctions03/Procedurals/ComputeFilterWidth.uexp" 2362
"../../../Engine/Content/EngineMaterials/AntiAliasedTextMaterialTranslucent.uasset" 2363
"../../../Engine/Content/EngineMaterials/AntiAliasedTextMaterialTranslucent.uexp" 2364
"C:/Projects/ProjectPal/Content/StarterContent/Architecture/Wall_Door_400x300.ubulk" 2365
"C:/Projects/ProjectPal/Content/StarterContent/Architecture/Wall_Door_400x300.uasset" 2366
"C:/Projects/ProjectPal/Content/StarterContent/Architecture/Wall_Door_400x300.uexp" 2367
"C:/Projects/ProjectPal/Content/StarterContent/Textures/T_Wood_Pine_D.ubulk" 2368
"C:/Projects/ProjectPal/Content/StarterContent/Textures/T_Wood_Pine_D.uasset" 2369
"C:/Projects/ProjectPal/Content/StarterContent/Textures/T_Wood_Pine_D.uexp" 2370
"C:/Projects/ProjectPal/Content/StarterContent/Textures/T_Wood_Pine_N.ubulk" 2371
"C:/Projects/ProjectPal/Content/StarterContent/Textures/T_Wood_Pine_N.uasset" 2372
"C:/Projects/ProjectPal/Content/StarterContent/Textures/T_Wood_Pine_N.uexp" 2373
"C:/Projects/ProjectPal/Content/StarterContent/Textures/T_Perlin_Noise_M.ubulk" 2374
"C:/Projects/ProjectPal/Content/StarterContent/Textures/T_Perlin_Noise_M.uasset" 2375
"C:/Projects/ProjectPal/Content/StarterContent/Textures/T_Perlin_Noise_M.uexp" 2376
"C:/Projects/ProjectPal/Content/StarterContent/Materials/M_Wood_Pine.uasset" 2377
"C:/Projects/ProjectPal/Content/StarterContent/Materials/M_Wood_Pine.uexp" 2378
"C:/Projects/ProjectPal/Content/StarterContent/Textures/T_Rock_Smooth_Granite_D.ubulk" 2379
"C:/Projects/ProjectPal/Content/StarterContent/Textures/T_Rock_Smooth_Granite_D.uasset" 2380
"C:/Projects/ProjectPal/Content/StarterContent/Textures/T_Rock_Smooth_Granite_D.uexp" 2381
"C:/Projects/ProjectPal/Content/StarterContent/Textures/T_CobbleStone_Smooth_D.ubulk" 2382
"C:/Projects/ProjectPal/Content/StarterContent/Textures/T_CobbleStone_Smooth_D.uasset" 2383
"C:/Projects/ProjectPal/Content/StarterContent/Textures/T_CobbleStone_Smooth_D.uexp" 2384
"C:/Projects/ProjectPal/Content/StarterContent/Textures/T_Gradinet_01.ubulk" 2385
"C:/Projects/ProjectPal/Content/StarterContent/Textures/T_Gradinet_01.uasset" 2386
"C:/Projects/ProjectPal/Content/StarterContent/Textures/T_Gradinet_01.uexp" 2387
"C:/Projects/ProjectPal/Content/StarterContent/Textures/T_CobbleStone_Smooth_M.ubulk" 2388
"C:/Projects/ProjectPal/Content/StarterContent/Textures/T_CobbleStone_Smooth_M.uasset" 2389
"C:/Projects/ProjectPal/Content/StarterContent/Textures/T_CobbleStone_Smooth_M.uexp" 2390
"C:/Projects/ProjectPal/Content/StarterContent/Textures/T_CobbleStone_Smooth_N.ubulk" 2391
"C:/Projects/ProjectPal/Content/StarterContent/Textures/T_CobbleStone_Smooth_N.uasset" 2392
"C:/Projects/ProjectPal/Content/StarterContent/Textures/T_CobbleStone_Smooth_N.uexp" 2393
"C:/Projects/ProjectPal/Content/StarterContent/Materials/M_CobbleStone_Smooth.uasset" 2394
"C:/Projects/ProjectPal/Content/StarterContent/Materials/M_CobbleStone_Smooth.uexp" 2395
"C:/Projects/ProjectPal/Content/StarterContent/Textures/T_Rock_Basalt_N.ubulk" 2396
"C:/Projects/ProjectPal/Content/StarterContent/Textures/T_Rock_Basalt_N.uasset" 2397
"C:/Projects/ProjectPal/Content/StarterContent/Textures/T_Rock_Basalt_N.uexp" 2398
"C:/Projects/ProjectPal/Content/StarterContent/Materials/M_Rock_Basalt.uasset" 2399
"C:/Projects/ProjectPal/Content/StarterContent/Materials/M_Rock_Basalt.uexp" 2400
"C:/Projects/ProjectPal/Content/StarterContent/Shapes/Shape_Cube.ubulk" 2401
"C:/Projects/ProjectPal/Content/StarterContent/Shapes/Shape_Cube.uasset" 2402
"C:/Projects/ProjectPal/Content/StarterContent/Shapes/Shape_Cube.uexp" 2403
"C:/Projects/ProjectPal/Content/StarterContent/Textures/T_Concrete_Tiles_Variation_M.ubulk" 2404
"C:/Projects/ProjectPal/Content/StarterContent/Textures/T_Concrete_Tiles_Variation_M.uasset" 2405
"C:/Projects/ProjectPal/Content/StarterContent/Textures/T_Concrete_Tiles_Variation_M.uexp" 2406
"C:/Projects/ProjectPal/Content/StarterContent/Textures/T_Concrete_Tiles_D.ubulk" 2407
"C:/Projects/ProjectPal/Content/StarterContent/Textures/T_Concrete_Tiles_D.uasset" 2408
"C:/Projects/ProjectPal/Content/StarterContent/Textures/T_Concrete_Tiles_D.uexp" 2409
"C:/Projects/ProjectPal/Content/StarterContent/Textures/T_Concrete_Tiles_M.ubulk" 2410
"C:/Projects/ProjectPal/Content/StarterContent/Textures/T_Concrete_Tiles_M.uasset" 2411
"C:/Projects/ProjectPal/Content/StarterContent/Textures/T_Concrete_Tiles_M.uexp" 2412
"C:/Projects/ProjectPal/Content/StarterContent/Textures/T_Concrete_Tiles_N.ubulk" 2413
"C:/Projects/ProjectPal/Content/StarterContent/Textures/T_Concrete_Tiles_N.uasset" 2414
"C:/Projects/ProjectPal/Content/StarterContent/Textures/T_Concrete_Tiles_N.uexp" 2415
"C:/Projects/ProjectPal/Content/StarterContent/Materials/M_Concrete_Tiles.uasset" 2416
"C:/Projects/ProjectPal/Content/StarterContent/Materials/M_Concrete_Tiles.uexp" 2417
"C:/Projects/ProjectPal/Content/StarterContent/Props/MaterialSphere.ubulk" 2418
"C:/Projects/ProjectPal/Content/StarterContent/Props/MaterialSphere.uasset" 2419
"C:/Projects/ProjectPal/Content/StarterContent/Props/MaterialSphere.uexp" 2420
"C:/Projects/ProjectPal/Content/StarterContent/Textures/T_Metal_Rust_N.ubulk" 2421
"C:/Projects/ProjectPal/Content/StarterContent/Textures/T_Metal_Rust_N.uasset" 2422
"C:/Projects/ProjectPal/Content/StarterContent/Textures/T_Metal_Rust_N.uexp" 2423
"C:/Projects/ProjectPal/Content/StarterContent/Textures/T_Metal_Rust_D.ubulk" 2424
"C:/Projects/ProjectPal/Content/StarterContent/Textures/T_Metal_Rust_D.uasset" 2425
"C:/Projects/ProjectPal/Content/StarterContent/Textures/T_Metal_Rust_D.uexp" 2426
"C:/Projects/ProjectPal/Content/StarterContent/Materials/M_Metal_Rust.uasset" 2427
"C:/Projects/ProjectPal/Content/StarterContent/Materials/M_Metal_Rust.uexp" 2428
"C:/Projects/ProjectPal/Content/StarterContent/Textures/T_Rock_Slate_D.ubulk" 2429
"C:/Projects/ProjectPal/Content/StarterContent/Textures/T_Rock_Slate_D.uasset" 2430
"C:/Projects/ProjectPal/Content/StarterContent/Textures/T_Rock_Slate_D.uexp" 2431
"C:/Projects/ProjectPal/Content/StarterContent/Textures/T_Rock_Slate_N.ubulk" 2432
"C:/Projects/ProjectPal/Content/StarterContent/Textures/T_Rock_Slate_N.uasset" 2433
"C:/Projects/ProjectPal/Content/StarterContent/Textures/T_Rock_Slate_N.uexp" 2434
"C:/Projects/ProjectPal/Content/StarterContent/Materials/M_Rock_Slate.uasset" 2435
"C:/Projects/ProjectPal/Content/StarterContent/Materials/M_Rock_Slate.uexp" 2436
"C:/Projects/ProjectPal/Content/StarterContent/Textures/T_Concrete_Poured_D.ubulk" 2437
"C:/Projects/ProjectPal/Content/StarterContent/Textures/T_Concrete_Poured_D.uasset" 2438
"C:/Projects/ProjectPal/Content/StarterContent/Textures/T_Concrete_Poured_D.uexp" 2439
"C:/Projects/ProjectPal/Content/StarterContent/Textures/T_Concrete_Poured_N.ubulk" 2440
"C:/Projects/ProjectPal/Content/StarterContent/Textures/T_Concrete_Poured_N.uasset" 2441
"C:/Projects/ProjectPal/Content/StarterContent/Textures/T_Concrete_Poured_N.uexp" 2442
"C:/Projects/ProjectPal/Content/StarterContent/Materials/M_Concrete_Poured.uasset" 2443
"C:/Projects/ProjectPal/Content/StarterContent/Materials/M_Concrete_Poured.uexp" 2444
"C:/Projects/ProjectPal/Content/StarterContent/Textures/T_Brick_Clay_Beveled_M.ubulk" 2445
"C:/Projects/ProjectPal/Content/StarterContent/Textures/T_Brick_Clay_Beveled_M.uasset" 2446
"C:/Projects/ProjectPal/Content/StarterContent/Textures/T_Brick_Clay_Beveled_M.uexp" 2447
"C:/Projects/ProjectPal/Content/StarterContent/Textures/T_Brick_Clay_Beveled_N.ubulk" 2448
"C:/Projects/ProjectPal/Content/StarterContent/Textures/T_Brick_Clay_Beveled_N.uasset" 2449
"C:/Projects/ProjectPal/Content/StarterContent/Textures/T_Brick_Clay_Beveled_N.uexp" 2450
"C:/Projects/ProjectPal/Content/StarterContent/Textures/T_Brick_Clay_Beveled_D.ubulk" 2451
"C:/Projects/ProjectPal/Content/StarterContent/Textures/T_Brick_Clay_Beveled_D.uasset" 2452
"C:/Projects/ProjectPal/Content/StarterContent/Textures/T_Brick_Clay_Beveled_D.uexp" 2453
"C:/Projects/ProjectPal/Content/StarterContent/Materials/M_Brick_Clay_Beveled.uasset" 2454
"C:/Projects/ProjectPal/Content/StarterContent/Materials/M_Brick_Clay_Beveled.uexp" 2455
"C:/Projects/ProjectPal/Content/StarterContent/Textures/T_Tech_Hex_Tile_M.ubulk" 2456
"C:/Projects/ProjectPal/Content/StarterContent/Textures/T_Tech_Hex_Tile_M.uasset" 2457
"C:/Projects/ProjectPal/Content/StarterContent/Textures/T_Tech_Hex_Tile_M.uexp" 2458
"C:/Projects/ProjectPal/Content/StarterContent/Textures/T_Tech_Hex_Tile_N.ubulk" 2459
"C:/Projects/ProjectPal/Content/StarterContent/Textures/T_Tech_Hex_Tile_N.uasset" 2460
"C:/Projects/ProjectPal/Content/StarterContent/Textures/T_Tech_Hex_Tile_N.uexp" 2461
"C:/Projects/ProjectPal/Content/StarterContent/Materials/M_Tech_Hex_Tile.uasset" 2462
"C:/Projects/ProjectPal/Content/StarterContent/Materials/M_Tech_Hex_Tile.uexp" 2463
"../../../Engine/Content/Functions/Engine_MaterialFunctions01/Opacity/AlphaOffset.uasset" 2464
"../../../Engine/Content/Functions/Engine_MaterialFunctions01/Opacity/AlphaOffset.uexp" 2465
"C:/Projects/ProjectPal/Content/StarterContent/Textures/T_Wood_Floor_Walnut_M.ubulk" 2466
"C:/Projects/ProjectPal/Content/StarterContent/Textures/T_Wood_Floor_Walnut_M.uasset" 2467
"C:/Projects/ProjectPal/Content/StarterContent/Textures/T_Wood_Floor_Walnut_M.uexp" 2468
"C:/Projects/ProjectPal/Content/StarterContent/Textures/T_Wood_Floor_Walnut_D.ubulk" 2469
"C:/Projects/ProjectPal/Content/StarterContent/Textures/T_Wood_Floor_Walnut_D.uasset" 2470
"C:/Projects/ProjectPal/Content/StarterContent/Textures/T_Wood_Floor_Walnut_D.uexp" 2471
"C:/Projects/ProjectPal/Content/StarterContent/Textures/T_Wood_Floor_Walnut_N.ubulk" 2472
"C:/Projects/ProjectPal/Content/StarterContent/Textures/T_Wood_Floor_Walnut_N.uasset" 2473
"C:/Projects/ProjectPal/Content/StarterContent/Textures/T_Wood_Floor_Walnut_N.uexp" 2474
"C:/Projects/ProjectPal/Content/StarterContent/Materials/M_Wood_Floor_Walnut_Worn.uasset" 2475
"C:/Projects/ProjectPal/Content/StarterContent/Materials/M_Wood_Floor_Walnut_Worn.uexp" 2476
"C:/Projects/ProjectPal/Content/StarterContent/Textures/T_Ground_Gravel_N.ubulk" 2477
"C:/Projects/ProjectPal/Content/StarterContent/Textures/T_Ground_Gravel_N.uasset" 2478
"C:/Projects/ProjectPal/Content/StarterContent/Textures/T_Ground_Gravel_N.uexp" 2479
"C:/Projects/ProjectPal/Content/StarterContent/Textures/T_Ground_Gravel_D.ubulk" 2480
"C:/Projects/ProjectPal/Content/StarterContent/Textures/T_Ground_Gravel_D.uasset" 2481
"C:/Projects/ProjectPal/Content/StarterContent/Textures/T_Ground_Gravel_D.uexp" 2482
"C:/Projects/ProjectPal/Content/StarterContent/Materials/M_Ground_Gravel.uasset" 2483
"C:/Projects/ProjectPal/Content/StarterContent/Materials/M_Ground_Gravel.uexp" 2484
"C:/Projects/ProjectPal/Content/StarterContent/Audio/Steam01_Cue.uasset" 2485
"C:/Projects/ProjectPal/Content/StarterContent/Audio/Steam01_Cue.uexp" 2486
"C:/Projects/ProjectPal/Content/StarterContent/Particles/P_Steam_Lit.uasset" 2487
"C:/Projects/ProjectPal/Content/StarterContent/Particles/P_Steam_Lit.uexp" 2488
"C:/Projects/ProjectPal/Content/StarterContent/Blueprints/Blueprint_Effect_Steam.uasset" 2489
"C:/Projects/ProjectPal/Content/StarterContent/Blueprints/Blueprint_Effect_Steam.uexp" 2490
"C:/Projects/ProjectPal/Content/StarterContent/Audio/Fire_Sparks01_Cue.uasset" 2491
"C:/Projects/ProjectPal/Content/StarterContent/Audio/Fire_Sparks01_Cue.uexp" 2492
"C:/Projects/ProjectPal/Content/StarterContent/Textures/T_Spark_Core.ubulk" 2493
"C:/Projects/ProjectPal/Content/StarterContent/Textures/T_Spark_Core.uasset" 2494
"C:/Projects/ProjectPal/Content/StarterContent/Textures/T_Spark_Core.uexp" 2495
"C:/Projects/ProjectPal/Content/StarterContent/Particles/Materials/M_Spark.uasset" 2496
"C:/Projects/ProjectPal/Content/StarterContent/Particles/Materials/M_Spark.uexp" 2497
"C:/Projects/ProjectPal/Content/StarterContent/Particles/Materials/M_Radial_Gradient.uasset" 2498
"C:/Projects/ProjectPal/Content/StarterContent/Particles/Materials/M_Radial_Gradient.uexp" 2499
"C:/Projects/ProjectPal/Content/StarterContent/Particles/P_Sparks.uasset" 2500
"C:/Projects/ProjectPal/Content/StarterContent/Particles/P_Sparks.uexp" 2501
"C:/Projects/ProjectPal/Content/StarterContent/Blueprints/Blueprint_Effect_Sparks.uasset" 2502
"C:/Projects/ProjectPal/Content/StarterContent/Blueprints/Blueprint_Effect_Sparks.uexp" 2503
"C:/Projects/ProjectPal/Content/StarterContent/Textures/T_Water_N.ubulk" 2504
"C:/Projects/ProjectPal/Content/StarterContent/Textures/T_Water_N.uasset" 2505
"C:/Projects/ProjectPal/Content/StarterContent/Textures/T_Water_N.uexp" 2506
"C:/Projects/ProjectPal/Content/StarterContent/Materials/M_Water_Lake.uasset" 2507
"C:/Projects/ProjectPal/Content/StarterContent/Materials/M_Water_Lake.uexp" 2508
"C:/Projects/ProjectPal/Content/StarterContent/Architecture/Wall_400x200.ubulk" 2509
"C:/Projects/ProjectPal/Content/StarterContent/Architecture/Wall_400x200.uasset" 2510
"C:/Projects/ProjectPal/Content/StarterContent/Architecture/Wall_400x200.uexp" 2511
"C:/Projects/ProjectPal/Content/StarterContent/Textures/T_Checker_Noise_M.ubulk" 2512
"C:/Projects/ProjectPal/Content/StarterContent/Textures/T_Checker_Noise_M.uasset" 2513
"C:/Projects/ProjectPal/Content/StarterContent/Textures/T_Checker_Noise_M.uexp" 2514
"C:/Projects/ProjectPal/Content/StarterContent/Textures/T_Tech_Dot_M.ubulk" 2515
"C:/Projects/ProjectPal/Content/StarterContent/Textures/T_Tech_Dot_M.uasset" 2516
"C:/Projects/ProjectPal/Content/StarterContent/Textures/T_Tech_Dot_M.uexp" 2517
"C:/Projects/ProjectPal/Content/StarterContent/Textures/T_Tech_Dot_N.ubulk" 2518
"C:/Projects/ProjectPal/Content/StarterContent/Textures/T_Tech_Dot_N.uasset" 2519
"C:/Projects/ProjectPal/Content/StarterContent/Textures/T_Tech_Dot_N.uexp" 2520
"C:/Projects/ProjectPal/Content/StarterContent/Textures/T_Single_Tile_N.ubulk" 2521
"C:/Projects/ProjectPal/Content/StarterContent/Textures/T_Single_Tile_N.uasset" 2522
"C:/Projects/ProjectPal/Content/StarterContent/Textures/T_Single_Tile_N.uexp" 2523
"C:/Projects/ProjectPal/Content/StarterContent/Materials/M_Tech_Checker_Dot.uasset" 2524
"C:/Projects/ProjectPal/Content/StarterContent/Materials/M_Tech_Checker_Dot.uexp" 2525
"C:/Projects/ProjectPal/Content/StarterContent/Architecture/Floor_400x400.ubulk" 2526
"C:/Projects/ProjectPal/Content/StarterContent/Architecture/Floor_400x400.uasset" 2527
"C:/Projects/ProjectPal/Content/StarterContent/Architecture/Floor_400x400.uexp" 2528
"C:/Projects/ProjectPal/Content/StarterContent/Props/SM_GlassWindow.ubulk" 2529
"C:/Projects/ProjectPal/Content/StarterContent/Props/SM_GlassWindow.uasset" 2530
"C:/Projects/ProjectPal/Content/StarterContent/Props/SM_GlassWindow.uexp" 2531
"C:/Projects/ProjectPal/Content/StarterContent/Textures/T_Metal_Gold_N.ubulk" 2532
"C:/Projects/ProjectPal/Content/StarterContent/Textures/T_Metal_Gold_N.uasset" 2533
"C:/Projects/ProjectPal/Content/StarterContent/Textures/T_Metal_Gold_N.uexp" 2534
"C:/Projects/ProjectPal/Content/StarterContent/Textures/T_Rock_Marble_Polished_D.ubulk" 2535
"C:/Projects/ProjectPal/Content/StarterContent/Textures/T_Rock_Marble_Polished_D.uasset" 2536
"C:/Projects/ProjectPal/Content/StarterContent/Textures/T_Rock_Marble_Polished_D.uexp" 2537
"C:/Projects/ProjectPal/Content/StarterContent/Materials/M_Rock_Marble_Polished.uasset" 2538
"C:/Projects/ProjectPal/Content/StarterContent/Materials/M_Rock_Marble_Polished.uexp" 2539
"C:/Projects/ProjectPal/Content/StarterContent/Textures/T_Concrete_Grime_D.ubulk" 2540
"C:/Projects/ProjectPal/Content/StarterContent/Textures/T_Concrete_Grime_D.uasset" 2541
"C:/Projects/ProjectPal/Content/StarterContent/Textures/T_Concrete_Grime_D.uexp" 2542
"C:/Projects/ProjectPal/Content/StarterContent/Materials/M_Concrete_Grime.uasset" 2543
"C:/Projects/ProjectPal/Content/StarterContent/Materials/M_Concrete_Grime.uexp" 2544
"C:/Projects/ProjectPal/Content/StarterContent/Textures/T_Ceramic_Tile_M.ubulk" 2545
"C:/Projects/ProjectPal/Content/StarterContent/Textures/T_Ceramic_Tile_M.uasset" 2546
"C:/Projects/ProjectPal/Content/StarterContent/Textures/T_Ceramic_Tile_M.uexp" 2547
"C:/Projects/ProjectPal/Content/StarterContent/Textures/T_Ceramic_Tile_N.ubulk" 2548
"C:/Projects/ProjectPal/Content/StarterContent/Textures/T_Ceramic_Tile_N.uasset" 2549
"C:/Projects/ProjectPal/Content/StarterContent/Textures/T_Ceramic_Tile_N.uexp" 2550
"C:/Projects/ProjectPal/Content/StarterContent/Materials/M_Ceramic_Tile_Checker.uasset" 2551
"C:/Projects/ProjectPal/Content/StarterContent/Materials/M_Ceramic_Tile_Checker.uexp" 2552
"C:/Projects/ProjectPal/Content/StarterContent/Textures/T_Rock_Sandstone_N.ubulk" 2553
"C:/Projects/ProjectPal/Content/StarterContent/Textures/T_Rock_Sandstone_N.uasset" 2554
"C:/Projects/ProjectPal/Content/StarterContent/Textures/T_Rock_Sandstone_N.uexp" 2555
"C:/Projects/ProjectPal/Content/StarterContent/Textures/T_Rock_Sandstone_D.ubulk" 2556
"C:/Projects/ProjectPal/Content/StarterContent/Textures/T_Rock_Sandstone_D.uasset" 2557
"C:/Projects/ProjectPal/Content/StarterContent/Textures/T_Rock_Sandstone_D.uexp" 2558
"C:/Projects/ProjectPal/Content/StarterContent/Materials/M_Rock_Sandstone.uasset" 2559
"C:/Projects/ProjectPal/Content/StarterContent/Materials/M_Rock_Sandstone.uexp" 2560
"C:/Projects/ProjectPal/Content/StarterContent/Textures/T_Wood_Walnut_N.ubulk" 2561
"C:/Projects/ProjectPal/Content/StarterContent/Textures/T_Wood_Walnut_N.uasset" 2562
"C:/Projects/ProjectPal/Content/StarterContent/Textures/T_Wood_Walnut_N.uexp" 2563
"C:/Projects/ProjectPal/Content/StarterContent/Textures/T_Wood_Walnut_D.ubulk" 2564
"C:/Projects/ProjectPal/Content/StarterContent/Textures/T_Wood_Walnut_D.uasset" 2565
"C:/Projects/ProjectPal/Content/StarterContent/Textures/T_Wood_Walnut_D.uexp" 2566
"C:/Projects/ProjectPal/Content/StarterContent/Materials/M_Wood_Walnut.uasset" 2567
"C:/Projects/ProjectPal/Content/StarterContent/Materials/M_Wood_Walnut.uexp" 2568
"C:/Projects/ProjectPal/Content/StarterContent/Audio/Collapse_Cue.uasset" 2569
"C:/Projects/ProjectPal/Content/StarterContent/Audio/Collapse_Cue.uexp" 2570
"C:/Projects/ProjectPal/Content/StarterContent/Textures/T_Brick_Cut_Stone_N.ubulk" 2571
"C:/Projects/ProjectPal/Content/StarterContent/Textures/T_Brick_Cut_Stone_N.uasset" 2572
"C:/Projects/ProjectPal/Content/StarterContent/Textures/T_Brick_Cut_Stone_N.uexp" 2573
"C:/Projects/ProjectPal/Content/StarterContent/Textures/T_Brick_Cut_Stone_D.ubulk" 2574
"C:/Projects/ProjectPal/Content/StarterContent/Textures/T_Brick_Cut_Stone_D.uasset" 2575
"C:/Projects/ProjectPal/Content/StarterContent/Textures/T_Brick_Cut_Stone_D.uexp" 2576
"C:/Projects/ProjectPal/Content/StarterContent/Materials/M_Brick_Cut_Stone.uasset" 2577
"C:/Projects/ProjectPal/Content/StarterContent/Materials/M_Brick_Cut_Stone.uexp" 2578
"C:/Projects/ProjectPal/Content/StarterContent/Textures/T_Dust_Particle_D.ubulk" 2579
"C:/Projects/ProjectPal/Content/StarterContent/Textures/T_Dust_Particle_D.uasset" 2580
"C:/Projects/ProjectPal/Content/StarterContent/Textures/T_Dust_Particle_D.uexp" 2581
"C:/Projects/ProjectPal/Content/StarterContent/Particles/Materials/M_Dust_Particle.uasset" 2582
"C:/Projects/ProjectPal/Content/StarterContent/Particles/Materials/M_Dust_Particle.uexp" 2583
"C:/Projects/ProjectPal/Content/StarterContent/Particles/P_Ambient_Dust.uasset" 2584
"C:/Projects/ProjectPal/Content/StarterContent/Particles/P_Ambient_Dust.uexp" 2585
"C:/Projects/ProjectPal/Content/StarterContent/Props/SM_WindowFrame.ubulk" 2586
"C:/Projects/ProjectPal/Content/StarterContent/Props/SM_WindowFrame.uasset" 2587
"C:/Projects/ProjectPal/Content/StarterContent/Props/SM_WindowFrame.uexp" 2588
"C:/Projects/ProjectPal/Content/StarterContent/Textures/T_Metal_Copper_D.ubulk" 2589
"C:/Projects/ProjectPal/Content/StarterContent/Textures/T_Metal_Copper_D.uasset" 2590
"C:/Projects/ProjectPal/Content/StarterContent/Textures/T_Metal_Copper_D.uexp" 2591
"C:/Projects/ProjectPal/Content/StarterContent/Materials/M_Metal_Copper.uasset" 2592
"C:/Projects/ProjectPal/Content/StarterContent/Materials/M_Metal_Copper.uexp" 2593
"C:/Projects/ProjectPal/Content/StarterContent/Textures/T_Water_M.ubulk" 2594
"C:/Projects/ProjectPal/Content/StarterContent/Textures/T_Water_M.uasset" 2595
"C:/Projects/ProjectPal/Content/StarterContent/Textures/T_Water_M.uexp" 2596
"C:/Projects/ProjectPal/Content/StarterContent/Materials/M_Water_Ocean.uasset" 2597
"C:/Projects/ProjectPal/Content/StarterContent/Materials/M_Water_Ocean.uexp" 2598
"C:/Projects/ProjectPal/Content/StarterContent/Textures/T_CobbleStone_Pebble_N.ubulk" 2599
"C:/Projects/ProjectPal/Content/StarterContent/Textures/T_CobbleStone_Pebble_N.uasset" 2600
"C:/Projects/ProjectPal/Content/StarterContent/Textures/T_CobbleStone_Pebble_N.uexp" 2601
"C:/Projects/ProjectPal/Content/StarterContent/Textures/T_CobbleStone_Pebble_M.ubulk" 2602
"C:/Projects/ProjectPal/Content/StarterContent/Textures/T_CobbleStone_Pebble_M.uasset" 2603
"C:/Projects/ProjectPal/Content/StarterContent/Textures/T_CobbleStone_Pebble_M.uexp" 2604
"C:/Projects/ProjectPal/Content/StarterContent/Textures/T_CobbleStone_Pebble_D.ubulk" 2605
"C:/Projects/ProjectPal/Content/StarterContent/Textures/T_CobbleStone_Pebble_D.uasset" 2606
"C:/Projects/ProjectPal/Content/StarterContent/Textures/T_CobbleStone_Pebble_D.uexp" 2607
"C:/Projects/ProjectPal/Content/StarterContent/Materials/M_CobbleStone_Pebble.uasset" 2608
"C:/Projects/ProjectPal/Content/StarterContent/Materials/M_CobbleStone_Pebble.uexp" 2609
"C:/Projects/ProjectPal/Content/StarterContent/Textures/T_Brick_Clay_Old_N.ubulk" 2610
"C:/Projects/ProjectPal/Content/StarterContent/Textures/T_Brick_Clay_Old_N.uasset" 2611
"C:/Projects/ProjectPal/Content/StarterContent/Textures/T_Brick_Clay_Old_N.uexp" 2612
"C:/Projects/ProjectPal/Content/StarterContent/Textures/T_Brick_Clay_Old_D.ubulk" 2613
"C:/Projects/ProjectPal/Content/StarterContent/Textures/T_Brick_Clay_Old_D.uasset" 2614
"C:/Projects/ProjectPal/Content/StarterContent/Textures/T_Brick_Clay_Old_D.uexp" 2615
"C:/Projects/ProjectPal/Content/StarterContent/Materials/M_Brick_Clay_Old.uasset" 2616
"C:/Projects/ProjectPal/Content/StarterContent/Materials/M_Brick_Clay_Old.uexp" 2617
"C:/Projects/ProjectPal/Content/StarterContent/Textures/T_Metal_Steel_D.ubulk" 2618
"C:/Projects/ProjectPal/Content/StarterContent/Textures/T_Metal_Steel_D.uasset" 2619
"C:/Projects/ProjectPal/Content/StarterContent/Textures/T_Metal_Steel_D.uexp" 2620
"C:/Projects/ProjectPal/Content/StarterContent/Textures/T_Metal_Steel_N.ubulk" 2621
"C:/Projects/ProjectPal/Content/StarterContent/Textures/T_Metal_Steel_N.uasset" 2622
"C:/Projects/ProjectPal/Content/StarterContent/Textures/T_Metal_Steel_N.uexp" 2623
"C:/Projects/ProjectPal/Content/StarterContent/Materials/M_Metal_Steel.uasset" 2624
"C:/Projects/ProjectPal/Content/StarterContent/Materials/M_Metal_Steel.uexp" 2625
"C:/Projects/ProjectPal/Content/StarterContent/Materials/M_Wood_Floor_Walnut_Polished.uasset" 2626
"C:/Projects/ProjectPal/Content/StarterContent/Materials/M_Wood_Floor_Walnut_Polished.uexp" 2627
"C:/Projects/ProjectPal/Content/StarterContent/Props/SM_Lamp_Wall.ubulk" 2628
"C:/Projects/ProjectPal/Content/StarterContent/Props/SM_Lamp_Wall.uasset" 2629
"C:/Projects/ProjectPal/Content/StarterContent/Props/SM_Lamp_Wall.uexp" 2630
"C:/Projects/ProjectPal/Content/StarterContent/Blueprints/Blueprint_WallSconce.uasset" 2631
"C:/Projects/ProjectPal/Content/StarterContent/Blueprints/Blueprint_WallSconce.uexp" 2632
"C:/Projects/ProjectPal/Content/StarterContent/Textures/T_Tech_Panel_N.ubulk" 2633
"C:/Projects/ProjectPal/Content/StarterContent/Textures/T_Tech_Panel_N.uasset" 2634
"C:/Projects/ProjectPal/Content/StarterContent/Textures/T_Tech_Panel_N.uexp" 2635
"C:/Projects/ProjectPal/Content/StarterContent/Textures/T_Tech_Panel_M.ubulk" 2636
"C:/Projects/ProjectPal/Content/StarterContent/Textures/T_Tech_Panel_M.uasset" 2637
"C:/Projects/ProjectPal/Content/StarterContent/Textures/T_Tech_Panel_M.uexp" 2638
"C:/Projects/ProjectPal/Content/StarterContent/Materials/M_Tech_Panel.uasset" 2639
"C:/Projects/ProjectPal/Content/StarterContent/Materials/M_Tech_Panel.uexp" 2640
"C:/Projects/ProjectPal/Content/StarterContent/Materials/M_Tech_Hex_Tile_Pulse.uasset" 2641
"C:/Projects/ProjectPal/Content/StarterContent/Materials/M_Tech_Hex_Tile_Pulse.uexp" 2642
"C:/Projects/ProjectPal/Content/StarterContent/Props/SM_PillarFrame.ubulk" 2643
"C:/Projects/ProjectPal/Content/StarterContent/Props/SM_PillarFrame.uasset" 2644
"C:/Projects/ProjectPal/Content/StarterContent/Props/SM_PillarFrame.uexp" 2645
"C:/Projects/ProjectPal/Content/StarterContent/Textures/T_TableRound_N.ubulk" 2646
"C:/Projects/ProjectPal/Content/StarterContent/Textures/T_TableRound_N.uasset" 2647
"C:/Projects/ProjectPal/Content/StarterContent/Textures/T_TableRound_N.uexp" 2648
"C:/Projects/ProjectPal/Content/StarterContent/Textures/T_TableRound_M.ubulk" 2649
"C:/Projects/ProjectPal/Content/StarterContent/Textures/T_TableRound_M.uasset" 2650
"C:/Projects/ProjectPal/Content/StarterContent/Textures/T_TableRound_M.uexp" 2651
"C:/Projects/ProjectPal/Content/StarterContent/Props/Materials/M_TableRound.uasset" 2652
"C:/Projects/ProjectPal/Content/StarterContent/Props/Materials/M_TableRound.uexp" 2653
"C:/Projects/ProjectPal/Content/StarterContent/Props/SM_TableRound.ubulk" 2654
"C:/Projects/ProjectPal/Content/StarterContent/Props/SM_TableRound.uasset" 2655
"C:/Projects/ProjectPal/Content/StarterContent/Props/SM_TableRound.uexp" 2656
"C:/Projects/ProjectPal/Content/StarterContent/Textures/T_Fire_Tiled_D.ubulk" 2657
"C:/Projects/ProjectPal/Content/StarterContent/Textures/T_Fire_Tiled_D.uasset" 2658
"C:/Projects/ProjectPal/Content/StarterContent/Textures/T_Fire_Tiled_D.uexp" 2659
"C:/Projects/ProjectPal/Content/StarterContent/Textures/T_Fire_SubUV.ubulk" 2660
"C:/Projects/ProjectPal/Content/StarterContent/Textures/T_Fire_SubUV.uasset" 2661
"C:/Projects/ProjectPal/Content/StarterContent/Textures/T_Fire_SubUV.uexp" 2662
"C:/Projects/ProjectPal/Content/StarterContent/Particles/Materials/M_Fire_SubUV.uasset" 2663
"C:/Projects/ProjectPal/Content/StarterContent/Particles/Materials/M_Fire_SubUV.uexp" 2664
"C:/Projects/ProjectPal/Content/StarterContent/Particles/Materials/M_Heat_Distortion.uasset" 2665
"C:/Projects/ProjectPal/Content/StarterContent/Particles/Materials/M_Heat_Distortion.uexp" 2666
"C:/Projects/ProjectPal/Content/StarterContent/Particles/P_Fire.uasset" 2667
"C:/Projects/ProjectPal/Content/StarterContent/Particles/P_Fire.uexp" 2668
"C:/Projects/ProjectPal/Content/StarterContent/Audio/Fire01_Cue.uasset" 2669
"C:/Projects/ProjectPal/Content/StarterContent/Audio/Fire01_Cue.uexp" 2670
"C:/Projects/ProjectPal/Content/StarterContent/Blueprints/Blueprint_Effect_Fire.uasset" 2671
"C:/Projects/ProjectPal/Content/StarterContent/Blueprints/Blueprint_Effect_Fire.uexp" 2672
"C:/Projects/ProjectPal/Content/StarterContent/Textures/T_Wood_Oak_N.ubulk" 2673
"C:/Projects/ProjectPal/Content/StarterContent/Textures/T_Wood_Oak_N.uasset" 2674
"C:/Projects/ProjectPal/Content/StarterContent/Textures/T_Wood_Oak_N.uexp" 2675
"C:/Projects/ProjectPal/Content/StarterContent/Textures/T_Wood_Oak_D.ubulk" 2676
"C:/Projects/ProjectPal/Content/StarterContent/Textures/T_Wood_Oak_D.uasset" 2677
"C:/Projects/ProjectPal/Content/StarterContent/Textures/T_Wood_Oak_D.uexp" 2678
"C:/Projects/ProjectPal/Content/StarterContent/Materials/M_Wood_Oak.uasset" 2679
"C:/Projects/ProjectPal/Content/StarterContent/Materials/M_Wood_Oak.uexp" 2680
"C:/Projects/ProjectPal/Content/StarterContent/Architecture/Wall_Window_400x300.ubulk" 2681
"C:/Projects/ProjectPal/Content/StarterContent/Architecture/Wall_Window_400x300.uasset" 2682
"C:/Projects/ProjectPal/Content/StarterContent/Architecture/Wall_Window_400x300.uexp" 2683
"C:/Projects/ProjectPal/Content/StarterContent/Textures/T_Brick_Hewn_Stone_N.ubulk" 2684
"C:/Projects/ProjectPal/Content/StarterContent/Textures/T_Brick_Hewn_Stone_N.uasset" 2685
"C:/Projects/ProjectPal/Content/StarterContent/Textures/T_Brick_Hewn_Stone_N.uexp" 2686
"C:/Projects/ProjectPal/Content/StarterContent/Textures/T_Brick_Hewn_Stone_D.ubulk" 2687
"C:/Projects/ProjectPal/Content/StarterContent/Textures/T_Brick_Hewn_Stone_D.uasset" 2688
"C:/Projects/ProjectPal/Content/StarterContent/Textures/T_Brick_Hewn_Stone_D.uexp" 2689
"C:/Projects/ProjectPal/Content/StarterContent/Textures/T_Brick_Hewn_Stone_M.ubulk" 2690
"C:/Projects/ProjectPal/Content/StarterContent/Textures/T_Brick_Hewn_Stone_M.uasset" 2691
"C:/Projects/ProjectPal/Content/StarterContent/Textures/T_Brick_Hewn_Stone_M.uexp" 2692
"C:/Projects/ProjectPal/Content/StarterContent/Materials/M_Brick_Hewn_Stone.uasset" 2693
"C:/Projects/ProjectPal/Content/StarterContent/Materials/M_Brick_Hewn_Stone.uexp" 2694
"C:/Projects/ProjectPal/Content/StarterContent/Audio/Smoke01_Cue.uasset" 2695
"C:/Projects/ProjectPal/Content/StarterContent/Audio/Smoke01_Cue.uexp" 2696
"C:/Projects/ProjectPal/Content/StarterContent/Particles/P_Smoke.uasset" 2697
"C:/Projects/ProjectPal/Content/StarterContent/Particles/P_Smoke.uexp" 2698
"C:/Projects/ProjectPal/Content/StarterContent/Blueprints/Blueprint_Effect_Smoke.uasset" 2699
"C:/Projects/ProjectPal/Content/StarterContent/Blueprints/Blueprint_Effect_Smoke.uexp" 2700
"C:/Projects/ProjectPal/Content/StarterContent/Textures/T_CobbleStone_Rough_N.ubulk" 2701
"C:/Projects/ProjectPal/Content/StarterContent/Textures/T_CobbleStone_Rough_N.uasset" 2702
"C:/Projects/ProjectPal/Content/StarterContent/Textures/T_CobbleStone_Rough_N.uexp" 2703
"C:/Projects/ProjectPal/Content/StarterContent/Textures/T_CobbleStone_Rough_D.ubulk" 2704
"C:/Projects/ProjectPal/Content/StarterContent/Textures/T_CobbleStone_Rough_D.uasset" 2705
"C:/Projects/ProjectPal/Content/StarterContent/Textures/T_CobbleStone_Rough_D.uexp" 2706
"C:/Projects/ProjectPal/Content/StarterContent/Materials/M_CobbleStone_Rough.uasset" 2707
"C:/Projects/ProjectPal/Content/StarterContent/Materials/M_CobbleStone_Rough.uexp" 2708
"C:/Projects/ProjectPal/Content/StarterContent/Textures/T_Statue_M.ubulk" 2709
"C:/Projects/ProjectPal/Content/StarterContent/Textures/T_Statue_M.uasset" 2710
"C:/Projects/ProjectPal/Content/StarterContent/Textures/T_Statue_M.uexp" 2711
"C:/Projects/ProjectPal/Content/StarterContent/Textures/T_Statue_N.ubulk" 2712
"C:/Projects/ProjectPal/Content/StarterContent/Textures/T_Statue_N.uasset" 2713
"C:/Projects/ProjectPal/Content/StarterContent/Textures/T_Statue_N.uexp" 2714
"C:/Projects/ProjectPal/Content/StarterContent/Props/Materials/M_Statue.uasset" 2715
"C:/Projects/ProjectPal/Content/StarterContent/Props/Materials/M_Statue.uexp" 2716
"C:/Projects/ProjectPal/Content/StarterContent/Props/Materials/M_StatueGlass.uasset" 2717
"C:/Projects/ProjectPal/Content/StarterContent/Props/Materials/M_StatueGlass.uexp" 2718
"C:/Projects/ProjectPal/Content/StarterContent/Props/SM_Statue.ubulk" 2719
"C:/Projects/ProjectPal/Content/StarterContent/Props/SM_Statue.uasset" 2720
"C:/Projects/ProjectPal/Content/StarterContent/Props/SM_Statue.uexp" 2721
"C:/Projects/ProjectPal/Content/StarterContent/Textures/T_ground_Moss_D.ubulk" 2722
"C:/Projects/ProjectPal/Content/StarterContent/Textures/T_ground_Moss_D.uasset" 2723
"C:/Projects/ProjectPal/Content/StarterContent/Textures/T_ground_Moss_D.uexp" 2724
"C:/Projects/ProjectPal/Content/StarterContent/Textures/T_Ground_Moss_N.ubulk" 2725
"C:/Projects/ProjectPal/Content/StarterContent/Textures/T_Ground_Moss_N.uasset" 2726
"C:/Projects/ProjectPal/Content/StarterContent/Textures/T_Ground_Moss_N.uexp" 2727
"C:/Projects/ProjectPal/Content/StarterContent/Materials/M_Ground_Moss.uasset" 2728
"C:/Projects/ProjectPal/Content/StarterContent/Materials/M_Ground_Moss.uexp" 2729
"C:/Projects/ProjectPal/Content/StarterContent/Props/SM_PillarFrame300.ubulk" 2730
"C:/Projects/ProjectPal/Content/StarterContent/Props/SM_PillarFrame300.uasset" 2731
"C:/Projects/ProjectPal/Content/StarterContent/Props/SM_PillarFrame300.uexp" 2732
"C:/Projects/ProjectPal/Content/StarterContent/Materials/M_Metal_Chrome.uasset" 2733
"C:/Projects/ProjectPal/Content/StarterContent/Materials/M_Metal_Chrome.uexp" 2734
"C:/Projects/ProjectPal/Content/StarterContent/Textures/T_Metal_Gold_D.ubulk" 2735
"C:/Projects/ProjectPal/Content/StarterContent/Textures/T_Metal_Gold_D.uasset" 2736
"C:/Projects/ProjectPal/Content/StarterContent/Textures/T_Metal_Gold_D.uexp" 2737
"C:/Projects/ProjectPal/Content/StarterContent/Materials/M_Metal_Gold.uasset" 2738
"C:/Projects/ProjectPal/Content/StarterContent/Materials/M_Metal_Gold.uexp" 2739
"C:/Projects/ProjectPal/Content/StarterContent/Textures/T_Ground_Grass_D.ubulk" 2740
"C:/Projects/ProjectPal/Content/StarterContent/Textures/T_Ground_Grass_D.uasset" 2741
"C:/Projects/ProjectPal/Content/StarterContent/Textures/T_Ground_Grass_D.uexp" 2742
"C:/Projects/ProjectPal/Content/StarterContent/Textures/T_Ground_Grass_N.ubulk" 2743
"C:/Projects/ProjectPal/Content/StarterContent/Textures/T_Ground_Grass_N.uasset" 2744
"C:/Projects/ProjectPal/Content/StarterContent/Textures/T_Ground_Grass_N.uexp" 2745
"C:/Projects/ProjectPal/Content/StarterContent/Materials/M_Ground_Grass.uasset" 2746
"C:/Projects/ProjectPal/Content/StarterContent/Materials/M_Ground_Grass.uexp" 2747
"C:/Projects/ProjectPal/Content/StarterContent/Audio/Starter_Background_Cue.uasset" 2748
"C:/Projects/ProjectPal/Content/StarterContent/Audio/Starter_Background_Cue.uexp" 2749
"C:/Projects/ProjectPal/Content/StarterContent/Maps/StarterMap_BuiltData.ubulk" 2750
"C:/Projects/ProjectPal/Content/StarterContent/Maps/StarterMap_BuiltData.uasset" 2751
"C:/Projects/ProjectPal/Content/StarterContent/Maps/StarterMap_BuiltData.uexp" 2752
"C:/Projects/ProjectPal/Content/StarterContent/Props/SM_CornerFrame.ubulk" 2753
"C:/Projects/ProjectPal/Content/StarterContent/Props/SM_CornerFrame.uasset" 2754
"C:/Projects/ProjectPal/Content/StarterContent/Props/SM_CornerFrame.uexp" 2755
"C:/Projects/ProjectPal/Content/StarterContent/Shapes/Shape_Sphere.ubulk" 2756
"C:/Projects/ProjectPal/Content/StarterContent/Shapes/Shape_Sphere.uasset" 2757
"C:/Projects/ProjectPal/Content/StarterContent/Shapes/Shape_Sphere.uexp" 2758
"C:/Projects/ProjectPal/Content/StarterContent/Audio/Starter_Music_Cue.uasset" 2759
"C:/Projects/ProjectPal/Content/StarterContent/Audio/Starter_Music_Cue.uexp" 2760
"C:/Projects/ProjectPal/Content/StarterContent/Shapes/Shape_QuadPyramid.ubulk" 2761
"C:/Projects/ProjectPal/Content/StarterContent/Shapes/Shape_QuadPyramid.uasset" 2762
"C:/Projects/ProjectPal/Content/StarterContent/Shapes/Shape_QuadPyramid.uexp" 2763
"C:/Projects/ProjectPal/Content/StarterContent/Textures/T_Brick_Clay_New_D.ubulk" 2764
"C:/Projects/ProjectPal/Content/StarterContent/Textures/T_Brick_Clay_New_D.uasset" 2765
"C:/Projects/ProjectPal/Content/StarterContent/Textures/T_Brick_Clay_New_D.uexp" 2766
"C:/Projects/ProjectPal/Content/StarterContent/Textures/T_Brick_Clay_New_M.uasset" 2767
"C:/Projects/ProjectPal/Content/StarterContent/Textures/T_Brick_Clay_New_M.uexp" 2768
"C:/Projects/ProjectPal/Content/StarterContent/Textures/T_Brick_Clay_New_N.uasset" 2769
"C:/Projects/ProjectPal/Content/StarterContent/Textures/T_Brick_Clay_New_N.uexp" 2770
"C:/Projects/ProjectPal/Content/StarterContent/Materials/M_Brick_Clay_New.uasset" 2771
"C:/Projects/ProjectPal/Content/StarterContent/Materials/M_Brick_Clay_New.uexp" 2772
"C:/Projects/ProjectPal/Content/StarterContent/Textures/T_Metal_Aluminum_D.ubulk" 2773
"C:/Projects/ProjectPal/Content/StarterContent/Textures/T_Metal_Aluminum_D.uasset" 2774
"C:/Projects/ProjectPal/Content/StarterContent/Textures/T_Metal_Aluminum_D.uexp" 2775
"C:/Projects/ProjectPal/Content/StarterContent/Materials/M_Metal_Burnished_Steel.uasset" 2776
"C:/Projects/ProjectPal/Content/StarterContent/Materials/M_Metal_Burnished_Steel.uexp" 2777
"C:/Projects/ProjectPal/Content/StarterContent/Props/SM_Chair.ubulk" 2778
"C:/Projects/ProjectPal/Content/StarterContent/Props/SM_Chair.uasset" 2779
"C:/Projects/ProjectPal/Content/StarterContent/Props/SM_Chair.uexp" 2780
"C:/Projects/ProjectPal/Content/StarterContent/Textures/T_Concrete_Panels_D.ubulk" 2781
"C:/Projects/ProjectPal/Content/StarterContent/Textures/T_Concrete_Panels_D.uasset" 2782
"C:/Projects/ProjectPal/Content/StarterContent/Textures/T_Concrete_Panels_D.uexp" 2783
"C:/Projects/ProjectPal/Content/StarterContent/Textures/T_Concrete_Panels_N.ubulk" 2784
"C:/Projects/ProjectPal/Content/StarterContent/Textures/T_Concrete_Panels_N.uasset" 2785
"C:/Projects/ProjectPal/Content/StarterContent/Textures/T_Concrete_Panels_N.uexp" 2786
"C:/Projects/ProjectPal/Content/StarterContent/Materials/M_Concrete_Panels.uasset" 2787
"C:/Projects/ProjectPal/Content/StarterContent/Materials/M_Concrete_Panels.uexp" 2788
"C:/Projects/ProjectPal/Content/StarterContent/Maps/StarterMap.uexp" 2789
"C:/Projects/ProjectPal/Content/StarterContent/Maps/StarterMap.umap" 2790
"C:/Projects/ProjectPal/Content/StarterContent/Maps/Minimal_Default_BuiltData.ubulk" 2791
"C:/Projects/ProjectPal/Content/StarterContent/Maps/Minimal_Default_BuiltData.uasset" 2792
"C:/Projects/ProjectPal/Content/StarterContent/Maps/Minimal_Default_BuiltData.uexp" 2793
"C:/Projects/ProjectPal/Content/StarterContent/Maps/Minimal_Default.uexp" 2794
"C:/Projects/ProjectPal/Content/StarterContent/Maps/Minimal_Default.umap" 2795
"C:/Projects/ProjectPal/Content/StarterContent/Maps/Advanced_Lighting_BuiltData.ubulk" 2796
"C:/Projects/ProjectPal/Content/StarterContent/Maps/Advanced_Lighting_BuiltData.uasset" 2797
"C:/Projects/ProjectPal/Content/StarterContent/Maps/Advanced_Lighting_BuiltData.uexp" 2798
"C:/Projects/ProjectPal/Content/StarterContent/Materials/M_AssetPlatform.uasset" 2799
"C:/Projects/ProjectPal/Content/StarterContent/Materials/M_AssetPlatform.uexp" 2800
"C:/Projects/ProjectPal/Content/StarterContent/Architecture/SM_AssetPlatform.ubulk" 2801
"C:/Projects/ProjectPal/Content/StarterContent/Architecture/SM_AssetPlatform.uasset" 2802
"C:/Projects/ProjectPal/Content/StarterContent/Architecture/SM_AssetPlatform.uexp" 2803
"../../../Engine/Content/MapTemplates/Sky/DaylightAmbientCubemap.uasset" 2804
"../../../Engine/Content/MapTemplates/Sky/DaylightAmbientCubemap.uexp" 2805
"C:/Projects/ProjectPal/Content/StarterContent/Blueprints/Assets/M_LightStage_Skybox_Master.uasset" 2806
"C:/Projects/ProjectPal/Content/StarterContent/Blueprints/Assets/M_LightStage_Skybox_Master.uexp" 2807
"C:/Projects/ProjectPal/Content/StarterContent/Blueprints/Assets/M_LightStage_Skybox_HDRI.uasset" 2808
"C:/Projects/ProjectPal/Content/StarterContent/Blueprints/Assets/M_LightStage_Skybox_HDRI.uexp" 2809
"C:/Projects/ProjectPal/Content/StarterContent/HDRI/HDRI_Epic_Courtyard_Daylight.uasset" 2810
"C:/Projects/ProjectPal/Content/StarterContent/HDRI/HDRI_Epic_Courtyard_Daylight.uexp" 2811
"C:/Projects/ProjectPal/Content/StarterContent/Blueprints/Assets/SunlightColorLUT.uasset" 2812
"C:/Projects/ProjectPal/Content/StarterContent/Blueprints/Assets/SunlightColorLUT.uexp" 2813
"C:/Projects/ProjectPal/Content/StarterContent/Blueprints/Assets/M_LightStage_Skybox_Black.uasset" 2814
"C:/Projects/ProjectPal/Content/StarterContent/Blueprints/Assets/M_LightStage_Skybox_Black.uexp" 2815
"C:/Projects/ProjectPal/Content/StarterContent/Blueprints/Assets/FogBrightnessLUT.uasset" 2816
"C:/Projects/ProjectPal/Content/StarterContent/Blueprints/Assets/FogBrightnessLUT.uexp" 2817
"C:/Projects/ProjectPal/Content/StarterContent/Blueprints/Assets/SM_Arrows.ubulk" 2818
"C:/Projects/ProjectPal/Content/StarterContent/Blueprints/Assets/SM_Arrows.uasset" 2819
"C:/Projects/ProjectPal/Content/StarterContent/Blueprints/Assets/SM_Arrows.uexp" 2820
"C:/Projects/ProjectPal/Content/StarterContent/Blueprints/Assets/M_LightStage_Arrows.uasset" 2821
"C:/Projects/ProjectPal/Content/StarterContent/Blueprints/Assets/M_LightStage_Arrows.uexp" 2822
"../../../Engine/Content/ArtTools/RenderToTexture/MaterialFunctions/CheckerPattern.uasset" 2823
"../../../Engine/Content/ArtTools/RenderToTexture/MaterialFunctions/CheckerPattern.uexp" 2824
"../../../Engine/Content/Functions/Engine_MaterialFunctions02/ScreenResolution.uasset" 2825
"../../../Engine/Content/Functions/Engine_MaterialFunctions02/ScreenResolution.uexp" 2826
"../../../Engine/Content/Functions/Engine_MaterialFunctions02/Texturing/ScreenAlignedUVs.uasset" 2827
"../../../Engine/Content/Functions/Engine_MaterialFunctions02/Texturing/ScreenAlignedUVs.uexp" 2828
"../../../Engine/Content/EditorMaterials/Thumbnails/SkySphereMaterial.uasset" 2829
"../../../Engine/Content/EditorMaterials/Thumbnails/SkySphereMaterial.uexp" 2830
"C:/Projects/ProjectPal/Content/StarterContent/Blueprints/Assets/Skybox.ubulk" 2831
"C:/Projects/ProjectPal/Content/StarterContent/Blueprints/Assets/Skybox.uasset" 2832
"C:/Projects/ProjectPal/Content/StarterContent/Blueprints/Assets/Skybox.uexp" 2833
"C:/Projects/ProjectPal/Content/StarterContent/Blueprints/BP_LightStudio.uasset" 2834
"C:/Projects/ProjectPal/Content/StarterContent/Blueprints/BP_LightStudio.uexp" 2835
"../../../Engine/Content/EditorMeshes/ColorCalibrator/M_GreyBall.uasset" 2836
"../../../Engine/Content/EditorMeshes/ColorCalibrator/M_GreyBall.uexp" 2837
"../../../Engine/Content/EditorMeshes/ColorCalibrator/M_ClearCoat.uasset" 2838
"../../../Engine/Content/EditorMeshes/ColorCalibrator/M_ClearCoat.uexp" 2839
"../../../Engine/Content/EditorMeshes/ColorCalibrator/M_ChromeBall.uasset" 2840
"../../../Engine/Content/EditorMeshes/ColorCalibrator/M_ChromeBall.uexp" 2841
"../../../Engine/Content/EditorMeshes/ColorCalibrator/M_ClearCoatBlack.uasset" 2842
"../../../Engine/Content/EditorMeshes/ColorCalibrator/M_ClearCoatBlack.uexp" 2843
"../../../Engine/Content/EditorMeshes/ColorCalibrator/Color_checker.ubulk" 2844
"../../../Engine/Content/EditorMeshes/ColorCalibrator/Color_checker.uasset" 2845
"../../../Engine/Content/EditorMeshes/ColorCalibrator/Color_checker.uexp" 2846
"../../../Engine/Content/EditorMeshes/ColorCalibrator/M_ColorGrid.uasset" 2847
"../../../Engine/Content/EditorMeshes/ColorCalibrator/M_ColorGrid.uexp" 2848
"../../../Engine/Content/EditorMeshes/ColorCalibrator/SM_ColorCalibrator.ubulk" 2849
"../../../Engine/Content/EditorMeshes/ColorCalibrator/SM_ColorCalibrator.uasset" 2850
"../../../Engine/Content/EditorMeshes/ColorCalibrator/SM_ColorCalibrator.uexp" 2851
"C:/Projects/ProjectPal/Content/StarterContent/Maps/Advanced_Lighting.uexp" 2852
"C:/Projects/ProjectPal/Content/StarterContent/Maps/Advanced_Lighting.umap" 2853
"../../../Engine/Content/BasicShapes/Cube.ubulk" 2854
"../../../Engine/Content/BasicShapes/Cube.uasset" 2855
"../../../Engine/Content/BasicShapes/Cube.uexp" 2856
"C:/Projects/ProjectPal/Content/FXVarietyPack/EpicContent/Physical_Materials/Metal.uasset" 2857
"C:/Projects/ProjectPal/Content/FXVarietyPack/EpicContent/Physical_Materials/Metal.uexp" 2858
"C:/Projects/ProjectPal/Content/FXVarietyPack/EpicContent/Textures/T_UnrealEngineDecal.uasset" 2859
"C:/Projects/ProjectPal/Content/FXVarietyPack/EpicContent/Textures/T_UnrealEngineDecal.uexp" 2860
"C:/Projects/ProjectPal/Content/FXVarietyPack/EpicContent/Textures/T_Pattern_M.ubulk" 2861
"C:/Projects/ProjectPal/Content/FXVarietyPack/EpicContent/Textures/T_Pattern_M.uasset" 2862
"C:/Projects/ProjectPal/Content/FXVarietyPack/EpicContent/Textures/T_Pattern_M.uexp" 2863
"C:/Projects/ProjectPal/Content/FXVarietyPack/EpicContent/Materials/M_DemoWallPattern.uasset" 2864
"C:/Projects/ProjectPal/Content/FXVarietyPack/EpicContent/Materials/M_DemoWallPattern.uexp" 2865
"C:/Projects/ProjectPal/Content/FXVarietyPack/EpicContent/Materials/MI_DemoWallPattern.uasset" 2866
"C:/Projects/ProjectPal/Content/FXVarietyPack/EpicContent/Materials/MI_DemoWallPattern.uexp" 2867
"C:/Projects/ProjectPal/Content/FXVarietyPack/EpicContent/Meshes/SM_URoom_Wall2.ubulk" 2868
"C:/Projects/ProjectPal/Content/FXVarietyPack/EpicContent/Meshes/SM_URoom_Wall2.uasset" 2869
"C:/Projects/ProjectPal/Content/FXVarietyPack/EpicContent/Meshes/SM_URoom_Wall2.uexp" 2870
"C:/Projects/ProjectPal/Content/FXVarietyPack/Blueprints/BP_ky_storm.uasset" 2871
"C:/Projects/ProjectPal/Content/FXVarietyPack/Blueprints/BP_ky_storm.uexp" 2872
"C:/Projects/ProjectPal/Content/FXVarietyPack/Textures/T_ky_flareVertical02.ubulk" 2873
"C:/Projects/ProjectPal/Content/FXVarietyPack/Textures/T_ky_flareVertical02.uasset" 2874
"C:/Projects/ProjectPal/Content/FXVarietyPack/Textures/T_ky_flareVertical02.uexp" 2875
"C:/Projects/ProjectPal/Content/FXVarietyPack/Materials/M_ky_flare01_primitive.uasset" 2876
"C:/Projects/ProjectPal/Content/FXVarietyPack/Materials/M_ky_flare01_primitive.uexp" 2877
"C:/Projects/ProjectPal/Content/FXVarietyPack/Textures/T_ky_shockwave10_4x4.ubulk" 2878
"C:/Projects/ProjectPal/Content/FXVarietyPack/Textures/T_ky_shockwave10_4x4.uasset" 2879
"C:/Projects/ProjectPal/Content/FXVarietyPack/Textures/T_ky_shockwave10_4x4.uexp" 2880
"C:/Projects/ProjectPal/Content/FXVarietyPack/Materials/MI_ky_shockwave10R_4x4_nonD.uasset" 2881
"C:/Projects/ProjectPal/Content/FXVarietyPack/Materials/MI_ky_shockwave10R_4x4_nonD.uexp" 2882
"C:/Projects/ProjectPal/Content/FXVarietyPack/Textures/T_ky_shine01_4x4.ubulk" 2883
"C:/Projects/ProjectPal/Content/FXVarietyPack/Textures/T_ky_shine01_4x4.uasset" 2884
"C:/Projects/ProjectPal/Content/FXVarietyPack/Textures/T_ky_shine01_4x4.uexp" 2885
"C:/Projects/ProjectPal/Content/FXVarietyPack/Materials/MI_ky_shine01R_nonD.uasset" 2886
"C:/Projects/ProjectPal/Content/FXVarietyPack/Materials/MI_ky_shine01R_nonD.uexp" 2887
"../../../Engine/Content/Functions/Engine_MaterialFunctions02/Fresnel_Function.uasset" 2888
"../../../Engine/Content/Functions/Engine_MaterialFunctions02/Fresnel_Function.uexp" 2889
"C:/Projects/ProjectPal/Content/FXVarietyPack/Materials/M_ky_primitive.uasset" 2890
"C:/Projects/ProjectPal/Content/FXVarietyPack/Materials/M_ky_primitive.uexp" 2891
"C:/Projects/ProjectPal/Content/FXVarietyPack/Materials/MI_ky_primitive2b_trs.uasset" 2892
"C:/Projects/ProjectPal/Content/FXVarietyPack/Materials/MI_ky_primitive2b_trs.uexp" 2893
"C:/Projects/ProjectPal/Content/FXVarietyPack/Materials/M_ky_polar_primitive.uasset" 2894
"C:/Projects/ProjectPal/Content/FXVarietyPack/Materials/M_ky_polar_primitive.uexp" 2895
"C:/Projects/ProjectPal/Content/FXVarietyPack/Textures/T_ky_deco_rainbow.ubulk" 2896
"C:/Projects/ProjectPal/Content/FXVarietyPack/Textures/T_ky_deco_rainbow.uasset" 2897
"C:/Projects/ProjectPal/Content/FXVarietyPack/Textures/T_ky_deco_rainbow.uexp" 2898
"C:/Projects/ProjectPal/Content/FXVarietyPack/Materials/M_ky_trail_primitive.uasset" 2899
"C:/Projects/ProjectPal/Content/FXVarietyPack/Materials/M_ky_trail_primitive.uexp" 2900
"C:/Projects/ProjectPal/Content/FXVarietyPack/Materials/MI_ky_shine01B.uasset" 2901
"C:/Projects/ProjectPal/Content/FXVarietyPack/Materials/MI_ky_shine01B.uexp" 2902
"C:/Projects/ProjectPal/Content/FXVarietyPack/Textures/T_ky_flareVertical03_4x4.ubulk" 2903
"C:/Projects/ProjectPal/Content/FXVarietyPack/Textures/T_ky_flareVertical03_4x4.uasset" 2904
"C:/Projects/ProjectPal/Content/FXVarietyPack/Textures/T_ky_flareVertical03_4x4.uexp" 2905
"C:/Projects/ProjectPal/Content/FXVarietyPack/Textures/T_ky_bg.uasset" 2906
"C:/Projects/ProjectPal/Content/FXVarietyPack/Textures/T_ky_bg.uexp" 2907
"C:/Projects/ProjectPal/Content/FXVarietyPack/Materials/M_ky_subUV03.uasset" 2908
"C:/Projects/ProjectPal/Content/FXVarietyPack/Materials/M_ky_subUV03.uexp" 2909
"C:/Projects/ProjectPal/Content/FXVarietyPack/Materials/MI_ky_flareVertical03b_4x4.uasset" 2910
"C:/Projects/ProjectPal/Content/FXVarietyPack/Materials/MI_ky_flareVertical03b_4x4.uexp" 2911
"C:/Projects/ProjectPal/Content/FXVarietyPack/Particles/P_ky_shootingStar1.uasset" 2912
"C:/Projects/ProjectPal/Content/FXVarietyPack/Particles/P_ky_shootingStar1.uexp" 2913
"C:/Projects/ProjectPal/Content/FXVarietyPack/Blueprints/BP_ky_shootingStar1.uasset" 2914
"C:/Projects/ProjectPal/Content/FXVarietyPack/Blueprints/BP_ky_shootingStar1.uexp" 2915
"C:/Projects/ProjectPal/Content/FXVarietyPack/EpicContent/Textures/T_RoomTiles_N.ubulk" 2916
"C:/Projects/ProjectPal/Content/FXVarietyPack/EpicContent/Textures/T_RoomTiles_N.uasset" 2917
"C:/Projects/ProjectPal/Content/FXVarietyPack/EpicContent/Textures/T_RoomTiles_N.uexp" 2918
"C:/Projects/ProjectPal/Content/FXVarietyPack/EpicContent/Textures/T_RoomTiles_M.ubulk" 2919
"C:/Projects/ProjectPal/Content/FXVarietyPack/EpicContent/Textures/T_RoomTiles_M.uasset" 2920
"C:/Projects/ProjectPal/Content/FXVarietyPack/EpicContent/Textures/T_RoomTiles_M.uexp" 2921
"C:/Projects/ProjectPal/Content/FXVarietyPack/EpicContent/Materials/M_DemoRoomTiles.uasset" 2922
"C:/Projects/ProjectPal/Content/FXVarietyPack/EpicContent/Materials/M_DemoRoomTiles.uexp" 2923
"C:/Projects/ProjectPal/Content/FXVarietyPack/EpicContent/Physical_Materials/Concrete.uasset" 2924
"C:/Projects/ProjectPal/Content/FXVarietyPack/EpicContent/Physical_Materials/Concrete.uexp" 2925
"C:/Projects/ProjectPal/Content/FXVarietyPack/EpicContent/Materials/MI_DemoRoomTiles.uasset" 2926
"C:/Projects/ProjectPal/Content/FXVarietyPack/EpicContent/Materials/MI_DemoRoomTiles.uexp" 2927
"C:/Projects/ProjectPal/Content/FXVarietyPack/EpicContent/Meshes/SM_DemoRoomU2.ubulk" 2928
"C:/Projects/ProjectPal/Content/FXVarietyPack/EpicContent/Meshes/SM_DemoRoomU2.uasset" 2929
"C:/Projects/ProjectPal/Content/FXVarietyPack/EpicContent/Meshes/SM_DemoRoomU2.uexp" 2930
"C:/Projects/ProjectPal/Content/FXVarietyPack/Materials/MI_ky_storm01_aqua_nonD.uasset" 2931
"C:/Projects/ProjectPal/Content/FXVarietyPack/Materials/MI_ky_storm01_aqua_nonD.uexp" 2932
"C:/Projects/ProjectPal/Content/FXVarietyPack/Materials/MI_ky_stormDeco01_aqua.uasset" 2933
"C:/Projects/ProjectPal/Content/FXVarietyPack/Materials/MI_ky_stormDeco01_aqua.uexp" 2934
"C:/Projects/ProjectPal/Content/FXVarietyPack/Materials/MI_ky_storm01_aqua.uasset" 2935
"C:/Projects/ProjectPal/Content/FXVarietyPack/Materials/MI_ky_storm01_aqua.uexp" 2936
"C:/Projects/ProjectPal/Content/FXVarietyPack/Particles/P_ky_aquaStorm.uasset" 2937
"C:/Projects/ProjectPal/Content/FXVarietyPack/Particles/P_ky_aquaStorm.uexp" 2938
"C:/Projects/ProjectPal/Content/FXVarietyPack/Blueprints/BP_ky_aquaStorm.uasset" 2939
"C:/Projects/ProjectPal/Content/FXVarietyPack/Blueprints/BP_ky_aquaStorm.uexp" 2940
"C:/Projects/ProjectPal/Content/FXVarietyPack/Textures/T_ky_bg_LC.uasset" 2941
"C:/Projects/ProjectPal/Content/FXVarietyPack/Textures/T_ky_bg_LC.uexp" 2942
"C:/Projects/ProjectPal/Content/FXVarietyPack/Materials/M_ky_subUV_dynRGB.uasset" 2943
"C:/Projects/ProjectPal/Content/FXVarietyPack/Materials/M_ky_subUV_dynRGB.uexp" 2944
"C:/Projects/ProjectPal/Content/FXVarietyPack/Textures/T_ky_lightning02_4x4.ubulk" 2945
"C:/Projects/ProjectPal/Content/FXVarietyPack/Textures/T_ky_lightning02_4x4.uasset" 2946
"C:/Projects/ProjectPal/Content/FXVarietyPack/Textures/T_ky_lightning02_4x4.uexp" 2947
"C:/Projects/ProjectPal/Content/FXVarietyPack/Materials/MI_ky_lightning02_4x4.uasset" 2948
"C:/Projects/ProjectPal/Content/FXVarietyPack/Materials/MI_ky_lightning02_4x4.uexp" 2949
"C:/Projects/ProjectPal/Content/FXVarietyPack/Textures/T_ky_lightningDust01_4x4.ubulk" 2950
"C:/Projects/ProjectPal/Content/FXVarietyPack/Textures/T_ky_lightningDust01_4x4.uasset" 2951
"C:/Projects/ProjectPal/Content/FXVarietyPack/Textures/T_ky_lightningDust01_4x4.uexp" 2952
"C:/Projects/ProjectPal/Content/FXVarietyPack/Materials/MI_ky_lightningDust01_4x4_nonD.uasset" 2953
"C:/Projects/ProjectPal/Content/FXVarietyPack/Materials/MI_ky_lightningDust01_4x4_nonD.uexp" 2954
"C:/Projects/ProjectPal/Content/FXVarietyPack/Materials/M_ky_primitive_dyn2.uasset" 2955
"C:/Projects/ProjectPal/Content/FXVarietyPack/Materials/M_ky_primitive_dyn2.uexp" 2956
"C:/Projects/ProjectPal/Content/FXVarietyPack/Materials/MI_ky_primitive_dynB_nonD.uasset" 2957
"C:/Projects/ProjectPal/Content/FXVarietyPack/Materials/MI_ky_primitive_dynB_nonD.uexp" 2958
"C:/Projects/ProjectPal/Content/FXVarietyPack/Particles/P_ky_lightning1.uasset" 2959
"C:/Projects/ProjectPal/Content/FXVarietyPack/Particles/P_ky_lightning1.uexp" 2960
"C:/Projects/ProjectPal/Content/FXVarietyPack/Blueprints/BP_ky_lightning1.uasset" 2961
"C:/Projects/ProjectPal/Content/FXVarietyPack/Blueprints/BP_ky_lightning1.uexp" 2962
"C:/Projects/ProjectPal/Content/FXVarietyPack/Textures/T_ky_flare25_4x4.ubulk" 2963
"C:/Projects/ProjectPal/Content/FXVarietyPack/Textures/T_ky_flare25_4x4.uasset" 2964
"C:/Projects/ProjectPal/Content/FXVarietyPack/Textures/T_ky_flare25_4x4.uexp" 2965
"C:/Projects/ProjectPal/Content/FXVarietyPack/Materials/MI_ky_flare25_4x4.uasset" 2966
"C:/Projects/ProjectPal/Content/FXVarietyPack/Materials/MI_ky_flare25_4x4.uexp" 2967
"C:/Projects/ProjectPal/Content/FXVarietyPack/Particles/P_ky_hit1.uasset" 2968
"C:/Projects/ProjectPal/Content/FXVarietyPack/Particles/P_ky_hit1.uexp" 2969
"C:/Projects/ProjectPal/Content/FXVarietyPack/Blueprints/BP_ky_hit1.uasset" 2970
"C:/Projects/ProjectPal/Content/FXVarietyPack/Blueprints/BP_ky_hit1.uexp" 2971
"C:/Projects/ProjectPal/Content/FXVarietyPack/EpicContent/Materials/M_DemoWallPattern_Inst_Mirrored.uasset" 2972
"C:/Projects/ProjectPal/Content/FXVarietyPack/EpicContent/Materials/M_DemoWallPattern_Inst_Mirrored.uexp" 2973
"C:/Projects/ProjectPal/Content/FXVarietyPack/Particles/P_ky_fireBall.uasset" 2974
"C:/Projects/ProjectPal/Content/FXVarietyPack/Particles/P_ky_fireBall.uexp" 2975
"C:/Projects/ProjectPal/Content/FXVarietyPack/Textures/T_ky_shockwave12_4x4.ubulk" 2976
"C:/Projects/ProjectPal/Content/FXVarietyPack/Textures/T_ky_shockwave12_4x4.uasset" 2977
"C:/Projects/ProjectPal/Content/FXVarietyPack/Textures/T_ky_shockwave12_4x4.uexp" 2978
"C:/Projects/ProjectPal/Content/FXVarietyPack/Materials/M_ky_subUV01.uasset" 2979
"C:/Projects/ProjectPal/Content/FXVarietyPack/Materials/M_ky_subUV01.uexp" 2980
"C:/Projects/ProjectPal/Content/FXVarietyPack/Materials/MI_ky_shockwave12_4x4.uasset" 2981
"C:/Projects/ProjectPal/Content/FXVarietyPack/Materials/MI_ky_shockwave12_4x4.uexp" 2982
"C:/Projects/ProjectPal/Content/FXVarietyPack/Materials/MI_ky_polarG_nonD.uasset" 2983
"C:/Projects/ProjectPal/Content/FXVarietyPack/Materials/MI_ky_polarG_nonD.uexp" 2984
"C:/Projects/ProjectPal/Content/FXVarietyPack/Particles/P_ky_hit2.uasset" 2985
"C:/Projects/ProjectPal/Content/FXVarietyPack/Particles/P_ky_hit2.uexp" 2986
"C:/Projects/ProjectPal/Content/FXVarietyPack/Blueprints/BP_ky_hit2.uasset" 2987
"C:/Projects/ProjectPal/Content/FXVarietyPack/Blueprints/BP_ky_hit2.uexp" 2988
"C:/Projects/ProjectPal/Content/FXVarietyPack/Materials/MI_ky_primitive_dynB_two.uasset" 2989
"C:/Projects/ProjectPal/Content/FXVarietyPack/Materials/MI_ky_primitive_dynB_two.uexp" 2990
"C:/Projects/ProjectPal/Content/FXVarietyPack/Particles/P_ky_explosion.uasset" 2991
"C:/Projects/ProjectPal/Content/FXVarietyPack/Particles/P_ky_explosion.uexp" 2992
"C:/Projects/ProjectPal/Content/FXVarietyPack/Textures/T_ky_deco_doom.ubulk" 2993
"C:/Projects/ProjectPal/Content/FXVarietyPack/Textures/T_ky_deco_doom.uasset" 2994
"C:/Projects/ProjectPal/Content/FXVarietyPack/Textures/T_ky_deco_doom.uexp" 2995
"C:/Projects/ProjectPal/Content/FXVarietyPack/Materials/M_ky_aura9.uasset" 2996
"C:/Projects/ProjectPal/Content/FXVarietyPack/Materials/M_ky_aura9.uexp" 2997
"C:/Projects/ProjectPal/Content/FXVarietyPack/Materials/MI_ky_aura9.uasset" 2998
"C:/Projects/ProjectPal/Content/FXVarietyPack/Materials/MI_ky_aura9.uexp" 2999
"C:/Projects/ProjectPal/Content/FXVarietyPack/Materials/MI_ky_polarC_two.uasset" 3000
"C:/Projects/ProjectPal/Content/FXVarietyPack/Materials/MI_ky_polarC_two.uexp" 3001
"C:/Projects/ProjectPal/Content/FXVarietyPack/Textures/T_ky_maskRGB5.ubulk" 3002
"C:/Projects/ProjectPal/Content/FXVarietyPack/Textures/T_ky_maskRGB5.uasset" 3003
"C:/Projects/ProjectPal/Content/FXVarietyPack/Textures/T_ky_maskRGB5.uexp" 3004
"C:/Projects/ProjectPal/Content/FXVarietyPack/Textures/T_ky_flare3.ubulk" 3005
"C:/Projects/ProjectPal/Content/FXVarietyPack/Textures/T_ky_flare3.uasset" 3006
"C:/Projects/ProjectPal/Content/FXVarietyPack/Textures/T_ky_flare3.uexp" 3007
"C:/Projects/ProjectPal/Content/FXVarietyPack/Materials/M_ky_flarePillar.uasset" 3008
"C:/Projects/ProjectPal/Content/FXVarietyPack/Materials/M_ky_flarePillar.uexp" 3009
"C:/Projects/ProjectPal/Content/FXVarietyPack/Textures/T_ky_flareVert.ubulk" 3010
"C:/Projects/ProjectPal/Content/FXVarietyPack/Textures/T_ky_flareVert.uasset" 3011
"C:/Projects/ProjectPal/Content/FXVarietyPack/Textures/T_ky_flareVert.uexp" 3012
"C:/Projects/ProjectPal/Content/FXVarietyPack/Materials/M_ky_flareVert.uasset" 3013
"C:/Projects/ProjectPal/Content/FXVarietyPack/Materials/M_ky_flareVert.uexp" 3014
"C:/Projects/ProjectPal/Content/FXVarietyPack/Meshes/SM_ky_quads.ubulk" 3015
"C:/Projects/ProjectPal/Content/FXVarietyPack/Meshes/SM_ky_quads.uasset" 3016
"C:/Projects/ProjectPal/Content/FXVarietyPack/Meshes/SM_ky_quads.uexp" 3017
"C:/Projects/ProjectPal/Content/FXVarietyPack/Meshes/SM_ky_planeBend.ubulk" 3018
"C:/Projects/ProjectPal/Content/FXVarietyPack/Meshes/SM_ky_planeBend.uasset" 3019
"C:/Projects/ProjectPal/Content/FXVarietyPack/Meshes/SM_ky_planeBend.uexp" 3020
"C:/Projects/ProjectPal/Content/FXVarietyPack/Meshes/SM_ky_windSmokeVertRot.ubulk" 3021
"C:/Projects/ProjectPal/Content/FXVarietyPack/Meshes/SM_ky_windSmokeVertRot.uasset" 3022
"C:/Projects/ProjectPal/Content/FXVarietyPack/Meshes/SM_ky_windSmokeVertRot.uexp" 3023
"C:/Projects/ProjectPal/Content/FXVarietyPack/Particles/P_ky_shotShockwave.uasset" 3024
"C:/Projects/ProjectPal/Content/FXVarietyPack/Particles/P_ky_shotShockwave.uexp" 3025
"C:/Projects/ProjectPal/Content/FXVarietyPack/Blueprints/BP_ky_fireBall.uasset" 3026
"C:/Projects/ProjectPal/Content/FXVarietyPack/Blueprints/BP_ky_fireBall.uexp" 3027
"C:/Projects/ProjectPal/Content/FXVarietyPack/Blueprints/BP_ky_waterBall.uasset" 3028
"C:/Projects/ProjectPal/Content/FXVarietyPack/Blueprints/BP_ky_waterBall.uexp" 3029
"C:/Projects/ProjectPal/Content/FXVarietyPack/Blueprints/BP_ky_explosion.uasset" 3030
"C:/Projects/ProjectPal/Content/FXVarietyPack/Blueprints/BP_ky_explosion.uexp" 3031
"C:/Projects/ProjectPal/Content/FXVarietyPack/EpicContent/Physical_Materials/Rubber.uasset" 3032
"C:/Projects/ProjectPal/Content/FXVarietyPack/EpicContent/Physical_Materials/Rubber.uexp" 3033
"C:/Projects/ProjectPal/Content/FXVarietyPack/EpicContent/Materials/M_DemoWall.uasset" 3034
"C:/Projects/ProjectPal/Content/FXVarietyPack/EpicContent/Materials/M_DemoWall.uexp" 3035
"C:/Projects/ProjectPal/Content/FXVarietyPack/EpicContent/Materials/MI_DemoWall.uasset" 3036
"C:/Projects/ProjectPal/Content/FXVarietyPack/EpicContent/Materials/MI_DemoWall.uexp" 3037
"C:/Projects/ProjectPal/Content/FXVarietyPack/EpicContent/Materials/M_DemoWall_MattPlastic.uasset" 3038
"C:/Projects/ProjectPal/Content/FXVarietyPack/EpicContent/Materials/M_DemoWall_MattPlastic.uexp" 3039
"C:/Projects/ProjectPal/Content/FXVarietyPack/EpicContent/Meshes/SM_DemoRoomBackWall2.ubulk" 3040
"C:/Projects/ProjectPal/Content/FXVarietyPack/EpicContent/Meshes/SM_DemoRoomBackWall2.uasset" 3041
"C:/Projects/ProjectPal/Content/FXVarietyPack/EpicContent/Meshes/SM_DemoRoomBackWall2.uexp" 3042
"C:/Projects/ProjectPal/Content/FXVarietyPack/Materials/MI_ky_smoke01.uasset" 3043
"C:/Projects/ProjectPal/Content/FXVarietyPack/Materials/MI_ky_smoke01.uexp" 3044
"C:/Projects/ProjectPal/Content/FXVarietyPack/Materials/MI_ky_smoke01b.uasset" 3045
"C:/Projects/ProjectPal/Content/FXVarietyPack/Materials/MI_ky_smoke01b.uexp" 3046
"C:/Projects/ProjectPal/Content/FXVarietyPack/Particles/P_ky_thunderBall.uasset" 3047
"C:/Projects/ProjectPal/Content/FXVarietyPack/Particles/P_ky_thunderBall.uexp" 3048
"C:/Projects/ProjectPal/Content/FXVarietyPack/Particles/P_ky_ThunderBallHit.uasset" 3049
"C:/Projects/ProjectPal/Content/FXVarietyPack/Particles/P_ky_ThunderBallHit.uexp" 3050
"C:/Projects/ProjectPal/Content/FXVarietyPack/Blueprints/BP_ky_thunderBall.uasset" 3051
"C:/Projects/ProjectPal/Content/FXVarietyPack/Blueprints/BP_ky_thunderBall.uexp" 3052
"C:/Projects/ProjectPal/Content/FXVarietyPack/Materials/M_ky_laser01.uasset" 3053
"C:/Projects/ProjectPal/Content/FXVarietyPack/Materials/M_ky_laser01.uexp" 3054
"C:/Projects/ProjectPal/Content/FXVarietyPack/Materials/MI_ky_shine01R.uasset" 3055
"C:/Projects/ProjectPal/Content/FXVarietyPack/Materials/MI_ky_shine01R.uexp" 3056
"../../../Engine/Content/Functions/Engine_MaterialFunctions03/Blends/Blend_Screen.uasset" 3057
"../../../Engine/Content/Functions/Engine_MaterialFunctions03/Blends/Blend_Screen.uexp" 3058
"../../../Engine/Content/Functions/Engine_MaterialFunctions01/Gradient/DiamondGradient.uasset" 3059
"../../../Engine/Content/Functions/Engine_MaterialFunctions01/Gradient/DiamondGradient.uexp" 3060
"C:/Projects/ProjectPal/Content/FXVarietyPack/Textures/T_ky_dust_longStar.ubulk" 3061
"C:/Projects/ProjectPal/Content/FXVarietyPack/Textures/T_ky_dust_longStar.uasset" 3062
"C:/Projects/ProjectPal/Content/FXVarietyPack/Textures/T_ky_dust_longStar.uexp" 3063
"C:/Projects/ProjectPal/Content/FXVarietyPack/Materials/M_ky_starDust.uasset" 3064
"C:/Projects/ProjectPal/Content/FXVarietyPack/Materials/M_ky_starDust.uexp" 3065
"C:/Projects/ProjectPal/Content/FXVarietyPack/Materials/MI_ky_starDust_sq.uasset" 3066
"C:/Projects/ProjectPal/Content/FXVarietyPack/Materials/MI_ky_starDust_sq.uexp" 3067
"C:/Projects/ProjectPal/Content/FXVarietyPack/Particles/P_ky_laser01.uasset" 3068
"C:/Projects/ProjectPal/Content/FXVarietyPack/Particles/P_ky_laser01.uexp" 3069
"C:/Projects/ProjectPal/Content/FXVarietyPack/Blueprints/BP_ky_laser01.uasset" 3070
"C:/Projects/ProjectPal/Content/FXVarietyPack/Blueprints/BP_ky_laser01.uexp" 3071
"C:/Projects/ProjectPal/Content/FXVarietyPack/Particles/P_ky_lightning2.uasset" 3072
"C:/Projects/ProjectPal/Content/FXVarietyPack/Particles/P_ky_lightning2.uexp" 3073
"C:/Projects/ProjectPal/Content/FXVarietyPack/Blueprints/BP_ky_lightning2.uasset" 3074
"C:/Projects/ProjectPal/Content/FXVarietyPack/Blueprints/BP_ky_lightning2.uexp" 3075
"C:/Projects/ProjectPal/Content/FXVarietyPack/EpicContent/Materials/MI_DemoWall3.uasset" 3076
"C:/Projects/ProjectPal/Content/FXVarietyPack/EpicContent/Materials/MI_DemoWall3.uexp" 3077
"C:/Projects/ProjectPal/Content/FXVarietyPack/EpicContent/Materials/M_LightTube.uasset" 3078
"C:/Projects/ProjectPal/Content/FXVarietyPack/EpicContent/Materials/M_LightTube.uexp" 3079
"C:/Projects/ProjectPal/Content/FXVarietyPack/EpicContent/Materials/MI_LightTube.uasset" 3080
"C:/Projects/ProjectPal/Content/FXVarietyPack/EpicContent/Materials/MI_LightTube.uexp" 3081
"C:/Projects/ProjectPal/Content/FXVarietyPack/EpicContent/Materials/MI_DemoWall2.uasset" 3082
"C:/Projects/ProjectPal/Content/FXVarietyPack/EpicContent/Materials/MI_DemoWall2.uexp" 3083
"C:/Projects/ProjectPal/Content/FXVarietyPack/EpicContent/Meshes/SM_DemoRoomTrim2.ubulk" 3084
"C:/Projects/ProjectPal/Content/FXVarietyPack/EpicContent/Meshes/SM_DemoRoomTrim2.uasset" 3085
"C:/Projects/ProjectPal/Content/FXVarietyPack/EpicContent/Meshes/SM_DemoRoomTrim2.uexp" 3086
"C:/Projects/ProjectPal/Content/FXVarietyPack/Materials/MI_ky_stormDeco01_fire.uasset" 3087
"C:/Projects/ProjectPal/Content/FXVarietyPack/Materials/MI_ky_stormDeco01_fire.uexp" 3088
"C:/Projects/ProjectPal/Content/FXVarietyPack/Textures/T_ky_smoke2.ubulk" 3089
"C:/Projects/ProjectPal/Content/FXVarietyPack/Textures/T_ky_smoke2.uasset" 3090
"C:/Projects/ProjectPal/Content/FXVarietyPack/Textures/T_ky_smoke2.uexp" 3091
"C:/Projects/ProjectPal/Content/FXVarietyPack/Textures/T_ky_noise3.ubulk" 3092
"C:/Projects/ProjectPal/Content/FXVarietyPack/Textures/T_ky_noise3.uasset" 3093
"C:/Projects/ProjectPal/Content/FXVarietyPack/Textures/T_ky_noise3.uexp" 3094
"C:/Projects/ProjectPal/Content/FXVarietyPack/Materials/M_ky_dynDust.uasset" 3095
"C:/Projects/ProjectPal/Content/FXVarietyPack/Materials/M_ky_dynDust.uexp" 3096
"C:/Projects/ProjectPal/Content/FXVarietyPack/Materials/MI_ky_dynDust.uasset" 3097
"C:/Projects/ProjectPal/Content/FXVarietyPack/Materials/MI_ky_dynDust.uexp" 3098
"C:/Projects/ProjectPal/Content/FXVarietyPack/Materials/MI_ky_storm01_fire.uasset" 3099
"C:/Projects/ProjectPal/Content/FXVarietyPack/Materials/MI_ky_storm01_fire.uexp" 3100
"C:/Projects/ProjectPal/Content/FXVarietyPack/Materials/MI_ky_storm01_fire_nonD1.uasset" 3101
"C:/Projects/ProjectPal/Content/FXVarietyPack/Materials/MI_ky_storm01_fire_nonD1.uexp" 3102
"C:/Projects/ProjectPal/Content/FXVarietyPack/Particles/P_ky_fireStorm.uasset" 3103
"C:/Projects/ProjectPal/Content/FXVarietyPack/Particles/P_ky_fireStorm.uexp" 3104
"C:/Projects/ProjectPal/Content/FXVarietyPack/Blueprints/BP_ky_fireStorm.uasset" 3105
"C:/Projects/ProjectPal/Content/FXVarietyPack/Blueprints/BP_ky_fireStorm.uexp" 3106
"C:/Projects/ProjectPal/Content/FXVarietyPack/EpicContent/Meshes/SM_URoom_Wall.ubulk" 3107
"C:/Projects/ProjectPal/Content/FXVarietyPack/EpicContent/Meshes/SM_URoom_Wall.uasset" 3108
"C:/Projects/ProjectPal/Content/FXVarietyPack/EpicContent/Meshes/SM_URoom_Wall.uexp" 3109
"C:/Projects/ProjectPal/Content/FXVarietyPack/EpicContent/Meshes/SM_DemoRoomBackWall.ubulk" 3110
"C:/Projects/ProjectPal/Content/FXVarietyPack/EpicContent/Meshes/SM_DemoRoomBackWall.uasset" 3111
"C:/Projects/ProjectPal/Content/FXVarietyPack/EpicContent/Meshes/SM_DemoRoomBackWall.uexp" 3112
"C:/Projects/ProjectPal/Content/FXVarietyPack/EpicContent/Meshes/SM_DemoRoomTrim.ubulk" 3113
"C:/Projects/ProjectPal/Content/FXVarietyPack/EpicContent/Meshes/SM_DemoRoomTrim.uasset" 3114
"C:/Projects/ProjectPal/Content/FXVarietyPack/EpicContent/Meshes/SM_DemoRoomTrim.uexp" 3115
"C:/Projects/ProjectPal/Content/FXVarietyPack/EpicContent/Materials/M_DemoWall_Inst_NamePlate.uasset" 3116
"C:/Projects/ProjectPal/Content/FXVarietyPack/EpicContent/Materials/M_DemoWall_Inst_NamePlate.uexp" 3117
"C:/Projects/ProjectPal/Content/FXVarietyPack/EpicContent/Materials/MI_DemoWall_Inst_BaseFloor.uasset" 3118
"C:/Projects/ProjectPal/Content/FXVarietyPack/EpicContent/Materials/MI_DemoWall_Inst_BaseFloor.uexp" 3119
"C:/Projects/ProjectPal/Content/FXVarietyPack/EpicContent/Meshes/SM_DemoRoomU_Hole.ubulk" 3120
"C:/Projects/ProjectPal/Content/FXVarietyPack/EpicContent/Meshes/SM_DemoRoomU_Hole.uasset" 3121
"C:/Projects/ProjectPal/Content/FXVarietyPack/EpicContent/Meshes/SM_DemoRoomU_Hole.uexp" 3122
"C:/Projects/ProjectPal/Content/FXVarietyPack/EpicContent/Meshes/SM_DemoDivider1.ubulk" 3123
"C:/Projects/ProjectPal/Content/FXVarietyPack/EpicContent/Meshes/SM_DemoDivider1.uasset" 3124
"C:/Projects/ProjectPal/Content/FXVarietyPack/EpicContent/Meshes/SM_DemoDivider1.uexp" 3125
"C:/Projects/ProjectPal/Content/FXVarietyPack/EpicContent/Meshes/SM_DemoRoomLTrim.ubulk" 3126
"C:/Projects/ProjectPal/Content/FXVarietyPack/EpicContent/Meshes/SM_DemoRoomLTrim.uasset" 3127
"C:/Projects/ProjectPal/Content/FXVarietyPack/EpicContent/Meshes/SM_DemoRoomLTrim.uexp" 3128
"C:/Projects/ProjectPal/Content/FXVarietyPack/EpicContent/Blueprints/BP_DemoRoom_Enum.uasset" 3129
"C:/Projects/ProjectPal/Content/FXVarietyPack/EpicContent/Blueprints/BP_DemoRoom_Enum.uexp" 3130
"C:/Projects/ProjectPal/Content/FXVarietyPack/EpicContent/Meshes/SM_DemoRoomTrimAdd.ubulk" 3131
"C:/Projects/ProjectPal/Content/FXVarietyPack/EpicContent/Meshes/SM_DemoRoomTrimAdd.uasset" 3132
"C:/Projects/ProjectPal/Content/FXVarietyPack/EpicContent/Meshes/SM_DemoRoomTrimAdd.uexp" 3133
"C:/Projects/ProjectPal/Content/FXVarietyPack/EpicContent/Materials/M_DefaultTextMaterialTranslucentUnlit.uasset" 3134
"C:/Projects/ProjectPal/Content/FXVarietyPack/EpicContent/Materials/M_DefaultTextMaterialTranslucentUnlit.uexp" 3135
"C:/Projects/ProjectPal/Content/FXVarietyPack/EpicContent/Meshes/SM_DemoRoomClamp2.ubulk" 3136
"C:/Projects/ProjectPal/Content/FXVarietyPack/EpicContent/Meshes/SM_DemoRoomClamp2.uasset" 3137
"C:/Projects/ProjectPal/Content/FXVarietyPack/EpicContent/Meshes/SM_DemoRoomClamp2.uexp" 3138
"C:/Projects/ProjectPal/Content/FXVarietyPack/EpicContent/Meshes/SM_DemoRoomClamp.ubulk" 3139
"C:/Projects/ProjectPal/Content/FXVarietyPack/EpicContent/Meshes/SM_DemoRoomClamp.uasset" 3140
"C:/Projects/ProjectPal/Content/FXVarietyPack/EpicContent/Meshes/SM_DemoRoomClamp.uexp" 3141
"C:/Projects/ProjectPal/Content/FXVarietyPack/EpicContent/Meshes/SM_DemoRoomU.ubulk" 3142
"C:/Projects/ProjectPal/Content/FXVarietyPack/EpicContent/Meshes/SM_DemoRoomU.uasset" 3143
"C:/Projects/ProjectPal/Content/FXVarietyPack/EpicContent/Meshes/SM_DemoRoomU.uexp" 3144
"C:/Projects/ProjectPal/Content/FXVarietyPack/EpicContent/Meshes/SM_DemoDivider2.ubulk" 3145
"C:/Projects/ProjectPal/Content/FXVarietyPack/EpicContent/Meshes/SM_DemoDivider2.uasset" 3146
"C:/Projects/ProjectPal/Content/FXVarietyPack/EpicContent/Meshes/SM_DemoDivider2.uexp" 3147
"C:/Projects/ProjectPal/Content/FXVarietyPack/EpicContent/Materials/M_Glass.uasset" 3148
"C:/Projects/ProjectPal/Content/FXVarietyPack/EpicContent/Materials/M_Glass.uexp" 3149
"C:/Projects/ProjectPal/Content/FXVarietyPack/EpicContent/Materials/MI_Glass.uasset" 3150
"C:/Projects/ProjectPal/Content/FXVarietyPack/EpicContent/Materials/MI_Glass.uexp" 3151
"C:/Projects/ProjectPal/Content/FXVarietyPack/EpicContent/Meshes/SM_DemoRoomL.ubulk" 3152
"C:/Projects/ProjectPal/Content/FXVarietyPack/EpicContent/Meshes/SM_DemoRoomL.uasset" 3153
"C:/Projects/ProjectPal/Content/FXVarietyPack/EpicContent/Meshes/SM_DemoRoomL.uexp" 3154
"C:/Projects/ProjectPal/Content/FXVarietyPack/EpicContent/Materials/M_DemoWallPattern_NoText.uasset" 3155
"C:/Projects/ProjectPal/Content/FXVarietyPack/EpicContent/Materials/M_DemoWallPattern_NoText.uexp" 3156
"C:/Projects/ProjectPal/Content/FXVarietyPack/EpicContent/Blueprints/BP_DemoRoom_2.uasset" 3157
"C:/Projects/ProjectPal/Content/FXVarietyPack/EpicContent/Blueprints/BP_DemoRoom_2.uexp" 3158
"C:/Projects/ProjectPal/Content/FXVarietyPack/Blueprints/BP_ky_shotSpawn.uasset" 3159
"C:/Projects/ProjectPal/Content/FXVarietyPack/Blueprints/BP_ky_shotSpawn.uexp" 3160
"C:/Projects/ProjectPal/Content/FXVarietyPack/Materials/MI_ky_storm01_dark_nonD.uasset" 3161
"C:/Projects/ProjectPal/Content/FXVarietyPack/Materials/MI_ky_storm01_dark_nonD.uexp" 3162
"C:/Projects/ProjectPal/Content/FXVarietyPack/Materials/MI_ky_stormDeco01_dark.uasset" 3163
"C:/Projects/ProjectPal/Content/FXVarietyPack/Materials/MI_ky_stormDeco01_dark.uexp" 3164
"C:/Projects/ProjectPal/Content/FXVarietyPack/Materials/MI_ky_storm01_dark.uasset" 3165
"C:/Projects/ProjectPal/Content/FXVarietyPack/Materials/MI_ky_storm01_dark.uexp" 3166
"C:/Projects/ProjectPal/Content/FXVarietyPack/Particles/P_ky_darkStorm.uasset" 3167
"C:/Projects/ProjectPal/Content/FXVarietyPack/Particles/P_ky_darkStorm.uexp" 3168
"C:/Projects/ProjectPal/Content/FXVarietyPack/Blueprints/BP_ky_darkStorm.uasset" 3169
"C:/Projects/ProjectPal/Content/FXVarietyPack/Blueprints/BP_ky_darkStorm.uexp" 3170
"C:/Projects/ProjectPal/Content/FXVarietyPack/Textures/T_ky_aura011_4x4.ubulk" 3171
"C:/Projects/ProjectPal/Content/FXVarietyPack/Textures/T_ky_aura011_4x4.uasset" 3172
"C:/Projects/ProjectPal/Content/FXVarietyPack/Textures/T_ky_aura011_4x4.uexp" 3173
"C:/Projects/ProjectPal/Content/FXVarietyPack/Materials/MI_ky_aura011_4x4_nonD.uasset" 3174
"C:/Projects/ProjectPal/Content/FXVarietyPack/Materials/MI_ky_aura011_4x4_nonD.uexp" 3175
"C:/Projects/ProjectPal/Content/FXVarietyPack/Meshes/SM_ky_cylinder_lowPoly_dist.ubulk" 3176
"C:/Projects/ProjectPal/Content/FXVarietyPack/Meshes/SM_ky_cylinder_lowPoly_dist.uasset" 3177
"C:/Projects/ProjectPal/Content/FXVarietyPack/Meshes/SM_ky_cylinder_lowPoly_dist.uexp" 3178
"C:/Projects/ProjectPal/Content/FXVarietyPack/Textures/T_ky_noise13_sml_nor.ubulk" 3179
"C:/Projects/ProjectPal/Content/FXVarietyPack/Textures/T_ky_noise13_sml_nor.uasset" 3180
"C:/Projects/ProjectPal/Content/FXVarietyPack/Textures/T_ky_noise13_sml_nor.uexp" 3181
"C:/Projects/ProjectPal/Content/FXVarietyPack/Textures/T_ky_smoke03.uasset" 3182
"C:/Projects/ProjectPal/Content/FXVarietyPack/Textures/T_ky_smoke03.uexp" 3183
"C:/Projects/ProjectPal/Content/FXVarietyPack/Materials/M_ky_auraWall02.uasset" 3184
"C:/Projects/ProjectPal/Content/FXVarietyPack/Materials/M_ky_auraWall02.uexp" 3185
"C:/Projects/ProjectPal/Content/FXVarietyPack/Materials/MI_ky_auraWall02_two.uasset" 3186
"C:/Projects/ProjectPal/Content/FXVarietyPack/Materials/MI_ky_auraWall02_two.uexp" 3187
"C:/Projects/ProjectPal/Content/FXVarietyPack/Materials/MI_ky_aura011_4x4.uasset" 3188
"C:/Projects/ProjectPal/Content/FXVarietyPack/Materials/MI_ky_aura011_4x4.uexp" 3189
"C:/Projects/ProjectPal/Content/FXVarietyPack/Textures/T_ky_auraWallWhite_4x4.ubulk" 3190
"C:/Projects/ProjectPal/Content/FXVarietyPack/Textures/T_ky_auraWallWhite_4x4.uasset" 3191
"C:/Projects/ProjectPal/Content/FXVarietyPack/Textures/T_ky_auraWallWhite_4x4.uexp" 3192
"C:/Projects/ProjectPal/Content/FXVarietyPack/Textures/T_ky_maskCircle.ubulk" 3193
"C:/Projects/ProjectPal/Content/FXVarietyPack/Textures/T_ky_maskCircle.uasset" 3194
"C:/Projects/ProjectPal/Content/FXVarietyPack/Textures/T_ky_maskCircle.uexp" 3195
"C:/Projects/ProjectPal/Content/FXVarietyPack/Materials/M_ky_base_anime.uasset" 3196
"C:/Projects/ProjectPal/Content/FXVarietyPack/Materials/M_ky_base_anime.uexp" 3197
"C:/Projects/ProjectPal/Content/FXVarietyPack/Textures/T_ky_circle9_4x4.ubulk" 3198
"C:/Projects/ProjectPal/Content/FXVarietyPack/Textures/T_ky_circle9_4x4.uasset" 3199
"C:/Projects/ProjectPal/Content/FXVarietyPack/Textures/T_ky_circle9_4x4.uexp" 3200
"C:/Projects/ProjectPal/Content/FXVarietyPack/Materials/MI_ky_circle9_4x4c2.uasset" 3201
"C:/Projects/ProjectPal/Content/FXVarietyPack/Materials/MI_ky_circle9_4x4c2.uexp" 3202
"C:/Projects/ProjectPal/Content/FXVarietyPack/Meshes/SM_ky_auraWall_distB_kai.ubulk" 3203
"C:/Projects/ProjectPal/Content/FXVarietyPack/Meshes/SM_ky_auraWall_distB_kai.uasset" 3204
"C:/Projects/ProjectPal/Content/FXVarietyPack/Meshes/SM_ky_auraWall_distB_kai.uexp" 3205
"C:/Projects/ProjectPal/Content/FXVarietyPack/Meshes/SM_ky_cylinder_superLow.ubulk" 3206
"C:/Projects/ProjectPal/Content/FXVarietyPack/Meshes/SM_ky_cylinder_superLow.uasset" 3207
"C:/Projects/ProjectPal/Content/FXVarietyPack/Meshes/SM_ky_cylinder_superLow.uexp" 3208
"C:/Projects/ProjectPal/Content/FXVarietyPack/Textures/T_ky_dust01_4x4.ubulk" 3209
"C:/Projects/ProjectPal/Content/FXVarietyPack/Textures/T_ky_dust01_4x4.uasset" 3210
"C:/Projects/ProjectPal/Content/FXVarietyPack/Textures/T_ky_dust01_4x4.uexp" 3211
"C:/Projects/ProjectPal/Content/FXVarietyPack/Materials/Mfunction/MF_ky_UVcontrol_4x4.uasset" 3212
"C:/Projects/ProjectPal/Content/FXVarietyPack/Materials/Mfunction/MF_ky_UVcontrol_4x4.uexp" 3213
"C:/Projects/ProjectPal/Content/FXVarietyPack/Materials/M_ky_dust01_4x4.uasset" 3214
"C:/Projects/ProjectPal/Content/FXVarietyPack/Materials/M_ky_dust01_4x4.uexp" 3215
"C:/Projects/ProjectPal/Content/FXVarietyPack/Materials/MI_ky_starDust_dis.uasset" 3216
"C:/Projects/ProjectPal/Content/FXVarietyPack/Materials/MI_ky_starDust_dis.uexp" 3217
"C:/Projects/ProjectPal/Content/FXVarietyPack/Particles/P_ky_healAura.uasset" 3218
"C:/Projects/ProjectPal/Content/FXVarietyPack/Particles/P_ky_healAura.uexp" 3219
"C:/Projects/ProjectPal/Content/FXVarietyPack/Blueprints/BP_ky_healAura.uasset" 3220
"C:/Projects/ProjectPal/Content/FXVarietyPack/Blueprints/BP_ky_healAura.uexp" 3221
"C:/Projects/ProjectPal/Content/FXVarietyPack/Textures/T_ky_circleDust.ubulk" 3222
"C:/Projects/ProjectPal/Content/FXVarietyPack/Textures/T_ky_circleDust.uasset" 3223
"C:/Projects/ProjectPal/Content/FXVarietyPack/Textures/T_ky_circleDust.uexp" 3224
"C:/Projects/ProjectPal/Content/FXVarietyPack/Materials/M_ky_base.uasset" 3225
"C:/Projects/ProjectPal/Content/FXVarietyPack/Materials/M_ky_base.uexp" 3226
"C:/Projects/ProjectPal/Content/FXVarietyPack/Materials/MI_ky_circleDust.uasset" 3227
"C:/Projects/ProjectPal/Content/FXVarietyPack/Materials/MI_ky_circleDust.uexp" 3228
"C:/Projects/ProjectPal/Content/FXVarietyPack/Textures/T_ky_circle01_4x4.ubulk" 3229
"C:/Projects/ProjectPal/Content/FXVarietyPack/Textures/T_ky_circle01_4x4.uasset" 3230
"C:/Projects/ProjectPal/Content/FXVarietyPack/Textures/T_ky_circle01_4x4.uexp" 3231
"C:/Projects/ProjectPal/Content/FXVarietyPack/Materials/M_ky_circle01_4x4G_nonD.uasset" 3232
"C:/Projects/ProjectPal/Content/FXVarietyPack/Materials/M_ky_circle01_4x4G_nonD.uexp" 3233
"C:/Projects/ProjectPal/Content/FXVarietyPack/Textures/T_ky_magicCircle020.ubulk" 3234
"C:/Projects/ProjectPal/Content/FXVarietyPack/Textures/T_ky_magicCircle020.uasset" 3235
"C:/Projects/ProjectPal/Content/FXVarietyPack/Textures/T_ky_magicCircle020.uexp" 3236
"C:/Projects/ProjectPal/Content/FXVarietyPack/Materials/M_ky_magicCircle020.uasset" 3237
"C:/Projects/ProjectPal/Content/FXVarietyPack/Materials/M_ky_magicCircle020.uexp" 3238
"C:/Projects/ProjectPal/Content/FXVarietyPack/Textures/T_ky_chantDecoC.ubulk" 3239
"C:/Projects/ProjectPal/Content/FXVarietyPack/Textures/T_ky_chantDecoC.uasset" 3240
"C:/Projects/ProjectPal/Content/FXVarietyPack/Textures/T_ky_chantDecoC.uexp" 3241
"C:/Projects/ProjectPal/Content/FXVarietyPack/Materials/M_ky_chantDecoA.uasset" 3242
"C:/Projects/ProjectPal/Content/FXVarietyPack/Materials/M_ky_chantDecoA.uexp" 3243
"C:/Projects/ProjectPal/Content/FXVarietyPack/Materials/MI_ky_chantDecoAc.uasset" 3244
"C:/Projects/ProjectPal/Content/FXVarietyPack/Materials/MI_ky_chantDecoAc.uexp" 3245
"C:/Projects/ProjectPal/Content/FXVarietyPack/Meshes/SM_ky_cylinderBend07.ubulk" 3246
"C:/Projects/ProjectPal/Content/FXVarietyPack/Meshes/SM_ky_cylinderBend07.uasset" 3247
"C:/Projects/ProjectPal/Content/FXVarietyPack/Meshes/SM_ky_cylinderBend07.uexp" 3248
"C:/Projects/ProjectPal/Content/FXVarietyPack/Textures/T_ky_noise.ubulk" 3249
"C:/Projects/ProjectPal/Content/FXVarietyPack/Textures/T_ky_noise.uasset" 3250
"C:/Projects/ProjectPal/Content/FXVarietyPack/Textures/T_ky_noise.uexp" 3251
"C:/Projects/ProjectPal/Content/FXVarietyPack/Materials/M_ky_Fresnel.uasset" 3252
"C:/Projects/ProjectPal/Content/FXVarietyPack/Materials/M_ky_Fresnel.uexp" 3253
"C:/Projects/ProjectPal/Content/FXVarietyPack/Particles/P_ky_magicCircle1.uasset" 3254
"C:/Projects/ProjectPal/Content/FXVarietyPack/Particles/P_ky_magicCircle1.uexp" 3255
"C:/Projects/ProjectPal/Content/FXVarietyPack/Blueprints/BP_ky_magicCircle1.uasset" 3256
"C:/Projects/ProjectPal/Content/FXVarietyPack/Blueprints/BP_ky_magicCircle1.uexp" 3257
"C:/Projects/ProjectPal/Content/FXVarietyPack/EpicContent/Blueprints/BP_DemoDisplay_Enum.uasset" 3258
"C:/Projects/ProjectPal/Content/FXVarietyPack/EpicContent/Blueprints/BP_DemoDisplay_Enum.uexp" 3259
"C:/Projects/ProjectPal/Content/FXVarietyPack/EpicContent/Meshes/SM_Base.ubulk" 3260
"C:/Projects/ProjectPal/Content/FXVarietyPack/EpicContent/Meshes/SM_Base.uasset" 3261
"C:/Projects/ProjectPal/Content/FXVarietyPack/EpicContent/Meshes/SM_Base.uexp" 3262
"C:/Projects/ProjectPal/Content/FXVarietyPack/EpicContent/Meshes/SM_BaseRoom.ubulk" 3263
"C:/Projects/ProjectPal/Content/FXVarietyPack/EpicContent/Meshes/SM_BaseRoom.uasset" 3264
"C:/Projects/ProjectPal/Content/FXVarietyPack/EpicContent/Meshes/SM_BaseRoom.uexp" 3265
"C:/Projects/ProjectPal/Content/FXVarietyPack/EpicContent/Meshes/SM_NamePlate.ubulk" 3266
"C:/Projects/ProjectPal/Content/FXVarietyPack/EpicContent/Meshes/SM_NamePlate.uasset" 3267
"C:/Projects/ProjectPal/Content/FXVarietyPack/EpicContent/Meshes/SM_NamePlate.uexp" 3268
"C:/Projects/ProjectPal/Content/FXVarietyPack/EpicContent/Meshes/SM_Base2.ubulk" 3269
"C:/Projects/ProjectPal/Content/FXVarietyPack/EpicContent/Meshes/SM_Base2.uasset" 3270
"C:/Projects/ProjectPal/Content/FXVarietyPack/EpicContent/Meshes/SM_Base2.uexp" 3271
"C:/Projects/ProjectPal/Content/FXVarietyPack/EpicContent/Meshes/SM_Base_FlatWall.ubulk" 3272
"C:/Projects/ProjectPal/Content/FXVarietyPack/EpicContent/Meshes/SM_Base_FlatWall.uasset" 3273
"C:/Projects/ProjectPal/Content/FXVarietyPack/EpicContent/Meshes/SM_Base_FlatWall.uexp" 3274
"C:/Projects/ProjectPal/Content/FXVarietyPack/EpicContent/Blueprints/BP_DemoDisplay_2.uasset" 3275
"C:/Projects/ProjectPal/Content/FXVarietyPack/EpicContent/Blueprints/BP_DemoDisplay_2.uexp" 3276
"../../../Engine/Content/BasicShapes/BasicShapeMaterial.uasset" 3277
"../../../Engine/Content/BasicShapes/BasicShapeMaterial.uexp" 3278
"C:/Projects/ProjectPal/Content/FXVarietyPack/Blueprints/BP_ky_ThunderBallHit.uasset" 3279
"C:/Projects/ProjectPal/Content/FXVarietyPack/Blueprints/BP_ky_ThunderBallHit.uexp" 3280
"C:/Projects/ProjectPal/Content/FXVarietyPack/Blueprints/BP_ky_waterBallHit.uasset" 3281
"C:/Projects/ProjectPal/Content/FXVarietyPack/Blueprints/BP_ky_waterBallHit.uexp" 3282
"C:/Projects/ProjectPal/Content/FXVarietyPack/Textures/T_ky_shockWave03_4x4.ubulk" 3283
"C:/Projects/ProjectPal/Content/FXVarietyPack/Textures/T_ky_shockWave03_4x4.uasset" 3284
"C:/Projects/ProjectPal/Content/FXVarietyPack/Textures/T_ky_shockWave03_4x4.uexp" 3285
"C:/Projects/ProjectPal/Content/FXVarietyPack/Materials/M_ky_shockWave03_4x4.uasset" 3286
"C:/Projects/ProjectPal/Content/FXVarietyPack/Materials/M_ky_shockWave03_4x4.uexp" 3287
"C:/Projects/ProjectPal/Content/FXVarietyPack/Materials/MI_ky_shockWave03g_4x4.uasset" 3288
"C:/Projects/ProjectPal/Content/FXVarietyPack/Materials/MI_ky_shockWave03g_4x4.uexp" 3289
"C:/Projects/ProjectPal/Content/FXVarietyPack/Materials/MI_ky_storm01_thunder_nonD.uasset" 3290
"C:/Projects/ProjectPal/Content/FXVarietyPack/Materials/MI_ky_storm01_thunder_nonD.uexp" 3291
"C:/Projects/ProjectPal/Content/FXVarietyPack/Materials/M_ky_thunderForBeam.uasset" 3292
"C:/Projects/ProjectPal/Content/FXVarietyPack/Materials/M_ky_thunderForBeam.uexp" 3293
"C:/Projects/ProjectPal/Content/FXVarietyPack/Materials/MI_ky_storm01_thunder.uasset" 3294
"C:/Projects/ProjectPal/Content/FXVarietyPack/Materials/MI_ky_storm01_thunder.uexp" 3295
"C:/Projects/ProjectPal/Content/FXVarietyPack/Particles/P_ky_thunderStorm.uasset" 3296
"C:/Projects/ProjectPal/Content/FXVarietyPack/Particles/P_ky_thunderStorm.uexp" 3297
"C:/Projects/ProjectPal/Content/FXVarietyPack/Blueprints/BP_ky_thunderStorm.uasset" 3298
"C:/Projects/ProjectPal/Content/FXVarietyPack/Blueprints/BP_ky_thunderStorm.uexp" 3299
"C:/Projects/ProjectPal/Content/FXVarietyPack/Materials/MI_ky_dynDust2.uasset" 3300
"C:/Projects/ProjectPal/Content/FXVarietyPack/Materials/MI_ky_dynDust2.uexp" 3301
"C:/Projects/ProjectPal/Content/FXVarietyPack/Particles/P_ky_lightning3.uasset" 3302
"C:/Projects/ProjectPal/Content/FXVarietyPack/Particles/P_ky_lightning3.uexp" 3303
"C:/Projects/ProjectPal/Content/FXVarietyPack/Blueprints/BP_ky_lightning3.uasset" 3304
"C:/Projects/ProjectPal/Content/FXVarietyPack/Blueprints/BP_ky_lightning3.uexp" 3305
"C:/Projects/ProjectPal/Content/FXVarietyPack/Map/Overview.uexp" 3306
"C:/Projects/ProjectPal/Content/FXVarietyPack/Map/Overview.umap" 3307
"C:/Projects/ProjectPal/Content/Stylized_Nature_Set/Textures/Noise/T_GrassVariation.ubulk" 3308
"C:/Projects/ProjectPal/Content/Stylized_Nature_Set/Textures/Noise/T_GrassVariation.uasset" 3309
"C:/Projects/ProjectPal/Content/Stylized_Nature_Set/Textures/Noise/T_GrassVariation.uexp" 3310
"C:/Projects/ProjectPal/Content/Stylized_Nature_Set/Textures/Noise/T_Win_Line_output.ubulk" 3311
"C:/Projects/ProjectPal/Content/Stylized_Nature_Set/Textures/Noise/T_Win_Line_output.uasset" 3312
"C:/Projects/ProjectPal/Content/Stylized_Nature_Set/Textures/Noise/T_Win_Line_output.uexp" 3313
"../../../Engine/Content/Functions/Engine_MaterialFunctions01/WorldPositionOffset/SimpleGrassWind.uasset" 3314
"../../../Engine/Content/Functions/Engine_MaterialFunctions01/WorldPositionOffset/SimpleGrassWind.uexp" 3315
"C:/Projects/ProjectPal/Content/Stylized_Nature_Set/Materials/Material_Function/MF_Wind_Grass.uasset" 3316
"C:/Projects/ProjectPal/Content/Stylized_Nature_Set/Materials/Material_Function/MF_Wind_Grass.uexp" 3317
"C:/Projects/ProjectPal/Content/Stylized_Nature_Set/Materials/M_Grass_Master.uasset" 3318
"C:/Projects/ProjectPal/Content/Stylized_Nature_Set/Materials/M_Grass_Master.uexp" 3319
"C:/Projects/ProjectPal/Content/Stylized_Nature_Set/Materials/Material_Instance/MI_Grass_001.uasset" 3320
"C:/Projects/ProjectPal/Content/Stylized_Nature_Set/Materials/Material_Instance/MI_Grass_001.uexp" 3321
"C:/Projects/ProjectPal/Content/Stylized_Nature_Set/Mesh/Grass/SM_Grass_001.ubulk" 3322
"C:/Projects/ProjectPal/Content/Stylized_Nature_Set/Mesh/Grass/SM_Grass_001.uasset" 3323
"C:/Projects/ProjectPal/Content/Stylized_Nature_Set/Mesh/Grass/SM_Grass_001.uexp" 3324
"C:/Projects/ProjectPal/Content/Stylized_Nature_Set/Textures/Flowers/T_Flowers_Opacity.ubulk" 3325
"C:/Projects/ProjectPal/Content/Stylized_Nature_Set/Textures/Flowers/T_Flowers_Opacity.uasset" 3326
"C:/Projects/ProjectPal/Content/Stylized_Nature_Set/Textures/Flowers/T_Flowers_Opacity.uexp" 3327
"C:/Projects/ProjectPal/Content/Stylized_Nature_Set/Textures/Flowers/T_Flowers_Maps.ubulk" 3328
"C:/Projects/ProjectPal/Content/Stylized_Nature_Set/Textures/Flowers/T_Flowers_Maps.uasset" 3329
"C:/Projects/ProjectPal/Content/Stylized_Nature_Set/Textures/Flowers/T_Flowers_Maps.uexp" 3330
"C:/Projects/ProjectPal/Content/Stylized_Nature_Set/Materials/M_Flower_Master.uasset" 3331
"C:/Projects/ProjectPal/Content/Stylized_Nature_Set/Materials/M_Flower_Master.uexp" 3332
"C:/Projects/ProjectPal/Content/Stylized_Nature_Set/Materials/Material_Instance/MI_Flowers.uasset" 3333
"C:/Projects/ProjectPal/Content/Stylized_Nature_Set/Materials/Material_Instance/MI_Flowers.uexp" 3334
"C:/Projects/ProjectPal/Content/Stylized_Nature_Set/Mesh/Flowers/SM_Flower_003_2.ubulk" 3335
"C:/Projects/ProjectPal/Content/Stylized_Nature_Set/Mesh/Flowers/SM_Flower_003_2.uasset" 3336
"C:/Projects/ProjectPal/Content/Stylized_Nature_Set/Mesh/Flowers/SM_Flower_003_2.uexp" 3337
"C:/Projects/ProjectPal/Content/Stylized_Nature_Set/Mesh/Flowers/SM_Flower_003_3.ubulk" 3338
"C:/Projects/ProjectPal/Content/Stylized_Nature_Set/Mesh/Flowers/SM_Flower_003_3.uasset" 3339
"C:/Projects/ProjectPal/Content/Stylized_Nature_Set/Mesh/Flowers/SM_Flower_003_3.uexp" 3340
"C:/Projects/ProjectPal/Content/Stylized_Nature_Set/Textures/Wood/T_Wood_ORMH.ubulk" 3341
"C:/Projects/ProjectPal/Content/Stylized_Nature_Set/Textures/Wood/T_Wood_ORMH.uasset" 3342
"C:/Projects/ProjectPal/Content/Stylized_Nature_Set/Textures/Wood/T_Wood_ORMH.uexp" 3343
"C:/Projects/ProjectPal/Content/Stylized_Nature_Set/Textures/Wood/T_Wood_BC.ubulk" 3344
"C:/Projects/ProjectPal/Content/Stylized_Nature_Set/Textures/Wood/T_Wood_BC.uasset" 3345
"C:/Projects/ProjectPal/Content/Stylized_Nature_Set/Textures/Wood/T_Wood_BC.uexp" 3346
"C:/Projects/ProjectPal/Content/Stylized_Nature_Set/Textures/Wood/T_Wood_N.ubulk" 3347
"C:/Projects/ProjectPal/Content/Stylized_Nature_Set/Textures/Wood/T_Wood_N.uasset" 3348
"C:/Projects/ProjectPal/Content/Stylized_Nature_Set/Textures/Wood/T_Wood_N.uexp" 3349
"C:/Projects/ProjectPal/Content/Stylized_Nature_Set/Materials/Material_Instance/MI_Trees.uasset" 3350
"C:/Projects/ProjectPal/Content/Stylized_Nature_Set/Materials/Material_Instance/MI_Trees.uexp" 3351
"C:/Projects/ProjectPal/Content/Stylized_Nature_Set/Textures/Leaves_Masks/T_Leave_001.ubulk" 3352
"C:/Projects/ProjectPal/Content/Stylized_Nature_Set/Textures/Leaves_Masks/T_Leave_001.uasset" 3353
"C:/Projects/ProjectPal/Content/Stylized_Nature_Set/Textures/Leaves_Masks/T_Leave_001.uexp" 3354
"../../../Engine/Content/Functions/Engine_MaterialFunctions02/HueShift.uasset" 3355
"../../../Engine/Content/Functions/Engine_MaterialFunctions02/HueShift.uexp" 3356
"C:/Projects/ProjectPal/Content/Stylized_Nature_Set/Materials/M_Leaves_Master.uasset" 3357
"C:/Projects/ProjectPal/Content/Stylized_Nature_Set/Materials/M_Leaves_Master.uexp" 3358
"C:/Projects/ProjectPal/Content/Stylized_Nature_Set/Materials/Material_Instance/MI_Tree_Leave_003.uasset" 3359
"C:/Projects/ProjectPal/Content/Stylized_Nature_Set/Materials/Material_Instance/MI_Tree_Leave_003.uexp" 3360
"C:/Projects/ProjectPal/Content/Stylized_Nature_Set/Mesh/Trees/SM_Tree_003.ubulk" 3361
"C:/Projects/ProjectPal/Content/Stylized_Nature_Set/Mesh/Trees/SM_Tree_003.uasset" 3362
"C:/Projects/ProjectPal/Content/Stylized_Nature_Set/Mesh/Trees/SM_Tree_003.uexp" 3363
"C:/Projects/ProjectPal/Content/Stylized_Nature_Set/Materials/Material_Instance/MI_Shrub_Leaves.uasset" 3364
"C:/Projects/ProjectPal/Content/Stylized_Nature_Set/Materials/Material_Instance/MI_Shrub_Leaves.uexp" 3365
"C:/Projects/ProjectPal/Content/Stylized_Nature_Set/Mesh/Shrubs/SM_Shrub_003.ubulk" 3366
"C:/Projects/ProjectPal/Content/Stylized_Nature_Set/Mesh/Shrubs/SM_Shrub_003.uasset" 3367
"C:/Projects/ProjectPal/Content/Stylized_Nature_Set/Mesh/Shrubs/SM_Shrub_003.uexp" 3368
"C:/Projects/ProjectPal/Content/Stylized_Nature_Set/Mesh/Flowers/SM_Flower_002_2.ubulk" 3369
"C:/Projects/ProjectPal/Content/Stylized_Nature_Set/Mesh/Flowers/SM_Flower_002_2.uasset" 3370
"C:/Projects/ProjectPal/Content/Stylized_Nature_Set/Mesh/Flowers/SM_Flower_002_2.uexp" 3371
"C:/Projects/ProjectPal/Content/Stylized_Nature_Set/Mesh/Flowers/SM_Flower_002_3.ubulk" 3372
"C:/Projects/ProjectPal/Content/Stylized_Nature_Set/Mesh/Flowers/SM_Flower_002_3.uasset" 3373
"C:/Projects/ProjectPal/Content/Stylized_Nature_Set/Mesh/Flowers/SM_Flower_002_3.uexp" 3374
"C:/Projects/ProjectPal/Content/Stylized_Nature_Set/Mesh/Flowers/SM_Flower_010.ubulk" 3375
"C:/Projects/ProjectPal/Content/Stylized_Nature_Set/Mesh/Flowers/SM_Flower_010.uasset" 3376
"C:/Projects/ProjectPal/Content/Stylized_Nature_Set/Mesh/Flowers/SM_Flower_010.uexp" 3377
"C:/Projects/ProjectPal/Content/Stylized_Nature_Set/Materials/Material_Instance/MI_Tree_Leave_001.uasset" 3378
"C:/Projects/ProjectPal/Content/Stylized_Nature_Set/Materials/Material_Instance/MI_Tree_Leave_001.uexp" 3379
"C:/Projects/ProjectPal/Content/Stylized_Nature_Set/Mesh/Trees/SM_Tree_001.ubulk" 3380
"C:/Projects/ProjectPal/Content/Stylized_Nature_Set/Mesh/Trees/SM_Tree_001.uasset" 3381
"C:/Projects/ProjectPal/Content/Stylized_Nature_Set/Mesh/Trees/SM_Tree_001.uexp" 3382
"C:/Projects/ProjectPal/Content/Stylized_Nature_Set/Textures/Mossy/T_Mossy_BC.ubulk" 3383
"C:/Projects/ProjectPal/Content/Stylized_Nature_Set/Textures/Mossy/T_Mossy_BC.uasset" 3384
"C:/Projects/ProjectPal/Content/Stylized_Nature_Set/Textures/Mossy/T_Mossy_BC.uexp" 3385
"C:/Projects/ProjectPal/Content/Stylized_Nature_Set/Textures/Rocks/T_Rock_005_BC.ubulk" 3386
"C:/Projects/ProjectPal/Content/Stylized_Nature_Set/Textures/Rocks/T_Rock_005_BC.uasset" 3387
"C:/Projects/ProjectPal/Content/Stylized_Nature_Set/Textures/Rocks/T_Rock_005_BC.uexp" 3388
"C:/Projects/ProjectPal/Content/Stylized_Nature_Set/Textures/Rocks/T_Rock_005_ORM.ubulk" 3389
"C:/Projects/ProjectPal/Content/Stylized_Nature_Set/Textures/Rocks/T_Rock_005_ORM.uasset" 3390
"C:/Projects/ProjectPal/Content/Stylized_Nature_Set/Textures/Rocks/T_Rock_005_ORM.uexp" 3391
"C:/Projects/ProjectPal/Content/Stylized_Nature_Set/Textures/Rocks/T_Rock_005_N.ubulk" 3392
"C:/Projects/ProjectPal/Content/Stylized_Nature_Set/Textures/Rocks/T_Rock_005_N.uasset" 3393
"C:/Projects/ProjectPal/Content/Stylized_Nature_Set/Textures/Rocks/T_Rock_005_N.uexp" 3394
"C:/Projects/ProjectPal/Content/Stylized_Nature_Set/Materials/Material_Instance/MI_Rock_005.uasset" 3395
"C:/Projects/ProjectPal/Content/Stylized_Nature_Set/Materials/Material_Instance/MI_Rock_005.uexp" 3396
"C:/Projects/ProjectPal/Content/Stylized_Nature_Set/Mesh/Rocks/SM_Rock_005.ubulk" 3397
"C:/Projects/ProjectPal/Content/Stylized_Nature_Set/Mesh/Rocks/SM_Rock_005.uasset" 3398
"C:/Projects/ProjectPal/Content/Stylized_Nature_Set/Mesh/Rocks/SM_Rock_005.uexp" 3399
"C:/Projects/ProjectPal/Content/Stylized_Nature_Set/Mesh/Flowers/SM_Flower_009_1.ubulk" 3400
"C:/Projects/ProjectPal/Content/Stylized_Nature_Set/Mesh/Flowers/SM_Flower_009_1.uasset" 3401
"C:/Projects/ProjectPal/Content/Stylized_Nature_Set/Mesh/Flowers/SM_Flower_009_1.uexp" 3402
"C:/Projects/ProjectPal/Content/Stylized_Nature_Set/Mesh/Flowers/SM_Flower_009_2.ubulk" 3403
"C:/Projects/ProjectPal/Content/Stylized_Nature_Set/Mesh/Flowers/SM_Flower_009_2.uasset" 3404
"C:/Projects/ProjectPal/Content/Stylized_Nature_Set/Mesh/Flowers/SM_Flower_009_2.uexp" 3405
"C:/Projects/ProjectPal/Content/Stylized_Nature_Set/Mesh/Shrubs/SM_Shrub_001.ubulk" 3406
"C:/Projects/ProjectPal/Content/Stylized_Nature_Set/Mesh/Shrubs/SM_Shrub_001.uasset" 3407
"C:/Projects/ProjectPal/Content/Stylized_Nature_Set/Mesh/Shrubs/SM_Shrub_001.uexp" 3408
"C:/Projects/ProjectPal/Content/Stylized_Nature_Set/Textures/Leaves_Masks/T_Small_Leave_001.uasset" 3409
"C:/Projects/ProjectPal/Content/Stylized_Nature_Set/Textures/Leaves_Masks/T_Small_Leave_001.uexp" 3410
"C:/Projects/ProjectPal/Content/Stylized_Nature_Set/Materials/M_Failling_Leave.uasset" 3411
"C:/Projects/ProjectPal/Content/Stylized_Nature_Set/Materials/M_Failling_Leave.uexp" 3412
"C:/Projects/ProjectPal/Content/Stylized_Nature_Set/Materials/Material_Instance/MI_BigTree_Leaves.uasset" 3413
"C:/Projects/ProjectPal/Content/Stylized_Nature_Set/Materials/Material_Instance/MI_BigTree_Leaves.uexp" 3414
"C:/Projects/ProjectPal/Content/Stylized_Nature_Set/Mesh/Leave/SM_Leave_Big_FX.ubulk" 3415
"C:/Projects/ProjectPal/Content/Stylized_Nature_Set/Mesh/Leave/SM_Leave_Big_FX.uasset" 3416
"C:/Projects/ProjectPal/Content/Stylized_Nature_Set/Mesh/Leave/SM_Leave_Big_FX.uexp" 3417
"C:/Projects/ProjectPal/Content/Stylized_Nature_Set/FX/NS_Falling_Leaves.uasset" 3418
"C:/Projects/ProjectPal/Content/Stylized_Nature_Set/FX/NS_Falling_Leaves.uexp" 3419
"C:/Projects/ProjectPal/Content/Stylized_Nature_Set/Textures/Sign/T_Sign_N.ubulk" 3420
"C:/Projects/ProjectPal/Content/Stylized_Nature_Set/Textures/Sign/T_Sign_N.uasset" 3421
"C:/Projects/ProjectPal/Content/Stylized_Nature_Set/Textures/Sign/T_Sign_N.uexp" 3422
"C:/Projects/ProjectPal/Content/Stylized_Nature_Set/Textures/Default/T_Default_E.ubulk" 3423
"C:/Projects/ProjectPal/Content/Stylized_Nature_Set/Textures/Default/T_Default_E.uasset" 3424
"C:/Projects/ProjectPal/Content/Stylized_Nature_Set/Textures/Default/T_Default_E.uexp" 3425
"C:/Projects/ProjectPal/Content/Stylized_Nature_Set/Materials/Material_Function/MF_Props_Layer.uasset" 3426
"C:/Projects/ProjectPal/Content/Stylized_Nature_Set/Materials/Material_Function/MF_Props_Layer.uexp" 3427
"C:/Projects/ProjectPal/Content/Stylized_Nature_Set/Materials/M_Props_Master.uasset" 3428
"C:/Projects/ProjectPal/Content/Stylized_Nature_Set/Materials/M_Props_Master.uexp" 3429
"C:/Projects/ProjectPal/Content/Stylized_Nature_Set/Textures/Sign/T_Sign_ORM.ubulk" 3430
"C:/Projects/ProjectPal/Content/Stylized_Nature_Set/Textures/Sign/T_Sign_ORM.uasset" 3431
"C:/Projects/ProjectPal/Content/Stylized_Nature_Set/Textures/Sign/T_Sign_ORM.uexp" 3432
"C:/Projects/ProjectPal/Content/Stylized_Nature_Set/Textures/Sign/T_Sign_BC.ubulk" 3433
"C:/Projects/ProjectPal/Content/Stylized_Nature_Set/Textures/Sign/T_Sign_BC.uasset" 3434
"C:/Projects/ProjectPal/Content/Stylized_Nature_Set/Textures/Sign/T_Sign_BC.uexp" 3435
"C:/Projects/ProjectPal/Content/Stylized_Nature_Set/Materials/Material_Instance/MI_Sign.uasset" 3436
"C:/Projects/ProjectPal/Content/Stylized_Nature_Set/Materials/Material_Instance/MI_Sign.uexp" 3437
"C:/Projects/ProjectPal/Content/Stylized_Nature_Set/Mesh/Sign/SM_Sign.ubulk" 3438
"C:/Projects/ProjectPal/Content/Stylized_Nature_Set/Mesh/Sign/SM_Sign.uasset" 3439
"C:/Projects/ProjectPal/Content/Stylized_Nature_Set/Mesh/Sign/SM_Sign.uexp" 3440
"C:/Projects/ProjectPal/Content/Stylized_Nature_Set/Materials/Material_Instance/MI_Green_leaves.uasset" 3441
"C:/Projects/ProjectPal/Content/Stylized_Nature_Set/Materials/Material_Instance/MI_Green_leaves.uexp" 3442
"C:/Projects/ProjectPal/Content/Stylized_Nature_Set/FX/NS_wind_Leaves_Green.uasset" 3443
"C:/Projects/ProjectPal/Content/Stylized_Nature_Set/FX/NS_wind_Leaves_Green.uexp" 3444
"C:/Projects/ProjectPal/Content/Stylized_Nature_Set/FX/NS_wind_Leaves.uasset" 3445
"C:/Projects/ProjectPal/Content/Stylized_Nature_Set/FX/NS_wind_Leaves.uexp" 3446
"C:/Projects/ProjectPal/Content/Stylized_Nature_Set/Textures/Rocks/T_Rock_001_N.ubulk" 3447
"C:/Projects/ProjectPal/Content/Stylized_Nature_Set/Textures/Rocks/T_Rock_001_N.uasset" 3448
"C:/Projects/ProjectPal/Content/Stylized_Nature_Set/Textures/Rocks/T_Rock_001_N.uexp" 3449
"C:/Projects/ProjectPal/Content/Stylized_Nature_Set/Textures/Rocks/T_Rock_001_ORM.ubulk" 3450
"C:/Projects/ProjectPal/Content/Stylized_Nature_Set/Textures/Rocks/T_Rock_001_ORM.uasset" 3451
"C:/Projects/ProjectPal/Content/Stylized_Nature_Set/Textures/Rocks/T_Rock_001_ORM.uexp" 3452
"C:/Projects/ProjectPal/Content/Stylized_Nature_Set/Textures/Rocks/T_Rock_001_BC.ubulk" 3453
"C:/Projects/ProjectPal/Content/Stylized_Nature_Set/Textures/Rocks/T_Rock_001_BC.uasset" 3454
"C:/Projects/ProjectPal/Content/Stylized_Nature_Set/Textures/Rocks/T_Rock_001_BC.uexp" 3455
"C:/Projects/ProjectPal/Content/Stylized_Nature_Set/Materials/Material_Instance/MI_Rock_001.uasset" 3456
"C:/Projects/ProjectPal/Content/Stylized_Nature_Set/Materials/Material_Instance/MI_Rock_001.uexp" 3457
"C:/Projects/ProjectPal/Content/Stylized_Nature_Set/Mesh/Rocks/SM_Rock_003.ubulk" 3458
"C:/Projects/ProjectPal/Content/Stylized_Nature_Set/Mesh/Rocks/SM_Rock_003.uasset" 3459
"C:/Projects/ProjectPal/Content/Stylized_Nature_Set/Mesh/Rocks/SM_Rock_003.uexp" 3460
"C:/Projects/ProjectPal/Content/Stylized_Nature_Set/Materials/Material_Instance/MI_Rock_009_Snow.uasset" 3461
"C:/Projects/ProjectPal/Content/Stylized_Nature_Set/Materials/Material_Instance/MI_Rock_009_Snow.uexp" 3462
"C:/Projects/ProjectPal/Content/Stylized_Nature_Set/Mesh/Rocks/SM_Rock_009.ubulk" 3463
"C:/Projects/ProjectPal/Content/Stylized_Nature_Set/Mesh/Rocks/SM_Rock_009.uasset" 3464
"C:/Projects/ProjectPal/Content/Stylized_Nature_Set/Mesh/Rocks/SM_Rock_009.uexp" 3465
"C:/Projects/ProjectPal/Content/Stylized_Nature_Set/Mesh/Shrubs/SM_Shrub_002.ubulk" 3466
"C:/Projects/ProjectPal/Content/Stylized_Nature_Set/Mesh/Shrubs/SM_Shrub_002.uasset" 3467
"C:/Projects/ProjectPal/Content/Stylized_Nature_Set/Mesh/Shrubs/SM_Shrub_002.uexp" 3468
"C:/Projects/ProjectPal/Content/Stylized_Nature_Set/Mesh/Flowers/SM_Flower_001_2.ubulk" 3469
"C:/Projects/ProjectPal/Content/Stylized_Nature_Set/Mesh/Flowers/SM_Flower_001_2.uasset" 3470
"C:/Projects/ProjectPal/Content/Stylized_Nature_Set/Mesh/Flowers/SM_Flower_001_2.uexp" 3471
"C:/Projects/ProjectPal/Content/Stylized_Nature_Set/Mesh/Flowers/SM_Flower_001_3.ubulk" 3472
"C:/Projects/ProjectPal/Content/Stylized_Nature_Set/Mesh/Flowers/SM_Flower_001_3.uasset" 3473
"C:/Projects/ProjectPal/Content/Stylized_Nature_Set/Mesh/Flowers/SM_Flower_001_3.uexp" 3474
"C:/Projects/ProjectPal/Content/Stylized_Nature_Set/Textures/Rocks/T_Rock_010_BC.ubulk" 3475
"C:/Projects/ProjectPal/Content/Stylized_Nature_Set/Textures/Rocks/T_Rock_010_BC.uasset" 3476
"C:/Projects/ProjectPal/Content/Stylized_Nature_Set/Textures/Rocks/T_Rock_010_BC.uexp" 3477
"C:/Projects/ProjectPal/Content/Stylized_Nature_Set/Textures/Rocks/T_Rock_010_N.ubulk" 3478
"C:/Projects/ProjectPal/Content/Stylized_Nature_Set/Textures/Rocks/T_Rock_010_N.uasset" 3479
"C:/Projects/ProjectPal/Content/Stylized_Nature_Set/Textures/Rocks/T_Rock_010_N.uexp" 3480
"C:/Projects/ProjectPal/Content/Stylized_Nature_Set/Materials/Material_Instance/MI_Rock_010.uasset" 3481
"C:/Projects/ProjectPal/Content/Stylized_Nature_Set/Materials/Material_Instance/MI_Rock_010.uexp" 3482
"C:/Projects/ProjectPal/Content/Stylized_Nature_Set/Mesh/Rocks/SM_Rock_010.ubulk" 3483
"C:/Projects/ProjectPal/Content/Stylized_Nature_Set/Mesh/Rocks/SM_Rock_010.uasset" 3484
"C:/Projects/ProjectPal/Content/Stylized_Nature_Set/Mesh/Rocks/SM_Rock_010.uexp" 3485
"C:/Projects/ProjectPal/Content/Stylized_Nature_Set/Mesh/Flowers/SM_Flower_007_1.ubulk" 3486
"C:/Projects/ProjectPal/Content/Stylized_Nature_Set/Mesh/Flowers/SM_Flower_007_1.uasset" 3487
"C:/Projects/ProjectPal/Content/Stylized_Nature_Set/Mesh/Flowers/SM_Flower_007_1.uexp" 3488
"C:/Projects/ProjectPal/Content/Stylized_Nature_Set/Mesh/Flowers/SM_Flower_007_2.ubulk" 3489
"C:/Projects/ProjectPal/Content/Stylized_Nature_Set/Mesh/Flowers/SM_Flower_007_2.uasset" 3490
"C:/Projects/ProjectPal/Content/Stylized_Nature_Set/Mesh/Flowers/SM_Flower_007_2.uexp" 3491
"C:/Projects/ProjectPal/Content/Stylized_Nature_Set/Textures/Fence/T_Fence_002_N.ubulk" 3492
"C:/Projects/ProjectPal/Content/Stylized_Nature_Set/Textures/Fence/T_Fence_002_N.uasset" 3493
"C:/Projects/ProjectPal/Content/Stylized_Nature_Set/Textures/Fence/T_Fence_002_N.uexp" 3494
"C:/Projects/ProjectPal/Content/Stylized_Nature_Set/Textures/Fence/T_Fence_002_BC.ubulk" 3495
"C:/Projects/ProjectPal/Content/Stylized_Nature_Set/Textures/Fence/T_Fence_002_BC.uasset" 3496
"C:/Projects/ProjectPal/Content/Stylized_Nature_Set/Textures/Fence/T_Fence_002_BC.uexp" 3497
"C:/Projects/ProjectPal/Content/Stylized_Nature_Set/Textures/Fence/T_Fence_002_ORM.ubulk" 3498
"C:/Projects/ProjectPal/Content/Stylized_Nature_Set/Textures/Fence/T_Fence_002_ORM.uasset" 3499
"C:/Projects/ProjectPal/Content/Stylized_Nature_Set/Textures/Fence/T_Fence_002_ORM.uexp" 3500
"C:/Projects/ProjectPal/Content/Stylized_Nature_Set/Materials/Material_Instance/MI_Fence_002.uasset" 3501
"C:/Projects/ProjectPal/Content/Stylized_Nature_Set/Materials/Material_Instance/MI_Fence_002.uexp" 3502
"C:/Projects/ProjectPal/Content/Stylized_Nature_Set/Mesh/Fence/SM_Fence_002.ubulk" 3503
"C:/Projects/ProjectPal/Content/Stylized_Nature_Set/Mesh/Fence/SM_Fence_002.uasset" 3504
"C:/Projects/ProjectPal/Content/Stylized_Nature_Set/Mesh/Fence/SM_Fence_002.uexp" 3505
"C:/Projects/ProjectPal/Content/Stylized_Nature_Set/Textures/Stone_Slab/T_Stone_Slab_N.ubulk" 3506
"C:/Projects/ProjectPal/Content/Stylized_Nature_Set/Textures/Stone_Slab/T_Stone_Slab_N.uasset" 3507
"C:/Projects/ProjectPal/Content/Stylized_Nature_Set/Textures/Stone_Slab/T_Stone_Slab_N.uexp" 3508
"C:/Projects/ProjectPal/Content/Stylized_Nature_Set/Textures/Stone_Slab/T_Stone_Slab_BC.ubulk" 3509
"C:/Projects/ProjectPal/Content/Stylized_Nature_Set/Textures/Stone_Slab/T_Stone_Slab_BC.uasset" 3510
"C:/Projects/ProjectPal/Content/Stylized_Nature_Set/Textures/Stone_Slab/T_Stone_Slab_BC.uexp" 3511
"C:/Projects/ProjectPal/Content/Stylized_Nature_Set/Textures/Stone_Slab/T_Stone_Slab_ORM.ubulk" 3512
"C:/Projects/ProjectPal/Content/Stylized_Nature_Set/Textures/Stone_Slab/T_Stone_Slab_ORM.uasset" 3513
"C:/Projects/ProjectPal/Content/Stylized_Nature_Set/Textures/Stone_Slab/T_Stone_Slab_ORM.uexp" 3514
"C:/Projects/ProjectPal/Content/Stylized_Nature_Set/Materials/Material_Instance/MI_Stone_Slab.uasset" 3515
"C:/Projects/ProjectPal/Content/Stylized_Nature_Set/Materials/Material_Instance/MI_Stone_Slab.uexp" 3516
"C:/Projects/ProjectPal/Content/Stylized_Nature_Set/Mesh/Stone_Slab/SM_Stone_slab.ubulk" 3517
"C:/Projects/ProjectPal/Content/Stylized_Nature_Set/Mesh/Stone_Slab/SM_Stone_slab.uasset" 3518
"C:/Projects/ProjectPal/Content/Stylized_Nature_Set/Mesh/Stone_Slab/SM_Stone_slab.uexp" 3519
"C:/Projects/ProjectPal/Content/Stylized_Nature_Set/Materials/Material_Instance/MI_Rock_008_Snow.uasset" 3520
"C:/Projects/ProjectPal/Content/Stylized_Nature_Set/Materials/Material_Instance/MI_Rock_008_Snow.uexp" 3521
"C:/Projects/ProjectPal/Content/Stylized_Nature_Set/Mesh/Rocks/SM_Rock_008.ubulk" 3522
"C:/Projects/ProjectPal/Content/Stylized_Nature_Set/Mesh/Rocks/SM_Rock_008.uasset" 3523
"C:/Projects/ProjectPal/Content/Stylized_Nature_Set/Mesh/Rocks/SM_Rock_008.uexp" 3524
"C:/Projects/ProjectPal/Content/Stylized_Nature_Set/Materials/Material_Instance/MI_Grass_003.uasset" 3525
"C:/Projects/ProjectPal/Content/Stylized_Nature_Set/Materials/Material_Instance/MI_Grass_003.uexp" 3526
"C:/Projects/ProjectPal/Content/Stylized_Nature_Set/Mesh/Grass/SM_Grass_003.ubulk" 3527
"C:/Projects/ProjectPal/Content/Stylized_Nature_Set/Mesh/Grass/SM_Grass_003.uasset" 3528
"C:/Projects/ProjectPal/Content/Stylized_Nature_Set/Mesh/Grass/SM_Grass_003.uexp" 3529
"C:/Projects/ProjectPal/Content/Stylized_Nature_Set/Materials/Material_Instance/MI_Tree_Leave_005.uasset" 3530
"C:/Projects/ProjectPal/Content/Stylized_Nature_Set/Materials/Material_Instance/MI_Tree_Leave_005.uexp" 3531
"C:/Projects/ProjectPal/Content/Stylized_Nature_Set/Mesh/Trees/SM_Tree_005.ubulk" 3532
"C:/Projects/ProjectPal/Content/Stylized_Nature_Set/Mesh/Trees/SM_Tree_005.uasset" 3533
"C:/Projects/ProjectPal/Content/Stylized_Nature_Set/Mesh/Trees/SM_Tree_005.uexp" 3534
"C:/Projects/ProjectPal/Content/Stylized_Nature_Set/Materials/M_Wind_line.uasset" 3535
"C:/Projects/ProjectPal/Content/Stylized_Nature_Set/Materials/M_Wind_line.uexp" 3536
"C:/Projects/ProjectPal/Content/Stylized_Nature_Set/Materials/Material_Instance/MI_Wind_Line.uasset" 3537
"C:/Projects/ProjectPal/Content/Stylized_Nature_Set/Materials/Material_Instance/MI_Wind_Line.uexp" 3538
"C:/Projects/ProjectPal/Content/Stylized_Nature_Set/Mesh/Wind_Line/SM_Wind_Line_002.ubulk" 3539
"C:/Projects/ProjectPal/Content/Stylized_Nature_Set/Mesh/Wind_Line/SM_Wind_Line_002.uasset" 3540
"C:/Projects/ProjectPal/Content/Stylized_Nature_Set/Mesh/Wind_Line/SM_Wind_Line_002.uexp" 3541
"C:/Projects/ProjectPal/Content/Stylized_Nature_Set/Mesh/Wind_Line/SM_Wind_Line_001.ubulk" 3542
"C:/Projects/ProjectPal/Content/Stylized_Nature_Set/Mesh/Wind_Line/SM_Wind_Line_001.uasset" 3543
"C:/Projects/ProjectPal/Content/Stylized_Nature_Set/Mesh/Wind_Line/SM_Wind_Line_001.uexp" 3544
"C:/Projects/ProjectPal/Content/Stylized_Nature_Set/FX/NS_Wind_Line.uasset" 3545
"C:/Projects/ProjectPal/Content/Stylized_Nature_Set/FX/NS_Wind_Line.uexp" 3546
"C:/Projects/ProjectPal/Content/Stylized_Nature_Set/Textures/Rocks/T_Rock_007_N.ubulk" 3547
"C:/Projects/ProjectPal/Content/Stylized_Nature_Set/Textures/Rocks/T_Rock_007_N.uasset" 3548
"C:/Projects/ProjectPal/Content/Stylized_Nature_Set/Textures/Rocks/T_Rock_007_N.uexp" 3549
"C:/Projects/ProjectPal/Content/Stylized_Nature_Set/Textures/Rocks/T_Rock_007_BC.ubulk" 3550
"C:/Projects/ProjectPal/Content/Stylized_Nature_Set/Textures/Rocks/T_Rock_007_BC.uasset" 3551
"C:/Projects/ProjectPal/Content/Stylized_Nature_Set/Textures/Rocks/T_Rock_007_BC.uexp" 3552
"C:/Projects/ProjectPal/Content/Stylized_Nature_Set/Textures/Rocks/T_Rock_007_ORM.ubulk" 3553
"C:/Projects/ProjectPal/Content/Stylized_Nature_Set/Textures/Rocks/T_Rock_007_ORM.uasset" 3554
"C:/Projects/ProjectPal/Content/Stylized_Nature_Set/Textures/Rocks/T_Rock_007_ORM.uexp" 3555
"C:/Projects/ProjectPal/Content/Stylized_Nature_Set/Materials/Material_Instance/MI_Rock_007.uasset" 3556
"C:/Projects/ProjectPal/Content/Stylized_Nature_Set/Materials/Material_Instance/MI_Rock_007.uexp" 3557
"C:/Projects/ProjectPal/Content/Stylized_Nature_Set/Mesh/Rocks/SM_Rock_007.ubulk" 3558
"C:/Projects/ProjectPal/Content/Stylized_Nature_Set/Mesh/Rocks/SM_Rock_007.uasset" 3559
"C:/Projects/ProjectPal/Content/Stylized_Nature_Set/Mesh/Rocks/SM_Rock_007.uexp" 3560
"C:/Projects/ProjectPal/Content/Stylized_Nature_Set/Mesh/Flowers/SM_Flower_012.ubulk" 3561
"C:/Projects/ProjectPal/Content/Stylized_Nature_Set/Mesh/Flowers/SM_Flower_012.uasset" 3562
"C:/Projects/ProjectPal/Content/Stylized_Nature_Set/Mesh/Flowers/SM_Flower_012.uexp" 3563
"C:/Projects/ProjectPal/Content/Stylized_Nature_Set/Textures/Leaves_Masks/T_Leave_002.ubulk" 3564
"C:/Projects/ProjectPal/Content/Stylized_Nature_Set/Textures/Leaves_Masks/T_Leave_002.uasset" 3565
"C:/Projects/ProjectPal/Content/Stylized_Nature_Set/Textures/Leaves_Masks/T_Leave_002.uexp" 3566
"C:/Projects/ProjectPal/Content/Stylized_Nature_Set/Materials/Material_Instance/MI_Big_Tree_Leave.uasset" 3567
"C:/Projects/ProjectPal/Content/Stylized_Nature_Set/Materials/Material_Instance/MI_Big_Tree_Leave.uexp" 3568
"C:/Projects/ProjectPal/Content/Stylized_Nature_Set/Textures/Wood_2/T_Wood_2_N.ubulk" 3569
"C:/Projects/ProjectPal/Content/Stylized_Nature_Set/Textures/Wood_2/T_Wood_2_N.uasset" 3570
"C:/Projects/ProjectPal/Content/Stylized_Nature_Set/Textures/Wood_2/T_Wood_2_N.uexp" 3571
"C:/Projects/ProjectPal/Content/Stylized_Nature_Set/Textures/Wood_2/T_Wood_2_ORMH.ubulk" 3572
"C:/Projects/ProjectPal/Content/Stylized_Nature_Set/Textures/Wood_2/T_Wood_2_ORMH.uasset" 3573
"C:/Projects/ProjectPal/Content/Stylized_Nature_Set/Textures/Wood_2/T_Wood_2_ORMH.uexp" 3574
"C:/Projects/ProjectPal/Content/Stylized_Nature_Set/Textures/Wood_2/T_Wood_2_BC.ubulk" 3575
"C:/Projects/ProjectPal/Content/Stylized_Nature_Set/Textures/Wood_2/T_Wood_2_BC.uasset" 3576
"C:/Projects/ProjectPal/Content/Stylized_Nature_Set/Textures/Wood_2/T_Wood_2_BC.uexp" 3577
"C:/Projects/ProjectPal/Content/Stylized_Nature_Set/Materials/Material_Instance/MI_Big_Tree.uasset" 3578
"C:/Projects/ProjectPal/Content/Stylized_Nature_Set/Materials/Material_Instance/MI_Big_Tree.uexp" 3579
"C:/Projects/ProjectPal/Content/Stylized_Nature_Set/Mesh/Big_Tree/SM_Big_Tree.ubulk" 3580
"C:/Projects/ProjectPal/Content/Stylized_Nature_Set/Mesh/Big_Tree/SM_Big_Tree.uasset" 3581
"C:/Projects/ProjectPal/Content/Stylized_Nature_Set/Mesh/Big_Tree/SM_Big_Tree.uexp" 3582
"C:/Projects/ProjectPal/Content/Stylized_Nature_Set/Textures/Box/T_Box_BC.ubulk" 3583
"C:/Projects/ProjectPal/Content/Stylized_Nature_Set/Textures/Box/T_Box_BC.uasset" 3584
"C:/Projects/ProjectPal/Content/Stylized_Nature_Set/Textures/Box/T_Box_BC.uexp" 3585
"C:/Projects/ProjectPal/Content/Stylized_Nature_Set/Textures/Box/T_Box_N.ubulk" 3586
"C:/Projects/ProjectPal/Content/Stylized_Nature_Set/Textures/Box/T_Box_N.uasset" 3587
"C:/Projects/ProjectPal/Content/Stylized_Nature_Set/Textures/Box/T_Box_N.uexp" 3588
"C:/Projects/ProjectPal/Content/Stylized_Nature_Set/Textures/Box/T_Box_ORM.ubulk" 3589
"C:/Projects/ProjectPal/Content/Stylized_Nature_Set/Textures/Box/T_Box_ORM.uasset" 3590
"C:/Projects/ProjectPal/Content/Stylized_Nature_Set/Textures/Box/T_Box_ORM.uexp" 3591
"C:/Projects/ProjectPal/Content/Stylized_Nature_Set/Materials/Material_Instance/MI_Box.uasset" 3592
"C:/Projects/ProjectPal/Content/Stylized_Nature_Set/Materials/Material_Instance/MI_Box.uexp" 3593
"C:/Projects/ProjectPal/Content/Stylized_Nature_Set/Mesh/Box/SM_Box.ubulk" 3594
"C:/Projects/ProjectPal/Content/Stylized_Nature_Set/Mesh/Box/SM_Box.uasset" 3595
"C:/Projects/ProjectPal/Content/Stylized_Nature_Set/Mesh/Box/SM_Box.uexp" 3596
"C:/Projects/ProjectPal/Content/Stylized_Nature_Set/Textures/Street_Light/T_Street_Light_BC.ubulk" 3597
"C:/Projects/ProjectPal/Content/Stylized_Nature_Set/Textures/Street_Light/T_Street_Light_BC.uasset" 3598
"C:/Projects/ProjectPal/Content/Stylized_Nature_Set/Textures/Street_Light/T_Street_Light_BC.uexp" 3599
"C:/Projects/ProjectPal/Content/Stylized_Nature_Set/Textures/Street_Light/T_Street_Light_Emissive.ubulk" 3600
"C:/Projects/ProjectPal/Content/Stylized_Nature_Set/Textures/Street_Light/T_Street_Light_Emissive.uasset" 3601
"C:/Projects/ProjectPal/Content/Stylized_Nature_Set/Textures/Street_Light/T_Street_Light_Emissive.uexp" 3602
"C:/Projects/ProjectPal/Content/Stylized_Nature_Set/Textures/Street_Light/T_Street_Light_ORM.ubulk" 3603
"C:/Projects/ProjectPal/Content/Stylized_Nature_Set/Textures/Street_Light/T_Street_Light_ORM.uasset" 3604
"C:/Projects/ProjectPal/Content/Stylized_Nature_Set/Textures/Street_Light/T_Street_Light_ORM.uexp" 3605
"C:/Projects/ProjectPal/Content/Stylized_Nature_Set/Textures/Street_Light/T_Street_Light_N.ubulk" 3606
"C:/Projects/ProjectPal/Content/Stylized_Nature_Set/Textures/Street_Light/T_Street_Light_N.uasset" 3607
"C:/Projects/ProjectPal/Content/Stylized_Nature_Set/Textures/Street_Light/T_Street_Light_N.uexp" 3608
"C:/Projects/ProjectPal/Content/Stylized_Nature_Set/Materials/Material_Instance/MI_Street_Light.uasset" 3609
"C:/Projects/ProjectPal/Content/Stylized_Nature_Set/Materials/Material_Instance/MI_Street_Light.uexp" 3610
"C:/Projects/ProjectPal/Content/Stylized_Nature_Set/Mesh/Street_Light/SM_Street_Light.ubulk" 3611
"C:/Projects/ProjectPal/Content/Stylized_Nature_Set/Mesh/Street_Light/SM_Street_Light.uasset" 3612
"C:/Projects/ProjectPal/Content/Stylized_Nature_Set/Mesh/Street_Light/SM_Street_Light.uexp" 3613
"C:/Projects/ProjectPal/Content/Stylized_Nature_Set/Mesh/Flowers/SM_Flower_013.ubulk" 3614
"C:/Projects/ProjectPal/Content/Stylized_Nature_Set/Mesh/Flowers/SM_Flower_013.uasset" 3615
"C:/Projects/ProjectPal/Content/Stylized_Nature_Set/Mesh/Flowers/SM_Flower_013.uexp" 3616
"C:/Projects/ProjectPal/Content/Stylized_Nature_Set/Mesh/Flowers/SM_Flower_008_1.ubulk" 3617
"C:/Projects/ProjectPal/Content/Stylized_Nature_Set/Mesh/Flowers/SM_Flower_008_1.uasset" 3618
"C:/Projects/ProjectPal/Content/Stylized_Nature_Set/Mesh/Flowers/SM_Flower_008_1.uexp" 3619
"C:/Projects/ProjectPal/Content/Stylized_Nature_Set/Mesh/Flowers/SM_Flower_008_2.ubulk" 3620
"C:/Projects/ProjectPal/Content/Stylized_Nature_Set/Mesh/Flowers/SM_Flower_008_2.uasset" 3621
"C:/Projects/ProjectPal/Content/Stylized_Nature_Set/Mesh/Flowers/SM_Flower_008_2.uexp" 3622
"C:/Projects/ProjectPal/Content/Stylized_Nature_Set/Mesh/Rocks/SM_Rock_002.ubulk" 3623
"C:/Projects/ProjectPal/Content/Stylized_Nature_Set/Mesh/Rocks/SM_Rock_002.uasset" 3624
"C:/Projects/ProjectPal/Content/Stylized_Nature_Set/Mesh/Rocks/SM_Rock_002.uexp" 3625
"C:/Projects/ProjectPal/Content/Stylized_Nature_Set/Mesh/Flowers/SM_Flower_005_2.ubulk" 3626
"C:/Projects/ProjectPal/Content/Stylized_Nature_Set/Mesh/Flowers/SM_Flower_005_2.uasset" 3627
"C:/Projects/ProjectPal/Content/Stylized_Nature_Set/Mesh/Flowers/SM_Flower_005_2.uexp" 3628
"C:/Projects/ProjectPal/Content/Stylized_Nature_Set/Mesh/Flowers/SM_Flower_005_3.ubulk" 3629
"C:/Projects/ProjectPal/Content/Stylized_Nature_Set/Mesh/Flowers/SM_Flower_005_3.uasset" 3630
"C:/Projects/ProjectPal/Content/Stylized_Nature_Set/Mesh/Flowers/SM_Flower_005_3.uexp" 3631
"C:/Projects/ProjectPal/Content/Stylized_Nature_Set/Textures/Wagon/T_Wagon_N.ubulk" 3632
"C:/Projects/ProjectPal/Content/Stylized_Nature_Set/Textures/Wagon/T_Wagon_N.uasset" 3633
"C:/Projects/ProjectPal/Content/Stylized_Nature_Set/Textures/Wagon/T_Wagon_N.uexp" 3634
"C:/Projects/ProjectPal/Content/Stylized_Nature_Set/Textures/Wagon/T_Wagon_BC.ubulk" 3635
"C:/Projects/ProjectPal/Content/Stylized_Nature_Set/Textures/Wagon/T_Wagon_BC.uasset" 3636
"C:/Projects/ProjectPal/Content/Stylized_Nature_Set/Textures/Wagon/T_Wagon_BC.uexp" 3637
"C:/Projects/ProjectPal/Content/Stylized_Nature_Set/Textures/Wagon/T_Wagon_ORM.ubulk" 3638
"C:/Projects/ProjectPal/Content/Stylized_Nature_Set/Textures/Wagon/T_Wagon_ORM.uasset" 3639
"C:/Projects/ProjectPal/Content/Stylized_Nature_Set/Textures/Wagon/T_Wagon_ORM.uexp" 3640
"C:/Projects/ProjectPal/Content/Stylized_Nature_Set/Materials/Material_Instance/MI_Wagon.uasset" 3641
"C:/Projects/ProjectPal/Content/Stylized_Nature_Set/Materials/Material_Instance/MI_Wagon.uexp" 3642
"C:/Projects/ProjectPal/Content/Stylized_Nature_Set/Mesh/Wagon/SM_Wagon.ubulk" 3643
"C:/Projects/ProjectPal/Content/Stylized_Nature_Set/Mesh/Wagon/SM_Wagon.uasset" 3644
"C:/Projects/ProjectPal/Content/Stylized_Nature_Set/Mesh/Wagon/SM_Wagon.uexp" 3645
"C:/Projects/ProjectPal/Content/Stylized_Nature_Set/Materials/Material_Instance/MI_Tree_Leave_004.uasset" 3646
"C:/Projects/ProjectPal/Content/Stylized_Nature_Set/Materials/Material_Instance/MI_Tree_Leave_004.uexp" 3647
"C:/Projects/ProjectPal/Content/Stylized_Nature_Set/Mesh/Trees/SM_Tree_004.ubulk" 3648
"C:/Projects/ProjectPal/Content/Stylized_Nature_Set/Mesh/Trees/SM_Tree_004.uasset" 3649
"C:/Projects/ProjectPal/Content/Stylized_Nature_Set/Mesh/Trees/SM_Tree_004.uexp" 3650
"C:/Projects/ProjectPal/Content/Stylized_Nature_Set/Textures/Altar/T_Altar_N.ubulk" 3651
"C:/Projects/ProjectPal/Content/Stylized_Nature_Set/Textures/Altar/T_Altar_N.uasset" 3652
"C:/Projects/ProjectPal/Content/Stylized_Nature_Set/Textures/Altar/T_Altar_N.uexp" 3653
"C:/Projects/ProjectPal/Content/Stylized_Nature_Set/Textures/Altar/T_Altar_BC.ubulk" 3654
"C:/Projects/ProjectPal/Content/Stylized_Nature_Set/Textures/Altar/T_Altar_BC.uasset" 3655
"C:/Projects/ProjectPal/Content/Stylized_Nature_Set/Textures/Altar/T_Altar_BC.uexp" 3656
"C:/Projects/ProjectPal/Content/Stylized_Nature_Set/Textures/Altar/T_Altar_ORM.ubulk" 3657
"C:/Projects/ProjectPal/Content/Stylized_Nature_Set/Textures/Altar/T_Altar_ORM.uasset" 3658
"C:/Projects/ProjectPal/Content/Stylized_Nature_Set/Textures/Altar/T_Altar_ORM.uexp" 3659
"C:/Projects/ProjectPal/Content/Stylized_Nature_Set/Materials/Material_Instance/MI_Altar.uasset" 3660
"C:/Projects/ProjectPal/Content/Stylized_Nature_Set/Materials/Material_Instance/MI_Altar.uexp" 3661
"C:/Projects/ProjectPal/Content/Stylized_Nature_Set/Mesh/Altar/SM_Altar.ubulk" 3662
"C:/Projects/ProjectPal/Content/Stylized_Nature_Set/Mesh/Altar/SM_Altar.uasset" 3663
"C:/Projects/ProjectPal/Content/Stylized_Nature_Set/Mesh/Altar/SM_Altar.uexp" 3664
"C:/Projects/ProjectPal/Content/Stylized_Nature_Set/Textures/Rocks/T_Rock_006_BC.ubulk" 3665
"C:/Projects/ProjectPal/Content/Stylized_Nature_Set/Textures/Rocks/T_Rock_006_BC.uasset" 3666
"C:/Projects/ProjectPal/Content/Stylized_Nature_Set/Textures/Rocks/T_Rock_006_BC.uexp" 3667
"C:/Projects/ProjectPal/Content/Stylized_Nature_Set/Textures/Rocks/T_Rock_006_ORM.ubulk" 3668
"C:/Projects/ProjectPal/Content/Stylized_Nature_Set/Textures/Rocks/T_Rock_006_ORM.uasset" 3669
"C:/Projects/ProjectPal/Content/Stylized_Nature_Set/Textures/Rocks/T_Rock_006_ORM.uexp" 3670
"C:/Projects/ProjectPal/Content/Stylized_Nature_Set/Textures/Rocks/T_Rock_006_N.ubulk" 3671
"C:/Projects/ProjectPal/Content/Stylized_Nature_Set/Textures/Rocks/T_Rock_006_N.uasset" 3672
"C:/Projects/ProjectPal/Content/Stylized_Nature_Set/Textures/Rocks/T_Rock_006_N.uexp" 3673
"C:/Projects/ProjectPal/Content/Stylized_Nature_Set/Materials/Material_Instance/MI_Rock_006_Snow.uasset" 3674
"C:/Projects/ProjectPal/Content/Stylized_Nature_Set/Materials/Material_Instance/MI_Rock_006_Snow.uexp" 3675
"C:/Projects/ProjectPal/Content/Stylized_Nature_Set/Mesh/Rocks/SM_Rock_006.ubulk" 3676
"C:/Projects/ProjectPal/Content/Stylized_Nature_Set/Mesh/Rocks/SM_Rock_006.uasset" 3677
"C:/Projects/ProjectPal/Content/Stylized_Nature_Set/Mesh/Rocks/SM_Rock_006.uexp" 3678
"C:/Projects/ProjectPal/Content/Stylized_Nature_Set/Mesh/Flowers/SM_Flower_011.ubulk" 3679
"C:/Projects/ProjectPal/Content/Stylized_Nature_Set/Mesh/Flowers/SM_Flower_011.uasset" 3680
"C:/Projects/ProjectPal/Content/Stylized_Nature_Set/Mesh/Flowers/SM_Flower_011.uexp" 3681
"C:/Projects/ProjectPal/Content/Stylized_Nature_Set/Mesh/Rocks/SM_Rock_001.ubulk" 3682
"C:/Projects/ProjectPal/Content/Stylized_Nature_Set/Mesh/Rocks/SM_Rock_001.uasset" 3683
"C:/Projects/ProjectPal/Content/Stylized_Nature_Set/Mesh/Rocks/SM_Rock_001.uexp" 3684
"C:/Projects/ProjectPal/Content/Stylized_Nature_Set/Mesh/Flowers/SM_Flower_004_2.ubulk" 3685
"C:/Projects/ProjectPal/Content/Stylized_Nature_Set/Mesh/Flowers/SM_Flower_004_2.uasset" 3686
"C:/Projects/ProjectPal/Content/Stylized_Nature_Set/Mesh/Flowers/SM_Flower_004_2.uexp" 3687
"C:/Projects/ProjectPal/Content/Stylized_Nature_Set/Mesh/Flowers/SM_Flower_004_3.ubulk" 3688
"C:/Projects/ProjectPal/Content/Stylized_Nature_Set/Mesh/Flowers/SM_Flower_004_3.uasset" 3689
"C:/Projects/ProjectPal/Content/Stylized_Nature_Set/Mesh/Flowers/SM_Flower_004_3.uexp" 3690
"C:/Projects/ProjectPal/Content/Stylized_Nature_Set/Textures/Fence/T_Fence_001_ORM.ubulk" 3691
"C:/Projects/ProjectPal/Content/Stylized_Nature_Set/Textures/Fence/T_Fence_001_ORM.uasset" 3692
"C:/Projects/ProjectPal/Content/Stylized_Nature_Set/Textures/Fence/T_Fence_001_ORM.uexp" 3693
"C:/Projects/ProjectPal/Content/Stylized_Nature_Set/Textures/Fence/T_Fence_001_BC.ubulk" 3694
"C:/Projects/ProjectPal/Content/Stylized_Nature_Set/Textures/Fence/T_Fence_001_BC.uasset" 3695
"C:/Projects/ProjectPal/Content/Stylized_Nature_Set/Textures/Fence/T_Fence_001_BC.uexp" 3696
"C:/Projects/ProjectPal/Content/Stylized_Nature_Set/Textures/Fence/T_Fence_001_N.ubulk" 3697
"C:/Projects/ProjectPal/Content/Stylized_Nature_Set/Textures/Fence/T_Fence_001_N.uasset" 3698
"C:/Projects/ProjectPal/Content/Stylized_Nature_Set/Textures/Fence/T_Fence_001_N.uexp" 3699
"C:/Projects/ProjectPal/Content/Stylized_Nature_Set/Materials/Material_Instance/MI_Fence_001.uasset" 3700
"C:/Projects/ProjectPal/Content/Stylized_Nature_Set/Materials/Material_Instance/MI_Fence_001.uexp" 3701
"C:/Projects/ProjectPal/Content/Stylized_Nature_Set/Mesh/Fence/SM_Fence_001.ubulk" 3702
"C:/Projects/ProjectPal/Content/Stylized_Nature_Set/Mesh/Fence/SM_Fence_001.uasset" 3703
"C:/Projects/ProjectPal/Content/Stylized_Nature_Set/Mesh/Fence/SM_Fence_001.uexp" 3704
"C:/Projects/ProjectPal/Content/Stylized_Nature_Set/Materials/Material_Instance/MI_Tree_Leave_002.uasset" 3705
"C:/Projects/ProjectPal/Content/Stylized_Nature_Set/Materials/Material_Instance/MI_Tree_Leave_002.uexp" 3706
"C:/Projects/ProjectPal/Content/Stylized_Nature_Set/Mesh/Trees/SM_Tree_002.ubulk" 3707
"C:/Projects/ProjectPal/Content/Stylized_Nature_Set/Mesh/Trees/SM_Tree_002.uasset" 3708
"C:/Projects/ProjectPal/Content/Stylized_Nature_Set/Mesh/Trees/SM_Tree_002.uexp" 3709
"C:/Projects/ProjectPal/Content/Stylized_Nature_Set/Textures/Arc/T_Arc_ORM.ubulk" 3710
"C:/Projects/ProjectPal/Content/Stylized_Nature_Set/Textures/Arc/T_Arc_ORM.uasset" 3711
"C:/Projects/ProjectPal/Content/Stylized_Nature_Set/Textures/Arc/T_Arc_ORM.uexp" 3712
"C:/Projects/ProjectPal/Content/Stylized_Nature_Set/Textures/Arc/T_Arc_N.ubulk" 3713
"C:/Projects/ProjectPal/Content/Stylized_Nature_Set/Textures/Arc/T_Arc_N.uasset" 3714
"C:/Projects/ProjectPal/Content/Stylized_Nature_Set/Textures/Arc/T_Arc_N.uexp" 3715
"C:/Projects/ProjectPal/Content/Stylized_Nature_Set/Textures/Arc/T_Arc_BC.ubulk" 3716
"C:/Projects/ProjectPal/Content/Stylized_Nature_Set/Textures/Arc/T_Arc_BC.uasset" 3717
"C:/Projects/ProjectPal/Content/Stylized_Nature_Set/Textures/Arc/T_Arc_BC.uexp" 3718
"C:/Projects/ProjectPal/Content/Stylized_Nature_Set/Materials/Material_Instance/MI_Arc.uasset" 3719
"C:/Projects/ProjectPal/Content/Stylized_Nature_Set/Materials/Material_Instance/MI_Arc.uexp" 3720
"C:/Projects/ProjectPal/Content/Stylized_Nature_Set/Mesh/Arc/SM_Arc.ubulk" 3721
"C:/Projects/ProjectPal/Content/Stylized_Nature_Set/Mesh/Arc/SM_Arc.uasset" 3722
"C:/Projects/ProjectPal/Content/Stylized_Nature_Set/Mesh/Arc/SM_Arc.uexp" 3723
"C:/Projects/ProjectPal/Content/Stylized_Nature_Set/Textures/Rocks/T_Rock_011_N.ubulk" 3724
"C:/Projects/ProjectPal/Content/Stylized_Nature_Set/Textures/Rocks/T_Rock_011_N.uasset" 3725
"C:/Projects/ProjectPal/Content/Stylized_Nature_Set/Textures/Rocks/T_Rock_011_N.uexp" 3726
"C:/Projects/ProjectPal/Content/Stylized_Nature_Set/Textures/Rocks/T_Rock_011_ORM.ubulk" 3727
"C:/Projects/ProjectPal/Content/Stylized_Nature_Set/Textures/Rocks/T_Rock_011_ORM.uasset" 3728
"C:/Projects/ProjectPal/Content/Stylized_Nature_Set/Textures/Rocks/T_Rock_011_ORM.uexp" 3729
"C:/Projects/ProjectPal/Content/Stylized_Nature_Set/Textures/Rocks/T_Rock_011_BC.ubulk" 3730
"C:/Projects/ProjectPal/Content/Stylized_Nature_Set/Textures/Rocks/T_Rock_011_BC.uasset" 3731
"C:/Projects/ProjectPal/Content/Stylized_Nature_Set/Textures/Rocks/T_Rock_011_BC.uexp" 3732
"C:/Projects/ProjectPal/Content/Stylized_Nature_Set/Materials/Material_Instance/MI_Rock_011.uasset" 3733
"C:/Projects/ProjectPal/Content/Stylized_Nature_Set/Materials/Material_Instance/MI_Rock_011.uexp" 3734
"C:/Projects/ProjectPal/Content/Stylized_Nature_Set/Mesh/Rocks/SM_Rock_011.ubulk" 3735
"C:/Projects/ProjectPal/Content/Stylized_Nature_Set/Mesh/Rocks/SM_Rock_011.uasset" 3736
"C:/Projects/ProjectPal/Content/Stylized_Nature_Set/Mesh/Rocks/SM_Rock_011.uexp" 3737
"C:/Projects/ProjectPal/Content/Stylized_Nature_Set/Mesh/Flowers/SM_Flower_006_1.ubulk" 3738
"C:/Projects/ProjectPal/Content/Stylized_Nature_Set/Mesh/Flowers/SM_Flower_006_1.uasset" 3739
"C:/Projects/ProjectPal/Content/Stylized_Nature_Set/Mesh/Flowers/SM_Flower_006_1.uexp" 3740
"C:/Projects/ProjectPal/Content/Stylized_Nature_Set/Mesh/Flowers/SM_Flower_006_2.ubulk" 3741
"C:/Projects/ProjectPal/Content/Stylized_Nature_Set/Mesh/Flowers/SM_Flower_006_2.uasset" 3742
"C:/Projects/ProjectPal/Content/Stylized_Nature_Set/Mesh/Flowers/SM_Flower_006_2.uexp" 3743
"C:/Projects/ProjectPal/Content/Stylized_Nature_Set/Materials/Material_Instance/MI_Grass_002.uasset" 3744
"C:/Projects/ProjectPal/Content/Stylized_Nature_Set/Materials/Material_Instance/MI_Grass_002.uexp" 3745
"C:/Projects/ProjectPal/Content/Stylized_Nature_Set/Mesh/Grass/SM_Grass_002.ubulk" 3746
"C:/Projects/ProjectPal/Content/Stylized_Nature_Set/Mesh/Grass/SM_Grass_002.uasset" 3747
"C:/Projects/ProjectPal/Content/Stylized_Nature_Set/Mesh/Grass/SM_Grass_002.uexp" 3748
"C:/Projects/ProjectPal/Content/Stylized_Nature_Set/Textures/Rocks/T_Rock_004_N.ubulk" 3749
"C:/Projects/ProjectPal/Content/Stylized_Nature_Set/Textures/Rocks/T_Rock_004_N.uasset" 3750
"C:/Projects/ProjectPal/Content/Stylized_Nature_Set/Textures/Rocks/T_Rock_004_N.uexp" 3751
"C:/Projects/ProjectPal/Content/Stylized_Nature_Set/Textures/Rocks/T_Rock_004_ORM.ubulk" 3752
"C:/Projects/ProjectPal/Content/Stylized_Nature_Set/Textures/Rocks/T_Rock_004_ORM.uasset" 3753
"C:/Projects/ProjectPal/Content/Stylized_Nature_Set/Textures/Rocks/T_Rock_004_ORM.uexp" 3754
"C:/Projects/ProjectPal/Content/Stylized_Nature_Set/Textures/Rocks/T_Rock_004_BC.ubulk" 3755
"C:/Projects/ProjectPal/Content/Stylized_Nature_Set/Textures/Rocks/T_Rock_004_BC.uasset" 3756
"C:/Projects/ProjectPal/Content/Stylized_Nature_Set/Textures/Rocks/T_Rock_004_BC.uexp" 3757
"C:/Projects/ProjectPal/Content/Stylized_Nature_Set/Materials/Material_Instance/MI_Rock_004.uasset" 3758
"C:/Projects/ProjectPal/Content/Stylized_Nature_Set/Materials/Material_Instance/MI_Rock_004.uexp" 3759
"C:/Projects/ProjectPal/Content/Stylized_Nature_Set/Mesh/Rocks/SM_Rock_004.ubulk" 3760
"C:/Projects/ProjectPal/Content/Stylized_Nature_Set/Mesh/Rocks/SM_Rock_004.uasset" 3761
"C:/Projects/ProjectPal/Content/Stylized_Nature_Set/Mesh/Rocks/SM_Rock_004.uexp" 3762
"C:/Projects/ProjectPal/Content/Stylized_Nature_Set/Demo/Maps/Overview.uexp" 3763
"C:/Projects/ProjectPal/Content/Stylized_Nature_Set/Demo/Maps/Overview.umap" 3764
"C:/Projects/ProjectPal/Content/Stylized_Nature_Set/Mesh/Flowers/SM_Flower_003_1.ubulk" 3765
"C:/Projects/ProjectPal/Content/Stylized_Nature_Set/Mesh/Flowers/SM_Flower_003_1.uasset" 3766
"C:/Projects/ProjectPal/Content/Stylized_Nature_Set/Mesh/Flowers/SM_Flower_003_1.uexp" 3767
"C:/Projects/ProjectPal/Content/Stylized_Nature_Set/Foliage/F_Flower_003_1.uasset" 3768
"C:/Projects/ProjectPal/Content/Stylized_Nature_Set/Foliage/F_Flower_003_1.uexp" 3769
"C:/Projects/ProjectPal/Content/Stylized_Nature_Set/Foliage/F_Flower_003_2.uasset" 3770
"C:/Projects/ProjectPal/Content/Stylized_Nature_Set/Foliage/F_Flower_003_2.uexp" 3771
"C:/Projects/ProjectPal/Content/Stylized_Nature_Set/Foliage/F_Flower_003_3.uasset" 3772
"C:/Projects/ProjectPal/Content/Stylized_Nature_Set/Foliage/F_Flower_003_3.uexp" 3773
"C:/Projects/ProjectPal/Content/Stylized_Nature_Set/Mesh/Flowers/SM_Flower_004_1.ubulk" 3774
"C:/Projects/ProjectPal/Content/Stylized_Nature_Set/Mesh/Flowers/SM_Flower_004_1.uasset" 3775
"C:/Projects/ProjectPal/Content/Stylized_Nature_Set/Mesh/Flowers/SM_Flower_004_1.uexp" 3776
"C:/Projects/ProjectPal/Content/Stylized_Nature_Set/Foliage/F_Flower_004_1.uasset" 3777
"C:/Projects/ProjectPal/Content/Stylized_Nature_Set/Foliage/F_Flower_004_1.uexp" 3778
"C:/Projects/ProjectPal/Content/Stylized_Nature_Set/Foliage/F_Flower_004_2.uasset" 3779
"C:/Projects/ProjectPal/Content/Stylized_Nature_Set/Foliage/F_Flower_004_2.uexp" 3780
"C:/Projects/ProjectPal/Content/Stylized_Nature_Set/Foliage/F_Flower_004_3.uasset" 3781
"C:/Projects/ProjectPal/Content/Stylized_Nature_Set/Foliage/F_Flower_004_3.uexp" 3782
"C:/Projects/ProjectPal/Content/Stylized_Nature_Set/Foliage/F_Rock_002.uasset" 3783
"C:/Projects/ProjectPal/Content/Stylized_Nature_Set/Foliage/F_Rock_002.uexp" 3784
"C:/Projects/ProjectPal/Content/Stylized_Nature_Set/Demo/Landscape/LayerInfo/Layer_4_LayerInfo.uasset" 3785
"C:/Projects/ProjectPal/Content/Stylized_Nature_Set/Demo/Landscape/LayerInfo/Layer_4_LayerInfo.uexp" 3786
"C:/Projects/ProjectPal/Content/Stylized_Nature_Set/Foliage/F_Flower_008_1.uasset" 3787
"C:/Projects/ProjectPal/Content/Stylized_Nature_Set/Foliage/F_Flower_008_1.uexp" 3788
"C:/Projects/ProjectPal/Content/Stylized_Nature_Set/Foliage/F_Flower_008_2.uasset" 3789
"C:/Projects/ProjectPal/Content/Stylized_Nature_Set/Foliage/F_Flower_008_2.uexp" 3790
"C:/Projects/ProjectPal/Content/Stylized_Nature_Set/Foliage/F_Flower_006_1.uasset" 3791
"C:/Projects/ProjectPal/Content/Stylized_Nature_Set/Foliage/F_Flower_006_1.uexp" 3792
"C:/Projects/ProjectPal/Content/Stylized_Nature_Set/Foliage/F_Flower_006_2.uasset" 3793
"C:/Projects/ProjectPal/Content/Stylized_Nature_Set/Foliage/F_Flower_006_2.uexp" 3794
"C:/Projects/ProjectPal/Content/Stylized_Nature_Set/Demo/Landscape/LayerInfo/Layer_2_LayerInfo.uasset" 3795
"C:/Projects/ProjectPal/Content/Stylized_Nature_Set/Demo/Landscape/LayerInfo/Layer_2_LayerInfo.uexp" 3796
"C:/Projects/ProjectPal/Content/Stylized_Nature_Set/Foliage/F_Flower_009_1.uasset" 3797
"C:/Projects/ProjectPal/Content/Stylized_Nature_Set/Foliage/F_Flower_009_1.uexp" 3798
"C:/Projects/ProjectPal/Content/Stylized_Nature_Set/Foliage/F_Flower_009_2.uasset" 3799
"C:/Projects/ProjectPal/Content/Stylized_Nature_Set/Foliage/F_Flower_009_2.uexp" 3800
"C:/Projects/ProjectPal/Content/Stylized_Nature_Set/Demo/Landscape/LayerInfo/Layer_3_LayerInfo.uasset" 3801
"C:/Projects/ProjectPal/Content/Stylized_Nature_Set/Demo/Landscape/LayerInfo/Layer_3_LayerInfo.uexp" 3802
"C:/Projects/ProjectPal/Content/Stylized_Nature_Set/Mesh/Flowers/SM_Flower_001_1.ubulk" 3803
"C:/Projects/ProjectPal/Content/Stylized_Nature_Set/Mesh/Flowers/SM_Flower_001_1.uasset" 3804
"C:/Projects/ProjectPal/Content/Stylized_Nature_Set/Mesh/Flowers/SM_Flower_001_1.uexp" 3805
"C:/Projects/ProjectPal/Content/Stylized_Nature_Set/Foliage/F_Flower_007_1.uasset" 3806
"C:/Projects/ProjectPal/Content/Stylized_Nature_Set/Foliage/F_Flower_007_1.uexp" 3807
"C:/Projects/ProjectPal/Content/Stylized_Nature_Set/Foliage/F_Flower_007_2.uasset" 3808
"C:/Projects/ProjectPal/Content/Stylized_Nature_Set/Foliage/F_Flower_007_2.uexp" 3809
"C:/Projects/ProjectPal/Content/_Pal/Import/Monster/GrassRabbitMan/Animations/AS_GrassRabbitMan_FarSkill_ActionLoop.uasset" 3810
"C:/Projects/ProjectPal/Content/_Pal/Import/Monster/GrassRabbitMan/Animations/AS_GrassRabbitMan_FarSkill_ActionLoop.uexp" 3811
"C:/Projects/ProjectPal/Content/_Pal/BluePrint/Character/Monster/Verdash/Montage/AM_GrassRabbitMan_FarSkill_ActionLoop.uasset" 3812
"C:/Projects/ProjectPal/Content/_Pal/BluePrint/Character/Monster/Verdash/Montage/AM_GrassRabbitMan_FarSkill_ActionLoop.uexp" 3813
"C:/Projects/ProjectPal/Content/_Pal/Import/Monster/GrassRabbitMan/Animations/AS_GrassRabbitMan_FarSkill_Start.uasset" 3814
"C:/Projects/ProjectPal/Content/_Pal/Import/Monster/GrassRabbitMan/Animations/AS_GrassRabbitMan_FarSkill_Start.uexp" 3815
"C:/Projects/ProjectPal/Content/_Pal/BluePrint/Character/Monster/Verdash/Montage/AM_GrassRabbitMan_FarSkill_Start.uasset" 3816
"C:/Projects/ProjectPal/Content/_Pal/BluePrint/Character/Monster/Verdash/Montage/AM_GrassRabbitMan_FarSkill_Start.uexp" 3817
"C:/Projects/ProjectPal/Content/_Pal/Import/Monster/GrassRabbitMan/Animations/AS_GrassRabbitMan_JumpEnd.uasset" 3818
"C:/Projects/ProjectPal/Content/_Pal/Import/Monster/GrassRabbitMan/Animations/AS_GrassRabbitMan_JumpEnd.uexp" 3819
"C:/Projects/ProjectPal/Content/_Pal/Import/Monster/GrassRabbitMan/Animations/AS_GrassRabbitMan_JumpLoop.uasset" 3820
"C:/Projects/ProjectPal/Content/_Pal/Import/Monster/GrassRabbitMan/Animations/AS_GrassRabbitMan_JumpLoop.uexp" 3821
"C:/Projects/ProjectPal/Content/_Pal/Import/Monster/GrassRabbitMan/Animations/AS_GrassRabbitMan_Walk.uasset" 3822
"C:/Projects/ProjectPal/Content/_Pal/Import/Monster/GrassRabbitMan/Animations/AS_GrassRabbitMan_Walk.uexp" 3823
"C:/Projects/ProjectPal/Content/_Pal/Import/Monster/GrassRabbitMan/Animations/AS_GrassRabbitMan_Idle.uasset" 3824
"C:/Projects/ProjectPal/Content/_Pal/Import/Monster/GrassRabbitMan/Animations/AS_GrassRabbitMan_Idle.uexp" 3825
"C:/Projects/ProjectPal/Content/_Pal/Import/Monster/GrassRabbitMan/Animations/AS_GrassRabbitMan_Run.uasset" 3826
"C:/Projects/ProjectPal/Content/_Pal/Import/Monster/GrassRabbitMan/Animations/AS_GrassRabbitMan_Run.uexp" 3827
"C:/Projects/ProjectPal/Content/_Pal/BluePrint/Character/Monster/Verdash/BS_Verdash_Locomotion.uasset" 3828
"C:/Projects/ProjectPal/Content/_Pal/BluePrint/Character/Monster/Verdash/BS_Verdash_Locomotion.uexp" 3829
"C:/Projects/ProjectPal/Content/_Pal/BluePrint/Character/Monster/Verdash/ABP_Verdash.uasset" 3830
"C:/Projects/ProjectPal/Content/_Pal/BluePrint/Character/Monster/Verdash/ABP_Verdash.uexp" 3831
"C:/Projects/ProjectPal/Content/_Pal/Import/Monster/GrassRabbitMan/Animations/AS_GrassRabbitMan_FarSkill_StartLoop.uasset" 3832
"C:/Projects/ProjectPal/Content/_Pal/Import/Monster/GrassRabbitMan/Animations/AS_GrassRabbitMan_FarSkill_StartLoop.uexp" 3833
"C:/Projects/ProjectPal/Content/_Pal/BluePrint/Character/Monster/Verdash/Montage/AM_GrassRabbitMan_FarSkill_StartLoop.uasset" 3834
"C:/Projects/ProjectPal/Content/_Pal/BluePrint/Character/Monster/Verdash/Montage/AM_GrassRabbitMan_FarSkill_StartLoop.uexp" 3835
"C:/Projects/ProjectPal/Content/_Pal/Import/Monster/GrassRabbitMan/T_GrassRabbitMan_Body_SSS.ubulk" 3836
"C:/Projects/ProjectPal/Content/_Pal/Import/Monster/GrassRabbitMan/T_GrassRabbitMan_Body_SSS.uasset" 3837
"C:/Projects/ProjectPal/Content/_Pal/Import/Monster/GrassRabbitMan/T_GrassRabbitMan_Body_SSS.uexp" 3838
"C:/Projects/ProjectPal/Content/_Pal/Import/Monster/GrassRabbitMan/T_GrassRabbitMan_Body_B.ubulk" 3839
"C:/Projects/ProjectPal/Content/_Pal/Import/Monster/GrassRabbitMan/T_GrassRabbitMan_Body_B.uasset" 3840
"C:/Projects/ProjectPal/Content/_Pal/Import/Monster/GrassRabbitMan/T_GrassRabbitMan_Body_B.uexp" 3841
"C:/Projects/ProjectPal/Content/_Pal/Import/Monster/GrassRabbitMan/T_GrassRabbitMan_Body_N.ubulk" 3842
"C:/Projects/ProjectPal/Content/_Pal/Import/Monster/GrassRabbitMan/T_GrassRabbitMan_Body_N.uasset" 3843
"C:/Projects/ProjectPal/Content/_Pal/Import/Monster/GrassRabbitMan/T_GrassRabbitMan_Body_N.uexp" 3844
"C:/Projects/ProjectPal/Content/_Pal/Import/Monster/GrassRabbitMan/T_GrassRabbitMan_Body_M.ubulk" 3845
"C:/Projects/ProjectPal/Content/_Pal/Import/Monster/GrassRabbitMan/T_GrassRabbitMan_Body_M.uasset" 3846
"C:/Projects/ProjectPal/Content/_Pal/Import/Monster/GrassRabbitMan/T_GrassRabbitMan_Body_M.uexp" 3847
"C:/Projects/ProjectPal/Content/_Pal/Import/Monster/GrassRabbitMan/MI_GrassRabbitMan_Body.uasset" 3848
"C:/Projects/ProjectPal/Content/_Pal/Import/Monster/GrassRabbitMan/MI_GrassRabbitMan_Body.uexp" 3849
"C:/Projects/ProjectPal/Content/_Pal/Import/Monster/GrassRabbitMan/GrassRabbitMan_PhysicsAsset.uasset" 3850
"C:/Projects/ProjectPal/Content/_Pal/Import/Monster/GrassRabbitMan/GrassRabbitMan_PhysicsAsset.uexp" 3851
"C:/Projects/ProjectPal/Content/_Pal/Import/Monster/GrassRabbitMan/T_GrassRabbitMan_Mouth_B.ubulk" 3852
"C:/Projects/ProjectPal/Content/_Pal/Import/Monster/GrassRabbitMan/T_GrassRabbitMan_Mouth_B.uasset" 3853
"C:/Projects/ProjectPal/Content/_Pal/Import/Monster/GrassRabbitMan/T_GrassRabbitMan_Mouth_B.uexp" 3854
"C:/Projects/ProjectPal/Content/_Pal/Import/Monster/GrassRabbitMan/MI_GrassRabbitMan_Mouth.uasset" 3855
"C:/Projects/ProjectPal/Content/_Pal/Import/Monster/GrassRabbitMan/MI_GrassRabbitMan_Mouth.uexp" 3856
"C:/Projects/ProjectPal/Content/_Pal/Import/Monster/GrassRabbitMan/T_GrassRabbitMan_Eye_B.ubulk" 3857
"C:/Projects/ProjectPal/Content/_Pal/Import/Monster/GrassRabbitMan/T_GrassRabbitMan_Eye_B.uasset" 3858
"C:/Projects/ProjectPal/Content/_Pal/Import/Monster/GrassRabbitMan/T_GrassRabbitMan_Eye_B.uexp" 3859
"C:/Projects/ProjectPal/Content/_Pal/Import/Monster/GrassRabbitMan/MI_GrassRabbitMan_Eye.uasset" 3860
"C:/Projects/ProjectPal/Content/_Pal/Import/Monster/GrassRabbitMan/MI_GrassRabbitMan_Eye.uexp" 3861
"C:/Projects/ProjectPal/Content/_Pal/Import/Monster/GrassRabbitMan/GrassRabbitMan.uasset" 3862
"C:/Projects/ProjectPal/Content/_Pal/Import/Monster/GrassRabbitMan/GrassRabbitMan.uexp" 3863
"C:/Projects/ProjectPal/Content/_Pal/Import/Monster/GrassRabbitMan/Animations/AS_GrassRabbitMan_FarSkill_Action.uasset" 3864
"C:/Projects/ProjectPal/Content/_Pal/Import/Monster/GrassRabbitMan/Animations/AS_GrassRabbitMan_FarSkill_Action.uexp" 3865
"C:/Projects/ProjectPal/Content/_Pal/BluePrint/Character/Monster/Verdash/Montage/AM_GrassRabbitMan_FarSkill_Action.uasset" 3866
"C:/Projects/ProjectPal/Content/_Pal/BluePrint/Character/Monster/Verdash/Montage/AM_GrassRabbitMan_FarSkill_Action.uexp" 3867
"C:/Projects/ProjectPal/Content/_Pal/Import/Monster/GrassRabbitMan/Animations/AS_GrassRabbitMan_Encount.uasset" 3868
"C:/Projects/ProjectPal/Content/_Pal/Import/Monster/GrassRabbitMan/Animations/AS_GrassRabbitMan_Encount.uexp" 3869
"C:/Projects/ProjectPal/Content/_Pal/BluePrint/Character/Monster/Verdash/Montage/AM_GrassRabbitMan_Encount.uasset" 3870
"C:/Projects/ProjectPal/Content/_Pal/BluePrint/Character/Monster/Verdash/Montage/AM_GrassRabbitMan_Encount.uexp" 3871
"C:/Projects/ProjectPal/Content/_Pal/BluePrint/Character/Monster/Verdash/BP_Verdash.uasset" 3872
"C:/Projects/ProjectPal/Content/_Pal/BluePrint/Character/Monster/Verdash/BP_Verdash.uexp" 3873
"C:/Projects/ProjectPal/Content/Stylized_Nature_Set/Mesh/Flowers/SM_Flower_005_1.ubulk" 3874
"C:/Projects/ProjectPal/Content/Stylized_Nature_Set/Mesh/Flowers/SM_Flower_005_1.uasset" 3875
"C:/Projects/ProjectPal/Content/Stylized_Nature_Set/Mesh/Flowers/SM_Flower_005_1.uexp" 3876
"C:/Projects/ProjectPal/Content/Stylized_Nature_Set/Foliage/F_Flower_005_1.uasset" 3877
"C:/Projects/ProjectPal/Content/Stylized_Nature_Set/Foliage/F_Flower_005_1.uexp" 3878
"C:/Projects/ProjectPal/Content/Stylized_Nature_Set/Foliage/F_Flower_005_2.uasset" 3879
"C:/Projects/ProjectPal/Content/Stylized_Nature_Set/Foliage/F_Flower_005_2.uexp" 3880
"C:/Projects/ProjectPal/Content/Stylized_Nature_Set/Foliage/F_Flower_005_3.uasset" 3881
"C:/Projects/ProjectPal/Content/Stylized_Nature_Set/Foliage/F_Flower_005_3.uexp" 3882
"C:/Projects/ProjectPal/Content/Stylized_Nature_Set/Foliage/F_Flower_001_1.uasset" 3883
"C:/Projects/ProjectPal/Content/Stylized_Nature_Set/Foliage/F_Flower_001_1.uexp" 3884
"C:/Projects/ProjectPal/Content/Stylized_Nature_Set/Foliage/F_Flower_001_2.uasset" 3885
"C:/Projects/ProjectPal/Content/Stylized_Nature_Set/Foliage/F_Flower_001_2.uexp" 3886
"C:/Projects/ProjectPal/Content/Stylized_Nature_Set/Foliage/F_Flower_001_3.uasset" 3887
"C:/Projects/ProjectPal/Content/Stylized_Nature_Set/Foliage/F_Flower_001_3.uexp" 3888
"C:/Projects/ProjectPal/Content/Stylized_Nature_Set/Demo/Landscape/LayerInfo/Layer_1_LayerInfo.uasset" 3889
"C:/Projects/ProjectPal/Content/Stylized_Nature_Set/Demo/Landscape/LayerInfo/Layer_1_LayerInfo.uexp" 3890
"../../../Engine/Content/EngineMaterials/DefaultPhysicalMaterial.uasset" 3891
"../../../Engine/Content/EngineMaterials/DefaultPhysicalMaterial.uexp" 3892
"C:/Projects/ProjectPal/Content/Stylized_Nature_Set/Decals/Leaves_Masks/T_Leaves_Mask-01.ubulk" 3893
"C:/Projects/ProjectPal/Content/Stylized_Nature_Set/Decals/Leaves_Masks/T_Leaves_Mask-01.uasset" 3894
"C:/Projects/ProjectPal/Content/Stylized_Nature_Set/Decals/Leaves_Masks/T_Leaves_Mask-01.uexp" 3895
"../../../Engine/Content/MaterialTemplates/Textures/T_Noise01.ubulk" 3896
"../../../Engine/Content/MaterialTemplates/Textures/T_Noise01.uasset" 3897
"../../../Engine/Content/MaterialTemplates/Textures/T_Noise01.uexp" 3898
"C:/Projects/ProjectPal/Content/Stylized_Nature_Set/Materials/M_Decals_Master.uasset" 3899
"C:/Projects/ProjectPal/Content/Stylized_Nature_Set/Materials/M_Decals_Master.uexp" 3900
"C:/Projects/ProjectPal/Content/Stylized_Nature_Set/Materials/Material_Instance/MI_Decal_purple_Leaves.uasset" 3901
"C:/Projects/ProjectPal/Content/Stylized_Nature_Set/Materials/Material_Instance/MI_Decal_purple_Leaves.uexp" 3902
"C:/Projects/ProjectPal/Content/Stylized_Nature_Set/Foliage/F_Rock_003.uasset" 3903
"C:/Projects/ProjectPal/Content/Stylized_Nature_Set/Foliage/F_Rock_003.uexp" 3904
"C:/Projects/ProjectPal/Content/Stylized_Nature_Set/Foliage/F_Rock_001.uasset" 3905
"C:/Projects/ProjectPal/Content/Stylized_Nature_Set/Foliage/F_Rock_001.uexp" 3906
"C:/Projects/ProjectPal/Content/Stylized_Nature_Set/Foliage/F_Flower_013.uasset" 3907
"C:/Projects/ProjectPal/Content/Stylized_Nature_Set/Foliage/F_Flower_013.uexp" 3908
"C:/Projects/ProjectPal/Content/Stylized_Nature_Set/Materials/Material_Instance/MI_Rock_006.uasset" 3909
"C:/Projects/ProjectPal/Content/Stylized_Nature_Set/Materials/Material_Instance/MI_Rock_006.uexp" 3910
"C:/Projects/ProjectPal/Content/Stylized_Nature_Set/Textures/Road/T_Road_N.ubulk" 3911
"C:/Projects/ProjectPal/Content/Stylized_Nature_Set/Textures/Road/T_Road_N.uasset" 3912
"C:/Projects/ProjectPal/Content/Stylized_Nature_Set/Textures/Road/T_Road_N.uexp" 3913
"C:/Projects/ProjectPal/Content/Stylized_Nature_Set/Materials/Material_Function/MF_Landscape_Layer.uasset" 3914
"C:/Projects/ProjectPal/Content/Stylized_Nature_Set/Materials/Material_Function/MF_Landscape_Layer.uexp" 3915
"../../../Engine/Content/EngineMaterials/T_Default_BaseColor.ubulk" 3916
"../../../Engine/Content/EngineMaterials/T_Default_BaseColor.uasset" 3917
"../../../Engine/Content/EngineMaterials/T_Default_BaseColor.uexp" 3918
"C:/Projects/ProjectPal/Content/Stylized_Nature_Set/Materials/M_landscape_Master.uasset" 3919
"C:/Projects/ProjectPal/Content/Stylized_Nature_Set/Materials/M_landscape_Master.uexp" 3920
"C:/Projects/ProjectPal/Content/Stylized_Nature_Set/Textures/Grass/T_Grass_N.ubulk" 3921
"C:/Projects/ProjectPal/Content/Stylized_Nature_Set/Textures/Grass/T_Grass_N.uasset" 3922
"C:/Projects/ProjectPal/Content/Stylized_Nature_Set/Textures/Grass/T_Grass_N.uexp" 3923
"C:/Projects/ProjectPal/Content/Stylized_Nature_Set/Textures/Road/T_Road_BC.ubulk" 3924
"C:/Projects/ProjectPal/Content/Stylized_Nature_Set/Textures/Road/T_Road_BC.uasset" 3925
"C:/Projects/ProjectPal/Content/Stylized_Nature_Set/Textures/Road/T_Road_BC.uexp" 3926
"C:/Projects/ProjectPal/Content/Stylized_Nature_Set/Textures/Grass/T_Grass_BC.ubulk" 3927
"C:/Projects/ProjectPal/Content/Stylized_Nature_Set/Textures/Grass/T_Grass_BC.uasset" 3928
"C:/Projects/ProjectPal/Content/Stylized_Nature_Set/Textures/Grass/T_Grass_BC.uexp" 3929
"C:/Projects/ProjectPal/Content/Stylized_Nature_Set/Textures/Road/T_Road_ORM.ubulk" 3930
"C:/Projects/ProjectPal/Content/Stylized_Nature_Set/Textures/Road/T_Road_ORM.uasset" 3931
"C:/Projects/ProjectPal/Content/Stylized_Nature_Set/Textures/Road/T_Road_ORM.uexp" 3932
"C:/Projects/ProjectPal/Content/Stylized_Nature_Set/Textures/Grass/T_Grass_ORM.ubulk" 3933
"C:/Projects/ProjectPal/Content/Stylized_Nature_Set/Textures/Grass/T_Grass_ORM.uasset" 3934
"C:/Projects/ProjectPal/Content/Stylized_Nature_Set/Textures/Grass/T_Grass_ORM.uexp" 3935
"C:/Projects/ProjectPal/Content/Stylized_Nature_Set/Materials/Material_Instance/MI_Landscape.uasset" 3936
"C:/Projects/ProjectPal/Content/Stylized_Nature_Set/Materials/Material_Instance/MI_Landscape.uexp" 3937
"C:/Projects/ProjectPal/Content/Stylized_Nature_Set/Foliage/F_Grass_003.uasset" 3938
"C:/Projects/ProjectPal/Content/Stylized_Nature_Set/Foliage/F_Grass_003.uexp" 3939
"C:/Projects/ProjectPal/Content/Stylized_Nature_Set/Foliage/F_Flower_011.uasset" 3940
"C:/Projects/ProjectPal/Content/Stylized_Nature_Set/Foliage/F_Flower_011.uexp" 3941
"C:/Projects/ProjectPal/Content/Stylized_Nature_Set/Foliage/F_Grass_001.uasset" 3942
"C:/Projects/ProjectPal/Content/Stylized_Nature_Set/Foliage/F_Grass_001.uexp" 3943
"C:/Projects/ProjectPal/Content/Stylized_Nature_Set/Foliage/F_Flower_010.uasset" 3944
"C:/Projects/ProjectPal/Content/Stylized_Nature_Set/Foliage/F_Flower_010.uexp" 3945
"C:/Projects/ProjectPal/Content/Stylized_Nature_Set/Mesh/Flowers/SM_Flower_002_1.ubulk" 3946
"C:/Projects/ProjectPal/Content/Stylized_Nature_Set/Mesh/Flowers/SM_Flower_002_1.uasset" 3947
"C:/Projects/ProjectPal/Content/Stylized_Nature_Set/Mesh/Flowers/SM_Flower_002_1.uexp" 3948
"C:/Projects/ProjectPal/Content/Stylized_Nature_Set/Foliage/F_Flower_002_1.uasset" 3949
"C:/Projects/ProjectPal/Content/Stylized_Nature_Set/Foliage/F_Flower_002_1.uexp" 3950
"C:/Projects/ProjectPal/Content/Stylized_Nature_Set/Foliage/F_Flower_002_2.uasset" 3951
"C:/Projects/ProjectPal/Content/Stylized_Nature_Set/Foliage/F_Flower_002_2.uexp" 3952
"C:/Projects/ProjectPal/Content/Stylized_Nature_Set/Foliage/F_Flower_002_3.uasset" 3953
"C:/Projects/ProjectPal/Content/Stylized_Nature_Set/Foliage/F_Flower_002_3.uexp" 3954
"C:/Projects/ProjectPal/Content/Stylized_Nature_Set/Foliage/F_Grass_002.uasset" 3955
"C:/Projects/ProjectPal/Content/Stylized_Nature_Set/Foliage/F_Grass_002.uexp" 3956
"C:/Projects/ProjectPal/Content/Stylized_Nature_Set/Materials/Material_Instance/MI_Decal_Green_Leaves.uasset" 3957
"C:/Projects/ProjectPal/Content/Stylized_Nature_Set/Materials/Material_Instance/MI_Decal_Green_Leaves.uexp" 3958
"C:/Projects/ProjectPal/Content/Stylized_Nature_Set/Foliage/F_Flower_012.uasset" 3959
"C:/Projects/ProjectPal/Content/Stylized_Nature_Set/Foliage/F_Flower_012.uexp" 3960
"C:/Projects/ProjectPal/Content/Stylized_Nature_Set/Demo/Maps/Demo_Level.uexp" 3961
"C:/Projects/ProjectPal/Content/Stylized_Nature_Set/Demo/Maps/Demo_Level.umap" 3962
